epoch,n, train_loss, valid_loss
0,0, 414751.6837500000, 406319.7787500000,
0,1, 393684.4912500000, 355025.3325000000,
0,2, 367417.6150000000, 332558.6206250000,
0,3, 341217.9225000000, 256793.6356250000,
0,4, 314536.2962500000, 283210.7950000000,
1,0, 282063.1750000000, 245263.2050000000,
1,1, 257394.2562500000, 175143.4293750000,
1,2, 227776.7925000000, 204297.7356250000,
1,3, 203677.9412500000, 127236.7353125000,
1,4, 180408.2518750000, 131057.8325000000,
2,0, 159086.1803125000, 154536.8456250000,
2,1, 134632.9893750000, 78869.6028125000,
2,2, 113254.9134375000, 101657.9165625000,
2,3, 99065.4303125000, 79111.6439062500,
2,4, 84938.5823437500, 66125.6901562500,
3,0, 72879.1451562500, 53569.9004687500,
3,1, 61521.8757812500, 50813.4806250000,
3,2, 52866.1192187500, 42389.1162500000,
3,3, 45769.1150000000, 42417.9814062500,
3,4, 40585.4888281250, 31167.0429687500,
4,0, 36468.9164062500, 39876.2967968750,
4,1, 31648.5600781250, 30943.9509375000,
4,2, 28653.9850781250, 27336.2483203125,
4,3, 25953.9332031250, 22827.9406250000,
4,4, 24128.8382812500, 22150.2813281250,
5,0, 22131.8477343750, 27031.6243750000,
5,1, 20751.0658593750, 18170.2445312500,
5,2, 18598.5507031250, 22610.8379687500,
5,3, 16718.1138671875, 17000.3538671875,
5,4, 15101.0586718750, 16757.1561328125,
6,0, 13681.9575000000, 13635.9344140625,
6,1, 11843.7966796875, 11224.4818164063,
6,2, 10633.4854492187, 9918.3690234375,
6,3, 9665.5493359375, 7939.2242382813,
6,4, 8586.5224414063, 9782.5749218750,
7,0, 7701.6347851562, 7391.2189843750,
7,1, 7402.0850000000, 18962.2603515625,
7,2, 7051.2464453125, 6811.4347851562,
7,3, 6965.1866796875, 13704.3705859375,
7,4, 6669.4359765625, 6919.6037500000,
8,0, 5963.0661132813, 6075.9683300781,
8,1, 5916.4939648438, 7426.5610156250,
8,2, 5919.9842968750, 4404.9083691406,
8,3, 5701.8346679688, 5189.0384667969,
8,4, 5275.8990039063, 8214.3533398438,
9,0, 4641.8248925781, 5427.0828417969,
9,1, 4209.8557910156, 8723.4356054688,
9,2, 3693.6497949219, 4410.6593359375,
9,3, 3649.3267187500, 5336.9998242188,
9,4, 3548.7878222656, 4044.5443847656,
10,0, 3556.1274511719, 3647.1419921875,
10,1, 3236.9436132812, 5706.1187695313,
10,2, 3218.1359863281, 5237.6181835937,
10,3, 3203.2455078125, 3059.0365332031,
10,4, 2964.7283886719, 4899.8854296875,
11,0, 3158.8998632812, 3483.9325390625,
11,1, 2886.5002929687, 2305.0981640625,
11,2, 2629.1739697266, 2170.7378320313,
11,3, 2704.6856542969, 2349.2899658203,
11,4, 2730.6940625000, 3860.3067089844,
12,0, 2530.5131250000, 2557.1082714844,
12,1, 2838.8276074219, 3307.9055517578,
12,2, 2415.0665039063, 2415.1827490234,
12,3, 2717.3513720703, 1891.9894189453,
12,4, 2199.0024072266, 3379.5651220703,
13,0, 2539.2350000000, 2524.7507568359,
13,1, 2250.8665966797, 4346.5311914063,
13,2, 2358.8700292969, 3112.5541699219,
13,3, 2150.4384472656, 3351.3027832031,
13,4, 2055.4008203125, 1504.5206298828,
14,0, 2178.6104589844, 1442.7040722656,
14,1, 2084.8096972656, 1856.8592431641,
14,2, 2012.2698876953, 2776.8330224609,
14,3, 2206.6868212891, 4409.0822558594,
14,4, 2179.9940869141, 2135.1562500000,
15,0, 1982.3911328125, 3218.3027148437,
15,1, 2176.6481396484, 1374.3118017578,
15,2, 1944.8233593750, 1398.5922094727,
15,3, 2031.0659570313, 3289.2463671875,
15,4, 1834.5904711914, 4088.1446582031,
16,0, 1874.4113525391, 1907.3367041016,
16,1, 1887.3704394531, 5598.1659570313,
16,2, 1875.0101806641, 1781.0856787109,
16,3, 1909.4514990234, 1167.8894873047,
16,4, 2288.7093066406, 5277.6430273437,
17,0, 2078.1795117187, 3174.8142871094,
17,1, 1751.0594018555, 1668.0579345703,
17,2, 1768.1027246094, 1716.9147167969,
17,3, 1841.3917333984, 2244.1751318359,
17,4, 1560.1299755859, 2739.9542968750,
18,0, 1511.6288964844, 1403.5763989258,
18,1, 1787.4600317383, 1585.4941455078,
18,2, 1670.8602709961, 3339.5415185547,
18,3, 1679.7676782227, 1288.8085864258,
18,4, 1853.2534033203, 1881.7893701172,
19,0, 1734.0332031250, 2313.8201269531,
19,1, 1669.2748852539, 1773.2844775391,
19,2, 1520.6302075195, 2787.3285253906,
19,3, 1744.9980761719, 1739.4679443359,
19,4, 1523.4967895508, 1874.8174169922,
20,0, 1487.3420361328, 1406.7434765625,
20,1, 1383.4654272461, 1204.0112280273,
20,2, 1448.6029223633, 2270.5528320313,
20,3, 1728.3741357422, 1581.7138818359,
20,4, 1454.3758105469, 1431.7593554688,
21,0, 1366.1436108398, 1943.9995751953,
21,1, 1812.3496386719, 2437.0719091797,
21,2, 1482.1215869141, 1475.0778906250,
21,3, 1460.0545361328, 1635.8919677734,
21,4, 1382.2104077148, 1591.2953271484,
22,0, 1375.0996850586, 893.3367773437,
22,1, 1307.8053247070, 2238.6035156250,
22,2, 1370.7129980469, 1601.4019384766,
22,3, 1517.0898242187, 2361.4855712891,
22,4, 1512.1831298828, 950.0302099609,
23,0, 1517.2507373047, 1496.3038452148,
23,1, 1381.9191210937, 1901.4240234375,
23,2, 1317.3021289062, 1288.9328588867,
23,3, 1376.6912768555, 1334.3310180664,
23,4, 1402.7167626953, 2571.9194873047,
24,0, 1488.2819946289, 2009.8980078125,
24,1, 1354.0065917969, 2128.8589404297,
24,2, 1323.4903588867, 4059.7769824219,
24,3, 1378.9128588867, 1950.3638574219,
24,4, 1337.9949633789, 3156.0746679687,
25,0, 1249.5016528320, 895.7293884277,
25,1, 1175.7995825195, 1720.8615283203,
25,2, 1368.0772436523, 1090.6066601562,
25,3, 1478.5638696289, 984.2087524414,
25,4, 1358.2433007812, 1245.6872216797,
26,0, 1215.5786376953, 916.4109936523,
26,1, 1537.8368432617, 1186.0424780273,
26,2, 1210.8560327148, 1018.1378369141,
26,3, 1157.3559985352, 670.2967700195,
26,4, 1364.4228002930, 2398.0404003906,
27,0, 1225.4319824219, 2148.6792675781,
27,1, 1547.7754443359, 2269.0699902344,
27,2, 994.5224340820, 1233.1626782227,
27,3, 1156.6324145508, 993.5745385742,
27,4, 1157.2420776367, 1824.3738867188,
28,0, 925.8529418945, 736.8727539062,
28,1, 1008.7580114746, 1102.0617114258,
28,2, 983.4454687500, 1596.3175781250,
28,3, 1257.6850146484, 877.5636352539,
28,4, 1326.3176049805, 893.8514599609,
29,0, 1188.7285009766, 1187.2394335937,
29,1, 918.7610937500, 759.6157666016,
29,2, 1214.8266894531, 3385.5337109375,
29,3, 1038.1989086914, 1410.6584155273,
29,4, 1041.2860839844, 1223.5993408203,
30,0, 1006.5199719238, 652.5712451172,
30,1, 1124.8804125977, 2538.6417138672,
30,2, 1187.3895410156, 1499.0608642578,
30,3, 1233.8574536133, 1531.8001342773,
30,4, 1055.5499462891, 718.6740698242,
31,0, 1080.2254357910, 622.0357226562,
31,1, 1099.2915112305, 629.5748583984,
31,2, 937.6264343262, 924.2423730469,
31,3, 1207.3012561035, 596.3115661621,
31,4, 831.6738146973, 821.0024633789,
32,0, 970.6288586426, 772.9643212891,
32,1, 968.1187280273, 1065.5849780273,
32,2, 815.1332177734, 1265.2811523437,
32,3, 1095.6547924805, 969.6205615234,
32,4, 1038.0785754395, 839.5786010742,
33,0, 1083.5923095703, 1677.0760717773,
33,1, 1082.2953845215, 1330.1598632812,
33,2, 910.4441210938, 917.5756250000,
33,3, 1079.0603479004, 788.4663256836,
33,4, 1074.3497790527, 2526.3709912109,
34,0, 881.1082849121, 602.4715881348,
34,1, 915.2007788086, 863.9231591797,
34,2, 927.6139440918, 1018.9861376953,
34,3, 1059.1217321777, 810.0621093750,
34,4, 794.0888940430, 455.8591918945,
35,0, 1020.4541784668, 1474.7460644531,
35,1, 800.5470117188, 480.8207006836,
35,2, 1082.2118920898, 2359.9047216797,
35,3, 835.6244531250, 865.7051977539,
35,4, 943.9518945312, 1035.3677612305,
36,0, 819.2378002930, 662.0137414551,
36,1, 868.9173266602, 826.4714013672,
36,2, 831.6698645020, 728.7768054199,
36,3, 857.6653039551, 1311.3757666016,
36,4, 762.0973278809, 1093.7571630859,
37,0, 786.7894482422, 857.4700122070,
37,1, 846.8252050781, 416.8661035156,
37,2, 848.3287805176, 481.1252679443,
37,3, 838.4203112793, 2164.9542480469,
37,4, 1111.7165527344, 474.3332666016,
38,0, 778.0717004395, 987.2869311523,
38,1, 889.5927441406, 373.0542480469,
38,2, 681.8658544922, 405.1812561035,
38,3, 756.5572900391, 2414.0890673828,
38,4, 715.8117224121, 550.9717333984,
39,0, 820.0783374023, 1031.6792114258,
39,1, 818.3803613281, 1452.9175634766,
39,2, 852.4353588867, 1317.6089746094,
39,3, 865.6047387695, 1908.7439453125,
39,4, 658.1780261230, 652.2076342773,
40,0, 801.6175903320, 2258.4909228516,
40,1, 762.1703698730, 432.0161914063,
40,2, 738.2475146484, 377.6840350342,
40,3, 768.2230590820, 899.9962597656,
40,4, 676.1997326660, 847.8499365234,
41,0, 651.7819970703, 366.4461706543,
41,1, 753.3527087402, 538.3248730469,
41,2, 745.5836242676, 953.8608325195,
41,3, 721.0718786621, 626.9280847168,
41,4, 821.0488085937, 1459.6535668945,
42,0, 800.3165112305, 582.6250366211,
42,1, 811.5107104492, 616.3546679688,
42,2, 739.1553271484, 532.5819677734,
42,3, 786.7380798340, 753.0090844727,
42,4, 693.2710791016, 472.5632434082,
43,0, 711.9833679199, 1061.6777563477,
43,1, 680.4496838379, 2111.9889306641,
43,2, 1032.7565795898, 545.8704760742,
43,3, 723.4842468262, 464.7770520020,
43,4, 773.8507055664, 590.0919165039,
44,0, 579.1586926270, 325.6245275879,
44,1, 851.8712255859, 1524.4698828125,
44,2, 784.0838671875, 365.6109252930,
44,3, 858.9699902344, 461.6489965820,
44,4, 670.4211474609, 343.3971057129,
45,0, 640.9393847656, 1086.2029516602,
45,1, 775.9798730469, 287.2638146973,
45,2, 597.6710192871, 264.3629998779,
45,3, 750.5737060547, 685.2334045410,
45,4, 810.2821484375, 2980.7392187500,
46,0, 708.4009936523, 976.1110522461,
46,1, 745.3843774414, 3170.2448925781,
46,2, 798.7891406250, 1927.9924169922,
46,3, 749.1343200684, 1637.8128906250,
46,4, 768.6922302246, 319.4380200195,
47,0, 638.5966357422, 652.8481188965,
47,1, 781.7788366699, 434.6853857422,
47,2, 954.3644250488, 1479.7471899414,
47,3, 645.8462945557, 1596.1762158203,
47,4, 531.3642974854, 283.8893750000,
48,0, 617.7572326660, 272.2425848389,
48,1, 633.1723730469, 1243.0035253906,
48,2, 796.4382952881, 508.5665380859,
48,3, 643.5014782715, 403.4132159424,
48,4, 547.0167285156, 588.8219262695,
49,0, 651.9263049316, 864.9309912109,
49,1, 671.8690136719, 606.1308679199,
49,2, 694.9176342773, 370.7956384277,
49,3, 595.4097753906, 328.9786798096,
49,4, 576.8647827148, 463.1024914551,
50,0, 459.2794226074, 191.1135266113,
50,1, 577.7973742676, 1908.7760253906,
50,2, 637.8358331299, 310.3156933594,
50,3, 509.2250378418, 1024.9190966797,
50,4, 520.1173004150, 476.6660314941,
51,0, 550.8954071045, 295.3432482910,
51,1, 469.1147216797, 483.7934448242,
51,2, 506.7206854248, 806.5425927734,
51,3, 722.3811718750, 1240.8174291992,
51,4, 597.1898034668, 449.5547497559,
52,0, 594.4764056396, 484.9896447754,
52,1, 540.7157946777, 383.3553735352,
52,2, 545.7935351562, 757.6600073242,
52,3, 633.6376477051, 544.4006262207,
52,4, 484.3304479980, 308.3221997070,
53,0, 668.5609484863, 166.7596859741,
53,1, 700.0307360840, 956.8419213867,
53,2, 549.0637561035, 436.4845739746,
53,3, 591.6566308594, 471.0229235840,
53,4, 563.9393383789, 792.8766674805,
54,0, 502.6020129395, 414.3211083984,
54,1, 496.5440753174, 537.2064233398,
54,2, 441.9614233398, 530.5343078613,
54,3, 495.4638470459, 218.0081829834,
54,4, 608.3178906250, 360.1802478027,
55,0, 498.6197833252, 681.6815380859,
55,1, 473.2702014160, 420.9553967285,
55,2, 541.1156518555, 544.3709313965,
55,3, 705.4864819336, 309.2620697021,
55,4, 502.4869378662, 567.3216003418,
56,0, 627.5221746826, 324.0531292725,
56,1, 680.3410052490, 504.9432141113,
56,2, 657.6281689453, 1067.5261230469,
56,3, 455.4200976562, 187.7219641113,
56,4, 484.4792059326, 237.0384002686,
57,0, 675.1275341797, 1048.0435034180,
57,1, 498.6263793945, 504.0816516113,
57,2, 408.0180395508, 225.1643011475,
57,3, 497.1609674072, 275.2434094238,
57,4, 369.3216278076, 851.6651928711,
58,0, 487.0486157227, 1259.1516479492,
58,1, 484.5259460449, 1090.5430371094,
58,2, 615.6635705566, 1577.9540478516,
58,3, 568.9518835449, 1171.2749633789,
58,4, 424.5267327881, 370.4636132812,
59,0, 516.4175695801, 460.9918872070,
59,1, 763.6820104980, 852.7874169922,
59,2, 573.1875073242, 1123.1379223633,
59,3, 490.2127050781, 262.2118914795,
59,4, 505.0243035889, 248.2919091797,
60,0, 411.5483905029, 1743.3269091797,
60,1, 443.1878778076, 195.8298138428,
60,2, 549.5518176270, 396.9849652100,
60,3, 466.0473004150, 386.9132690430,
60,4, 563.8526794434, 746.1317407227,
61,0, 559.7068988037, 1272.6271459961,
61,1, 679.3838708496, 2046.0784277344,
61,2, 483.5293121338, 1092.5647729492,
61,3, 472.2152844238, 206.5499511719,
61,4, 493.6491760254, 316.7892578125,
62,0, 488.0903918457, 177.2338055420,
62,1, 377.3203631592, 177.0115838623,
62,2, 352.9335705566, 290.6001873779,
62,3, 356.3226525879, 300.7026019287,
62,4, 362.9586895752, 1122.2728222656,
63,0, 337.9848297119, 133.9719219971,
63,1, 433.4875186157, 2590.1662304688,
63,2, 482.2151812744, 337.4416290283,
63,3, 371.2221765137, 716.2555932617,
63,4, 348.4862667847, 417.0831103516,
64,0, 435.9914892578, 301.8648461914,
64,1, 474.9665490723, 1820.7574755859,
64,2, 352.3314526367, 312.9811047363,
64,3, 362.1759100342, 188.2741040039,
64,4, 509.8940911865, 1184.0681298828,
65,0, 396.0687298584, 356.7263964844,
65,1, 406.3916119385, 229.3836944580,
65,2, 432.6871087646, 1389.7316552734,
65,3, 464.9906451416, 168.3244894409,
65,4, 361.5288037109, 910.7658349609,
66,0, 431.9052752686, 180.8737487793,
66,1, 381.8960131836, 195.2044244385,
66,2, 366.6392462158, 948.1071948242,
66,3, 355.5533062744, 185.6928051758,
66,4, 408.0547003174, 849.0600781250,
67,0, 542.7889916992, 480.2392272949,
67,1, 409.2053393555, 348.4535119629,
67,2, 484.2625146484, 352.0816326904,
67,3, 377.4412646484, 354.9581091309,
67,4, 414.2432507324, 222.4429394531,
68,0, 391.3724285889, 354.3585925293,
68,1, 394.9512225342, 1140.4276074219,
68,2, 381.7794647217, 117.1269897461,
68,3, 330.5241973877, 2253.9592041016,
68,4, 445.9757397461, 168.5224832153,
69,0, 319.7016546631, 288.4296411133,
69,1, 387.5675509644, 151.7157418823,
69,2, 306.0621923828, 680.5120104980,
69,3, 394.2520996094, 916.4078149414,
69,4, 361.3639544678, 160.9454730225,
70,0, 456.9305139160, 334.2103991699,
70,1, 426.9407971191, 122.0672665405,
70,2, 496.7027276611, 204.6118017578,
70,3, 387.8349291992, 578.9747131348,
70,4, 481.1221453857, 1639.9984033203,
71,0, 381.1633251953, 169.0189447021,
71,1, 341.6931002808, 156.8158517456,
71,2, 538.2214990234, 868.2699707031,
71,3, 555.7391064453, 1972.2230419922,
71,4, 456.6649060059, 242.2022259521,
72,0, 366.3924511719, 402.9329919434,
72,1, 336.3242187500, 278.7431091309,
72,2, 370.9605130005, 487.8369995117,
72,3, 380.9467102051, 845.2680834961,
72,4, 410.7443731689, 487.5877050781,
73,0, 299.7878320312, 124.8311511230,
73,1, 271.2522131348, 145.6857766724,
73,2, 300.2994903564, 164.2322930908,
73,3, 346.6278097534, 217.0480737305,
73,4, 428.4408929443, 289.3096441650,
74,0, 369.0352276611, 514.0102966309,
74,1, 316.3860314941, 223.9764562988,
74,2, 429.8552001953, 927.4668701172,
74,3, 367.7429583740, 166.4903540039,
74,4, 315.9852319336, 140.1476263428,
75,0, 277.5768136597, 169.2823553467,
75,1, 394.9962292480, 378.5476708984,
75,2, 433.9928302002, 263.0532507324,
75,3, 479.8628607178, 324.9386614990,
75,4, 378.1976843262, 247.5386212158,
76,0, 307.0995025635, 202.4412121582,
76,1, 369.4224310303, 158.5539801025,
76,2, 306.9708181763, 1732.5724951172,
76,3, 377.4997930908, 275.3393444824,
76,4, 340.8465850830, 281.1922204590,
77,0, 278.4498171997, 133.2945236206,
77,1, 335.6052435303, 82.5270930481,
77,2, 248.5014971924, 161.3743621826,
77,3, 295.6550811768, 1159.0642993164,
77,4, 335.9117504883, 202.6585894775,
78,0, 282.8041244507, 360.3101318359,
78,1, 289.2184216309, 211.7966510010,
78,2, 501.6722076416, 278.3737835693,
78,3, 422.8547821045, 196.6051318359,
78,4, 457.4093988037, 1181.8697729492,
79,0, 408.0630664063, 208.8332073975,
79,1, 297.1090014648, 162.5951358032,
79,2, 265.7083203125, 132.3684362793,
79,3, 276.1561596680, 291.4252850342,
79,4, 356.4459008789, 1081.2626635742,
80,0, 404.0151159668, 639.1421679687,
80,1, 372.2495483398, 162.9804681396,
80,2, 359.1681085205, 202.2660028076,
80,3, 335.9976983643, 382.5949291992,
80,4, 336.2829791260, 470.5028674316,
81,0, 423.7869433594, 687.1110009766,
81,1, 304.8155163574, 207.5368005371,
81,2, 311.5541729736, 190.4262631226,
81,3, 257.8768624878, 319.4461920166,
81,4, 387.2569723511, 183.8891168213,
82,0, 285.0586614990, 826.1566918945,
82,1, 291.8649725342, 472.4011132812,
82,2, 280.6064535522, 319.3540643311,
82,3, 211.0451361084, 74.9163407898,
82,4, 264.1153604126, 1116.0385205078,
83,0, 362.0662542725, 1128.8144091797,
83,1, 294.7474371338, 158.3131729126,
83,2, 294.7853942871, 2219.3978222656,
83,3, 415.3100610352, 726.2345703125,
83,4, 441.5154901123, 457.1326611328,
84,0, 309.1584790039, 128.9420126343,
84,1, 308.1203460693, 522.6420446777,
84,2, 338.4674450684, 99.8081347656,
84,3, 291.6835879517, 118.2926879883,
84,4, 263.9887573242, 640.5156591797,
85,0, 254.2104144287, 147.2832983398,
85,1, 294.7859661865, 149.3134915161,
85,2, 350.4221490479, 123.7663888550,
85,3, 319.2498959351, 275.1268243408,
85,4, 318.5206195068, 196.6234790039,
86,0, 314.9027770996, 286.1617602539,
86,1, 312.4642092896, 234.2203686523,
86,2, 289.6011459351, 194.8914697266,
86,3, 290.2950567627, 446.6885083008,
86,4, 276.3118414307, 170.9912091064,
87,0, 305.0019500732, 543.5047753906,
87,1, 287.3807156372, 613.5356250000,
87,2, 325.3328067017, 111.1161206055,
87,3, 308.1202661133, 545.9496948242,
87,4, 298.1674890137, 407.0752844238,
88,0, 298.7558645630, 232.1227355957,
88,1, 313.8317068481, 155.1109152222,
88,2, 356.2422290039, 331.9947277832,
88,3, 257.7628948975, 482.4484167480,
88,4, 234.0319216919, 935.9901147461,
89,0, 387.1036935425, 204.0257885742,
89,1, 367.7630831909, 183.7170614624,
89,2, 272.7999874878, 545.8637902832,
89,3, 278.5151928711, 398.4909075928,
89,4, 311.8605007935, 666.6441101074,
90,0, 340.8064276123, 206.4485052490,
90,1, 290.2836602783, 134.7051568604,
90,2, 281.3601776123, 172.6647229004,
90,3, 306.9870391846, 110.8479925537,
90,4, 320.2954153442, 459.4553625488,
91,0, 255.6122302246, 598.4996716309,
91,1, 209.6270404053, 438.9620959473,
91,2, 248.6406851196, 241.3183892822,
91,3, 224.6370837402, 182.0951379395,
91,4, 252.6738937378, 522.9153662109,
92,0, 224.7927853394, 140.5442282104,
92,1, 337.0685824585, 233.9328436279,
92,2, 357.9105407715, 448.9184521484,
92,3, 223.1126739502, 103.9342572021,
92,4, 215.5131579590, 168.1273416138,
93,0, 300.3984533691, 112.8401663208,
93,1, 275.0021627808, 94.6718307495,
93,2, 239.7095425415, 481.2034020996,
93,3, 192.8377969360, 151.5978573608,
93,4, 210.3583624268, 110.3438626099,
94,0, 241.9721618652, 187.2967431641,
94,1, 398.5772912598, 267.6530993652,
94,2, 266.1409561157, 332.4207818604,
94,3, 297.1970620728, 89.4894400024,
94,4, 251.3669461060, 192.5988128662,
95,0, 245.1179336548, 94.0054075623,
95,1, 202.5530691528, 643.6340075684,
95,2, 276.5450131226, 474.5585009766,
95,3, 239.2774554443, 171.1336535645,
95,4, 232.3057443237, 190.0602093506,
96,0, 232.6206857300, 240.1109887695,
96,1, 257.0426351929, 169.4451321411,
96,2, 247.2834960937, 701.9876782227,
96,3, 290.2204412842, 264.0384997559,
96,4, 266.9857888794, 264.9245709229,
97,0, 291.0245596313, 86.4915467834,
97,1, 211.6334732056, 90.2978318787,
97,2, 220.3412408447, 154.2209475708,
97,3, 220.5401055908, 362.1548980713,
97,4, 272.3145346069, 270.1821807861,
98,0, 196.1908236694, 206.5731188965,
98,1, 237.4295739746, 243.6232568359,
98,2, 202.0698626709, 78.4190780640,
98,3, 257.8485198975, 251.5181677246,
98,4, 251.2439089966, 111.7896066284,
99,0, 302.7654666138, 386.4425756836,
99,1, 441.3780633545, 134.9121267700,
99,2, 290.8679394531, 129.9093414307,
99,3, 368.3812808228, 177.0650930786,
99,4, 335.2761724854, 196.1141235352,
100,0, 222.0542587280, 85.0157612610,
100,1, 155.1830491638, 71.8539617920,
100,2, 245.6126119995, 111.3639367676,
100,3, 230.1665420532, 367.5032885742,
100,4, 262.0541857910, 122.0682800293,
101,0, 217.7596090698, 98.3330679321,
101,1, 230.7678015137, 114.0039877319,
101,2, 204.2836642456, 55.3936334229,
101,3, 233.1548059082, 407.1291699219,
101,4, 205.5358309937, 227.1339971924,
102,0, 213.9822024536, 54.0725808716,
102,1, 197.3208621216, 101.8343301392,
102,2, 261.3257171631, 125.1480526733,
102,3, 211.5629965210, 484.1976684570,
102,4, 205.0822436523, 197.2156491089,
103,0, 228.9439471436, 165.9112881470,
103,1, 168.7138647461, 159.3328775024,
103,2, 237.2226705933, 682.4315930176,
103,3, 230.6357287598, 67.0667626953,
103,4, 166.7466046143, 81.6556843567,
104,0, 195.1385440063, 110.7771664429,
104,1, 256.0811013794, 62.8395732117,
104,2, 255.7338696289, 717.4453784180,
104,3, 216.5181484985, 252.2146966553,
104,4, 158.4010595703, 121.7722763062,
105,0, 204.8902603149, 104.0921279907,
105,1, 209.3606649780, 486.4157080078,
105,2, 191.3637298584, 200.9436584473,
105,3, 199.5261016846, 152.8305035400,
105,4, 187.4816061401, 80.8085833740,
106,0, 245.6932000732, 110.0507675171,
106,1, 215.3214855957, 72.5155790710,
106,2, 196.2831517029, 219.0942761230,
106,3, 287.6058001709, 346.7295904541,
106,4, 223.6191192627, 104.5025161743,
107,0, 213.3992764282, 125.3036578369,
107,1, 218.6825860596, 160.1400695801,
107,2, 230.3682876587, 203.9822436523,
107,3, 288.4581088257, 296.7760308838,
107,4, 220.2899340820, 135.9217614746,
108,0, 200.6405117798, 421.2129138184,
108,1, 236.3869415283, 117.5435836792,
108,2, 197.2871798706, 204.2387304687,
108,3, 194.1112417603, 118.1093222046,
108,4, 219.3921485901, 210.2360992432,
109,0, 218.8716921997, 302.1857965088,
109,1, 184.1142062378, 92.5519606018,
109,2, 180.4495021057, 65.9899470520,
109,3, 307.8184344482, 592.7682678223,
109,4, 243.6451513672, 194.9993530273,
110,0, 251.5300698853, 152.3372683716,
110,1, 158.1721405029, 194.5492346191,
110,2, 127.8334242249, 206.0218542480,
110,3, 155.7783221436, 100.0075097656,
110,4, 157.7973684692, 93.4322793579,
111,0, 254.7888180542, 102.5845040894,
111,1, 241.3546502686, 98.6445030212,
111,2, 267.3746435547, 439.1889416504,
111,3, 218.1688391113, 254.1340667725,
111,4, 229.1264566040, 98.9152363586,
112,0, 212.6787911987, 201.6697808838,
112,1, 134.9351425171, 78.9744108582,
112,2, 249.6041128540, 189.2530102539,
112,3, 259.5587823486, 151.6730548096,
112,4, 185.8685940552, 130.2316806030,
113,0, 217.9770452881, 108.5018182373,
113,1, 153.9006704712, 220.1183282471,
113,2, 161.9873707581, 294.0207116699,
113,3, 204.2583792114, 138.8988031006,
113,4, 163.5980149841, 161.7925848389,
114,0, 158.9459358215, 73.7011430359,
114,1, 185.9087359619, 221.7116845703,
114,2, 164.7843988037, 90.5377835083,
114,3, 202.1211361694, 57.7675000000,
114,4, 217.5366952515, 135.0609552002,
115,0, 215.5906674194, 98.1061801147,
115,1, 279.1429995728, 255.3329589844,
115,2, 227.0509774780, 225.0806103516,
115,3, 151.5102334595, 60.7965982056,
115,4, 199.7766470337, 188.8733453369,
116,0, 192.7841616821, 103.6712536621,
116,1, 172.5629080200, 339.7622399902,
116,2, 197.9259716797, 585.0653137207,
116,3, 180.5756248474, 103.2243933105,
116,4, 171.4254095459, 108.5519683838,
117,0, 151.8821673584, 147.9838656616,
117,1, 185.4848493958, 387.3732531738,
117,2, 246.7008267212, 91.7330409241,
117,3, 252.9596093750, 755.7904553223,
117,4, 176.5729080200, 149.6125311279,
118,0, 146.3781521606, 113.2403649902,
118,1, 223.3828668213, 125.0561351013,
118,2, 164.9255322266, 155.9607885742,
118,3, 171.3365661621, 178.7080120850,
118,4, 160.3887390137, 87.8306205750,
119,0, 184.8754617310, 253.6633776855,
119,1, 153.1214106750, 354.7520727539,
119,2, 182.7342370605, 2337.9696533203,
119,3, 172.5089144897, 68.4690409851,
119,4, 155.0023710632, 70.1157975769,
120,0, 139.7093688965, 96.1772717285,
120,1, 169.9690409851, 152.8703347778,
120,2, 174.4119845581, 119.3905664063,
120,3, 144.4125573730, 76.7016468811,
120,4, 173.4876165771, 134.8640921021,
121,0, 137.6505056763, 653.4272692871,
121,1, 188.0323403931, 198.9674987793,
121,2, 140.5753767395, 133.7851388550,
121,3, 197.2810586548, 135.1878282166,
121,4, 183.5825831604, 148.4949932861,
122,0, 220.8367105103, 103.2931948853,
122,1, 172.7906054687, 68.3316317749,
122,2, 176.7663815308, 85.8028123474,
122,3, 159.6722665405, 49.4055850220,
122,4, 157.1135559082, 257.9289910889,
123,0, 176.0172595215, 244.4463256836,
123,1, 138.2469956970, 38.9632552338,
123,2, 139.1447454834, 37.6245952606,
123,3, 116.5598037720, 39.3252004242,
123,4, 137.7497717285, 219.3915655518,
124,0, 158.5986499023, 85.0081477356,
124,1, 137.6259197998, 175.2619805908,
124,2, 146.1312617493, 220.0540649414,
124,3, 178.0032623291, 705.2060449219,
124,4, 167.5923690796, 170.9441220093,
125,0, 181.0384378052, 119.2213647461,
125,1, 178.8533602905, 129.3791659546,
125,2, 193.0611282349, 99.7885421753,
125,3, 169.1556201172, 83.1511381531,
125,4, 161.4373051453, 127.6170019531,
126,0, 154.7615924072, 343.3984191895,
126,1, 128.9991732788, 67.6754350281,
126,2, 193.0074150085, 107.6465898132,
126,3, 198.5904521179, 413.4682635498,
126,4, 180.4191168213, 110.8490655518,
127,0, 162.2725985718, 347.2369384766,
127,1, 208.4297695923, 81.6176162720,
127,2, 157.0321632385, 83.9942417908,
127,3, 218.8658404541, 160.3079846191,
127,4, 211.9916696167, 148.4955926514,
128,0, 163.3377911377, 246.8062213135,
128,1, 196.4504898071, 75.7628852844,
128,2, 203.2123605347, 83.5760655212,
128,3, 158.5775071716, 132.0016375732,
128,4, 130.8305393982, 93.9540545654,
129,0, 141.2968685913, 154.1979226685,
129,1, 195.0551196289, 92.1641265869,
129,2, 140.1696740723, 66.8271835327,
129,3, 134.4379112244, 303.0093048096,
129,4, 134.2995304871, 426.9293151855,
130,0, 194.9974792480, 105.0173767090,
130,1, 161.3425384521, 264.0027600098,
130,2, 139.4335311890, 100.7980383301,
130,3, 119.9874311829, 91.6228219604,
130,4, 130.0730007935, 124.4888693237,
131,0, 165.7316477966, 213.0203210449,
131,1, 153.0669436646, 106.7256280518,
131,2, 142.0056004333, 238.9368731689,
131,3, 122.7380163574, 143.2979751587,
131,4, 132.0427001953, 40.5760326385,
132,0, 153.3190496826, 392.2174548340,
132,1, 159.7995736694, 61.1222126770,
132,2, 146.8379692078, 212.7474920654,
132,3, 163.4217248535, 375.9003997803,
132,4, 195.8952362061, 48.8542752075,
133,0, 195.9649285889, 102.2615924072,
133,1, 178.8549554443, 81.7261795044,
133,2, 209.8358590698, 57.7877693176,
133,3, 130.3311265564, 39.7882456207,
133,4, 108.4897183228, 195.9531506348,
134,0, 138.8104107666, 254.7644451904,
134,1, 127.6210334778, 103.6666271973,
134,2, 204.7074676514, 391.9929699707,
134,3, 176.1557708740, 78.7691403198,
134,4, 118.7823336792, 83.7604003906,
135,0, 117.1486935425, 44.8198596191,
135,1, 115.9421716309, 210.1742523193,
135,2, 134.3455380249, 84.7010247803,
135,3, 156.7371131897, 87.6810575867,
135,4, 203.7969042969, 62.7015496826,
136,0, 132.4151316833, 89.4830409241,
136,1, 178.5231132507, 57.1037958527,
136,2, 163.5828594971, 174.9096575928,
136,3, 164.1296022034, 365.1486767578,
136,4, 202.0387835693, 187.7808221436,
137,0, 182.9903613281, 110.3610653687,
137,1, 128.4990910339, 55.2205380249,
137,2, 120.2534815979, 189.9942547607,
137,3, 118.5287792969, 58.1702717590,
137,4, 108.5882986450, 62.3486254883,
138,0, 235.5580677795, 744.0692163086,
138,1, 203.1447372437, 423.0606811523,
138,2, 160.9595700073, 57.0014157104,
138,3, 150.0216098022, 81.4903962708,
138,4, 131.9466535950, 183.2989569092,
139,0, 99.2318107605, 74.2600437927,
139,1, 134.4063153076, 374.9056604004,
139,2, 136.4469390869, 52.2249497986,
139,3, 171.0267324829, 759.6866455078,
139,4, 130.5630871582, 48.3429412842,
140,0, 116.0092837524, 33.4611351013,
140,1, 98.3049006653, 128.4286691284,
140,2, 129.5289065552, 255.5086163330,
140,3, 147.8543327332, 233.0077825928,
140,4, 164.1620663452, 169.6398107910,
141,0, 106.4560380554, 31.5220684052,
141,1, 121.1263238525, 450.1092260742,
141,2, 148.4457192993, 514.8329833984,
141,3, 159.4608697510, 78.5716360474,
141,4, 155.7472839355, 59.8709674072,
142,0, 186.1424819946, 46.8965718079,
142,1, 167.3120701599, 393.5268164063,
142,2, 157.2622239685, 158.3049032593,
142,3, 188.2881231689, 61.3983229065,
142,4, 120.8050756836, 50.3598034668,
143,0, 121.5172943115, 108.5535296631,
143,1, 134.9019163513, 41.3278612518,
143,2, 119.5757812500, 84.8923516846,
143,3, 98.0959478760, 317.2657537842,
143,4, 131.5189057922, 56.7827703857,
144,0, 135.5230279541, 74.5042546082,
144,1, 129.8945852661, 64.9713285828,
144,2, 112.8676353455, 41.8527395630,
144,3, 89.6592523193, 22.3247360611,
144,4, 109.9548309326, 219.0813543701,
145,0, 107.2959616089, 151.8524719238,
145,1, 134.2756204224, 51.2913575745,
145,2, 102.2192565918, 122.6023925781,
145,3, 131.9005999756, 44.5919068909,
145,4, 162.9063217163, 59.8324736023,
146,0, 128.1938743591, 91.5873167419,
146,1, 145.1521569824, 122.2537573242,
146,2, 101.6730590820, 95.3549487305,
146,3, 93.5821450806, 30.2798381805,
146,4, 132.3688235474, 182.0603118896,
147,0, 138.7166094971, 183.4443865967,
147,1, 89.3631158447, 144.9410983276,
147,2, 106.5748739624, 45.0962879944,
147,3, 136.7770919800, 273.4536791992,
147,4, 138.8300125122, 46.9577137756,
148,0, 140.7547671509, 149.8569351196,
148,1, 188.0421939087, 155.9063549805,
148,2, 145.8802908325, 146.4827917480,
148,3, 161.0718966675, 338.2734741211,
148,4, 151.5592298889, 64.9864205933,
149,0, 130.9867648315, 46.3675666809,
149,1, 123.4280596924, 233.2711437988,
149,2, 99.1834745789, 88.6003756714,
149,3, 122.4781717682, 80.7757231140,
149,4, 165.2161225891, 427.4212280273,
150,0, 145.1011570740, 59.3324301147,
150,1, 124.9501072693, 257.0508135986,
150,2, 117.1539241028, 164.0652459717,
150,3, 106.9042947388, 24.9177066803,
150,4, 95.2593394470, 76.1306698608,
151,0, 113.2142214966, 42.0737097931,
151,1, 88.7161788940, 63.5148594666,
151,2, 143.0942906189, 291.4382427979,
151,3, 117.9401144409, 151.8992123413,
151,4, 133.3092796326, 73.6102989197,
152,0, 120.5467021179, 77.6605541992,
152,1, 142.9749588013, 76.3605993652,
152,2, 125.9234138489, 232.2802593994,
152,3, 134.1706726074, 177.6036309814,
152,4, 141.1915342712, 49.7878515625,
153,0, 91.8807257080, 49.5934584045,
153,1, 125.7051885986, 63.5973887634,
153,2, 110.0810375977, 330.8199670410,
153,3, 120.2997082520, 122.8671759033,
153,4, 140.0459706116, 48.6514260864,
154,0, 108.1548191833, 38.5463111115,
154,1, 117.0062405396, 341.5692169189,
154,2, 117.7530603027, 30.9838482666,
154,3, 113.0353309631, 137.2250109863,
154,4, 91.5634884644, 43.9060745239,
155,0, 85.7832965088, 64.5282247925,
155,1, 97.4089135742, 181.7416601562,
155,2, 108.2752432251, 134.7273809814,
155,3, 91.0630258179, 105.4683663940,
155,4, 116.0600769043, 56.8700257874,
156,0, 127.8765345764, 381.3943249512,
156,1, 119.9180639648, 125.9447637939,
156,2, 149.2885548401, 191.7051806641,
156,3, 120.6651036072, 127.5101156616,
156,4, 97.5152532959, 110.2230151367,
157,0, 85.7831682587, 77.6343663025,
157,1, 77.7173027039, 28.7547483063,
157,2, 104.0307775879, 98.3431622314,
157,3, 129.7632875061, 288.3167901611,
157,4, 106.0745310974, 66.4033938599,
158,0, 126.6428208923, 37.3718544006,
158,1, 97.3777326965, 137.5722888184,
158,2, 110.2908537292, 473.1747741699,
158,3, 180.0965319824, 1042.1103100586,
158,4, 182.2290777588, 55.9339985657,
159,0, 116.0346426392, 64.3845454407,
159,1, 92.8226113892, 170.9079953003,
159,2, 89.1472010803, 92.4022512817,
159,3, 127.9137446594, 168.5907199097,
159,4, 101.8310124207, 66.3027905273,
160,0, 107.4672645569, 172.2223852539,
160,1, 80.1450772095, 29.2454696655,
160,2, 84.6548417664, 96.9344912720,
160,3, 95.7231154633, 54.2873837280,
160,4, 82.3458598328, 125.2256936646,
161,0, 90.9154626465, 116.6847625732,
161,1, 100.6981091309, 27.9849281311,
161,2, 117.9490699768, 66.6504663086,
161,3, 101.6110075378, 118.1633728027,
161,4, 90.2641291809, 79.1857589722,
162,0, 103.3257807922, 53.5012812805,
162,1, 107.0564695740, 141.9118795776,
162,2, 105.9163179016, 479.0015869141,
162,3, 125.6675741577, 129.5277188110,
162,4, 134.0195991516, 42.4638262939,
163,0, 108.3042372131, 114.7942092896,
163,1, 107.6007589722, 102.2541607666,
163,2, 97.7053242493, 154.4199768066,
163,3, 77.5042175293, 75.2001518250,
163,4, 80.6154252625, 30.5882917786,
164,0, 76.0023274231, 22.4875008011,
164,1, 86.8581703186, 125.1157934570,
164,2, 112.2567013550, 52.7538235474,
164,3, 77.0814579010, 48.5969985962,
164,4, 82.8418423462, 56.7910299683,
165,0, 88.3202485657, 50.9264280701,
165,1, 107.6137104797, 194.2512182617,
165,2, 100.8579170227, 26.8399120331,
165,3, 85.4813102722, 47.0574787140,
165,4, 115.7636956787, 287.7924987793,
166,0, 200.5439715576, 761.6433007812,
166,1, 125.1526051331, 168.5753005981,
166,2, 122.7836018372, 49.8330552673,
166,3, 103.2682093811, 31.9113830566,
166,4, 98.5054936218, 41.2003118134,
167,0, 104.2594519043, 61.7933837891,
167,1, 146.0767333984, 51.3958486938,
167,2, 122.4897758484, 60.7514572144,
167,3, 77.9346562195, 199.8058392334,
167,4, 91.5368844604, 27.1729280090,
168,0, 66.8924344635, 189.5110345459,
168,1, 107.4896078491, 221.6810589600,
168,2, 112.6021810913, 244.1927789307,
168,3, 153.9883129883, 54.4845899963,
168,4, 96.6417443848, 39.8617097473,
169,0, 112.0398556519, 25.5961327362,
169,1, 84.7149673462, 71.6071524048,
169,2, 89.3089826965, 247.5449682617,
169,3, 73.8293209839, 67.9023477173,
169,4, 78.9766596985, 230.6156640625,
170,0, 79.1657026672, 19.4368888474,
170,1, 150.9706611633, 114.1747735596,
170,2, 117.4620204163, 168.6841061401,
170,3, 92.2304707336, 130.7991955566,
170,4, 74.8031388855, 29.5801399994,
171,0, 82.2987417603, 233.7611993408,
171,1, 127.9453796387, 91.1535494995,
171,2, 134.2440850067, 97.0156681824,
171,3, 93.7398867798, 102.0807464600,
171,4, 119.1963407898, 67.9909750366,
172,0, 83.3969152069, 59.1281398010,
172,1, 98.2231057739, 86.0775350952,
172,2, 79.8952955627, 91.3605461121,
172,3, 70.0479470825, 35.6691423798,
172,4, 96.3401557159, 47.5799555206,
173,0, 84.0578705597, 57.2278903198,
173,1, 95.0433758545, 120.3271588135,
173,2, 83.2205789948, 36.5652864838,
173,3, 79.6518606567, 29.0757424927,
173,4, 74.1705126953, 243.4712969971,
174,0, 68.7211191559, 72.7796817017,
174,1, 95.7349595642, 167.8734704590,
174,2, 73.6947873688, 25.9117446899,
174,3, 82.8777735901, 254.7127355957,
174,4, 84.0248475647, 103.2285348511,
175,0, 110.2582441711, 62.2893177795,
175,1, 75.2585401917, 41.0557137299,
175,2, 113.9070695496, 43.7395144653,
175,3, 113.7164823914, 51.4046685791,
175,4, 93.8522589111, 56.7367362976,
176,0, 102.5228776550, 46.0018778992,
176,1, 100.1713938904, 138.0832492065,
176,2, 64.8051906586, 58.3761640930,
176,3, 100.2872012329, 63.4577099609,
176,4, 98.9878877258, 47.2201838684,
177,0, 85.6966993713, 40.9216210175,
177,1, 75.6281152344, 37.7569314575,
177,2, 59.2507771301, 89.8791622925,
177,3, 86.1888097382, 77.9091941833,
177,4, 86.8389459229, 41.2789755249,
178,0, 81.0538208008, 51.6604859924,
178,1, 86.1904983521, 71.1572737122,
178,2, 79.4431500244, 33.9629287720,
178,3, 128.4057939148, 255.2530249023,
178,4, 151.7999435425, 200.6047290039,
179,0, 123.3223715210, 76.8941323853,
179,1, 82.1958979797, 40.6633866882,
179,2, 97.9021054077, 46.4763133240,
179,3, 78.7898688507, 59.1961962891,
179,4, 75.9737518311, 94.6709024048,
180,0, 96.1703427887, 26.1634015656,
180,1, 83.7781790161, 39.6433122253,
180,2, 82.5594351196, 146.4528335571,
180,3, 96.6237937164, 220.6455865479,
180,4, 84.5717370605, 190.7261114502,
181,0, 81.6635369873, 28.0469196320,
181,1, 82.9301805115, 23.7192372131,
181,2, 75.8051220703, 156.9752523804,
181,3, 52.8833834076, 48.6325418854,
181,4, 55.3093000793, 19.4817927551,
182,0, 77.4080906677, 92.2876562500,
182,1, 85.6156398010, 36.5138417816,
182,2, 88.7461769867, 160.5640988159,
182,3, 92.0635423279, 191.9254632568,
182,4, 103.2159872437, 59.5684368896,
183,0, 95.4706861877, 146.3335308838,
183,1, 83.9427224731, 122.2644226074,
183,2, 87.2980798340, 63.9619158936,
183,3, 77.6311764526, 49.0904174805,
183,4, 62.9023616791, 46.3862556458,
184,0, 82.7271537781, 67.7818453979,
184,1, 98.0250157166, 191.1733380127,
184,2, 122.1269618225, 273.0345007324,
184,3, 88.7942678833, 61.6228462219,
184,4, 80.0410369873, 153.0761358643,
185,0, 73.5445755005, 55.9383631897,
185,1, 73.3001988220, 45.5910706329,
185,2, 82.4853652954, 55.5529109192,
185,3, 83.3270384216, 42.6611660767,
185,4, 97.5351872253, 228.5363159180,
186,0, 91.0915842438, 98.8199566650,
186,1, 91.4084085083, 120.6842843628,
186,2, 97.7436157227, 67.4831526184,
186,3, 93.9735292053, 126.0368954468,
186,4, 84.0487664795, 45.5962635803,
187,0, 96.7069142914, 53.1155014801,
187,1, 63.6213443756, 43.2569671631,
187,2, 74.0006024933, 110.8441772461,
187,3, 86.7743849182, 34.0734352112,
187,4, 62.7691674805, 32.9673194885,
188,0, 71.4892343903, 32.4905686188,
188,1, 91.0936851501, 90.9231361389,
188,2, 65.3765274048, 31.1771957397,
188,3, 69.2064817810, 94.4993499756,
188,4, 71.1771341705, 79.7107078552,
189,0, 68.8662373352, 45.3392588806,
189,1, 95.0863354492, 341.3482861328,
189,2, 141.4947000122, 122.0658050537,
189,3, 100.4440161133, 83.9227072144,
189,4, 97.4980798340, 144.3815533447,
190,0, 73.0238099670, 73.6813948059,
190,1, 117.0678666687, 212.0683923340,
190,2, 97.9149252319, 90.5879963684,
190,3, 87.8780912781, 65.7822830200,
190,4, 92.9962895203, 95.5270138550,
191,0, 103.5500762939, 56.0873359680,
191,1, 67.6402260590, 67.8928338623,
191,2, 74.1411545563, 19.9034437180,
191,3, 71.2141873932, 49.1836961365,
191,4, 73.9464984894, 40.0174250031,
192,0, 77.4546742249, 31.9844600677,
192,1, 79.7293163300, 64.3393121338,
192,2, 94.2688955688, 40.0676280975,
192,3, 90.4098594666, 64.2625889587,
192,4, 82.8662438965, 179.4983898926,
193,0, 87.7820634460, 36.0848937225,
193,1, 81.9064407349, 24.5646038818,
193,2, 93.7041262817, 51.9568428040,
193,3, 98.9586302185, 38.0024362183,
193,4, 73.3913119507, 25.3013240433,
194,0, 78.5528991699, 40.4257337952,
194,1, 92.1410882568, 37.1450220490,
194,2, 85.4939338684, 37.8338830566,
194,3, 90.8362933350, 47.9535133362,
194,4, 74.1784483337, 76.9939802551,
195,0, 72.1572543335, 47.9634832764,
195,1, 70.2970384216, 78.4691485596,
195,2, 60.3211027527, 39.1554146576,
195,3, 71.9787842560, 37.2422031403,
195,4, 69.4040060425, 53.3996955872,
196,0, 77.1022096252, 18.9483568954,
196,1, 70.7215699768, 61.9077883911,
196,2, 83.2057635498, 105.4565109253,
196,3, 68.3283335114, 192.5389184570,
196,4, 80.7755033875, 24.4493410110,
197,0, 51.0070491028, 49.8528280640,
197,1, 76.9866021729, 92.2654028320,
197,2, 66.9483606720, 122.0117196655,
197,3, 87.5724186707, 37.6565402985,
197,4, 69.0317637634, 30.4173977661,
198,0, 62.1959054565, 139.2759835815,
198,1, 100.1166716003, 40.0995543671,
198,2, 75.9864754486, 58.3772276306,
198,3, 61.5193789673, 130.6798303223,
198,4, 60.2763059235, 298.8253674316,
199,0, 72.7534521484, 50.0565290833,
199,1, 75.9650659943, 75.8689076233,
199,2, 89.6740005493, 56.6842791748,
199,3, 80.5163490295, 29.1462304688,
199,4, 76.3196723175, 86.2860887146,
200,0, 98.9504531860, 34.4441682434,
200,1, 63.3504383087, 33.6774335480,
200,2, 75.1831362915, 142.3255572510,
200,3, 67.7411666107, 23.2830906677,
200,4, 61.3222911072, 125.5064614868,
201,0, 67.5730850220, 26.9550014877,
201,1, 78.3726380920, 38.2279431915,
201,2, 70.1705538940, 118.4278002930,
201,3, 89.3087020111, 80.7861770630,
201,4, 84.8441499329, 58.9708081055,
202,0, 84.1577523804, 38.2468828583,
202,1, 64.4760875702, 174.1840032959,
202,2, 68.6525010681, 48.8112457275,
202,3, 56.7648377228, 49.6575956726,
202,4, 65.9863448334, 18.7540498352,
203,0, 74.0149856567, 44.0769005585,
203,1, 65.6183071899, 80.5360864258,
203,2, 90.3093719482, 115.6188110352,
203,3, 78.6561289215, 46.9703862000,
203,4, 50.9270063782, 100.2139724731,
204,0, 53.4454338837, 26.3762530899,
204,1, 56.1635842133, 18.0456459808,
204,2, 71.0893018341, 30.7381401825,
204,3, 60.8160565186, 37.3906518555,
204,4, 72.0332086182, 22.9510713196,
205,0, 79.7458862305, 52.2349276733,
205,1, 64.9132546997, 31.6861049652,
205,2, 79.1020275879, 31.0364239502,
205,3, 60.1351105499, 235.9598358154,
205,4, 64.8565955353, 49.7762686157,
206,0, 108.2340515137, 61.4401945496,
206,1, 91.6077468872, 33.7948613739,
206,2, 74.3296706390, 34.3633667755,
206,3, 78.4578288269, 196.6514874268,
206,4, 62.5527158356, 104.9435131836,
207,0, 79.9200935364, 55.6695397949,
207,1, 66.8369128418, 36.3252712250,
207,2, 55.5215618134, 78.6636311340,
207,3, 73.0734182739, 31.8823400879,
207,4, 66.8763365173, 25.1668889618,
208,0, 74.3141679382, 105.9566015625,
208,1, 64.6539419556, 18.3967124176,
208,2, 55.1048034668, 73.6389903259,
208,3, 49.8719945526, 39.5420479584,
208,4, 58.9964520264, 50.5818121338,
209,0, 59.2159743500, 42.3065380859,
209,1, 60.0638053894, 30.4791287231,
209,2, 76.7807997894, 127.7531967163,
209,3, 67.5940249634, 16.2202708817,
209,4, 63.7982199860, 35.2024394226,
210,0, 54.1674884796, 28.3730925751,
210,1, 52.4165981293, 24.0646710968,
210,2, 78.9526766205, 140.3108911133,
210,3, 69.0202680969, 23.9074421692,
210,4, 95.8417679596, 131.4310336304,
211,0, 61.4282682800, 16.5108512497,
211,1, 48.0014006805, 19.7993981934,
211,2, 53.6569341278, 76.1284124756,
211,3, 54.9133845520, 15.1276834869,
211,4, 68.3078102875, 31.7272771454,
212,0, 58.2126837921, 15.9035456085,
212,1, 45.2239516449, 111.1122476196,
212,2, 60.3032649231, 51.5099409485,
212,3, 47.9969656372, 91.4647293091,
212,4, 60.8212252808, 33.2334551239,
213,0, 52.5001268768, 42.4631304932,
213,1, 62.6350701904, 21.2634180450,
213,2, 66.8465692902, 79.0233526611,
213,3, 62.9095240021, 18.2286264801,
213,4, 80.3183251190, 122.4920288086,
214,0, 92.3811853027, 192.7498278809,
214,1, 72.6659545898, 132.6254916382,
214,2, 67.7882025146, 87.1552667236,
214,3, 77.9349674988, 57.0726466370,
214,4, 55.4005548859, 92.3446859741,
215,0, 65.9587558746, 89.3369299316,
215,1, 73.3534732056, 86.1774490356,
215,2, 61.7186494446, 87.4168711853,
215,3, 56.3568324280, 20.9273902130,
215,4, 55.7267941284, 31.3804921722,
216,0, 49.9206581116, 28.3329353333,
216,1, 68.5913822174, 63.3748503113,
216,2, 68.3072622681, 52.0258457947,
216,3, 88.2052406311, 109.8081918335,
216,4, 66.7802901459, 105.2240155029,
217,0, 90.6102349854, 362.1708288574,
217,1, 78.5627169037, 17.1348110962,
217,2, 64.3560089874, 129.5818737793,
217,3, 57.0413794708, 103.4933718872,
217,4, 46.4129655457, 20.1621659851,
218,0, 108.0855459595, 71.6298027039,
218,1, 63.2544096375, 64.3349998474,
218,2, 58.4303615570, 69.8126152039,
218,3, 53.8457077026, 27.8845021057,
218,4, 60.6235482788, 55.1319442749,
219,0, 73.4972203064, 27.4812261200,
219,1, 54.7697249603, 14.2243237686,
219,2, 57.5959503174, 63.5067169189,
219,3, 52.6749950409, 23.9550924683,
219,4, 54.1704792023, 12.8722413254,
220,0, 51.4979232788, 48.3219186401,
220,1, 53.8886070251, 152.1746789551,
220,2, 56.2466271210, 120.5294003296,
220,3, 74.7002670288, 55.3894281006,
220,4, 68.5857756805, 93.4110676575,
221,0, 58.1090544891, 55.0637235260,
221,1, 58.8925304413, 24.9431247711,
221,2, 55.2063128662, 21.8710439682,
221,3, 57.1056247711, 12.8316041565,
221,4, 63.5753678131, 30.3979333496,
222,0, 46.1505941772, 25.5706823730,
222,1, 55.0268264008, 64.7406370544,
222,2, 65.7216265106, 14.8305168915,
222,3, 62.3499036407, 75.1854159546,
222,4, 42.7092250061, 25.7270474243,
223,0, 54.5651174164, 81.0838717651,
223,1, 97.9818568420, 28.5934243774,
223,2, 80.4825041199, 81.2534252930,
223,3, 73.0530290222, 45.1342043304,
223,4, 77.2631353760, 15.5443180466,
224,0, 54.4098120117, 41.8831647491,
224,1, 51.7843479919, 23.5349129486,
224,2, 65.7640763855, 23.9255467224,
224,3, 40.9876273346, 14.7250038528,
224,4, 46.4386650085, 34.8060935211,
225,0, 57.2768084717, 143.9485565186,
225,1, 61.2232040405, 22.6436324310,
225,2, 51.3886332703, 124.9563882446,
225,3, 67.6011949158, 16.9622425079,
225,4, 56.0397699738, 23.5883179855,
226,0, 51.3521358490, 62.9650646973,
226,1, 61.3176171112, 110.8196298218,
226,2, 69.3299057007, 32.6562213898,
226,3, 42.8864675903, 54.7922251892,
226,4, 39.5814315033, 43.3986984253,
227,0, 50.8636457062, 143.1763726807,
227,1, 52.9466632843, 35.8461957550,
227,2, 43.3955695343, 41.8482623291,
227,3, 48.5814546204, 36.4604696655,
227,4, 53.9948925018, 125.0792459106,
228,0, 54.1286722565, 54.9450755310,
228,1, 53.8204028320, 132.8217965698,
228,2, 60.4382431030, 39.4015375519,
228,3, 45.9404641724, 57.3120991516,
228,4, 50.6636739349, 77.1120091248,
229,0, 51.8350765991, 11.7947893143,
229,1, 52.8419955444, 20.7305479431,
229,2, 53.9865365601, 60.2120884705,
229,3, 87.2491265106, 28.0167908478,
229,4, 65.1261627197, 139.7497955322,
230,0, 61.2859084320, 66.1119793701,
230,1, 55.3975434875, 26.6656003571,
230,2, 47.5803267670, 32.9539314270,
230,3, 56.1087349701, 18.7582089996,
230,4, 53.0033037567, 88.0852673340,
231,0, 76.4822996521, 38.4300050354,
231,1, 51.0120265198, 84.7021018982,
231,2, 39.9631242371, 11.6345890808,
231,3, 38.6023007965, 10.8987361145,
231,4, 52.9397537231, 18.9786783218,
232,0, 44.1747553253, 19.8074616241,
232,1, 41.3039812469, 16.2593634796,
232,2, 56.3802641296, 28.4079291534,
232,3, 53.7780072021, 244.8728173828,
232,4, 63.2653923798, 15.9610170746,
233,0, 45.7230641937, 27.9048242950,
233,1, 61.9840193176, 42.9073803711,
233,2, 51.2149120331, 127.5976528931,
233,3, 64.6592127228, 39.3141654968,
233,4, 65.9130985260, 102.0825494385,
234,0, 70.6826072693, 19.7980473328,
234,1, 74.7992301941, 68.1268658447,
234,2, 77.2164039612, 74.6501298523,
234,3, 69.9913491058, 83.3315559387,
234,4, 51.0422107697, 46.3606135559,
235,0, 49.3213020325, 42.3817457581,
235,1, 47.8847132874, 83.0450848389,
235,2, 49.7549285889, 21.9541205597,
235,3, 43.9898841095, 18.1201598358,
235,4, 46.4667626190, 49.2100630188,
236,0, 50.3381511688, 22.5079373169,
236,1, 50.8096789551, 15.3535040283,
236,2, 38.8556278992, 101.1183129883,
236,3, 45.4369594574, 27.6611876678,
236,4, 47.6132212830, 22.9047959900,
237,0, 44.6427279663, 38.2964053345,
237,1, 55.1064160919, 88.6792794800,
237,2, 52.0428736115, 64.2627088928,
237,3, 47.8011199951, 25.2421371460,
237,4, 61.7398980713, 162.5995257568,
238,0, 47.5042501831, 39.4106087494,
238,1, 53.7963684082, 47.4216294861,
238,2, 51.7933151245, 53.3276458740,
238,3, 59.9120461273, 22.8631021118,
238,4, 51.5451961517, 18.6375618744,
239,0, 55.6581417847, 45.6455905151,
239,1, 51.6653280640, 63.1974296570,
239,2, 44.0763142395, 17.8262139511,
239,3, 51.3971508026, 11.7230282784,
239,4, 46.9734310913, 30.3461912537,
240,0, 40.8833158875, 18.4077077866,
240,1, 45.8966923523, 68.3335978699,
240,2, 49.8123005676, 12.8393213654,
240,3, 36.7287230682, 36.4137529755,
240,4, 58.4713976288, 162.9670816040,
241,0, 59.1044991302, 19.1792127228,
241,1, 54.6623825073, 76.6160762024,
241,2, 49.3752009583, 122.0809185791,
241,3, 62.7519445801, 44.1180366516,
241,4, 53.1507999420, 54.8220448303,
242,0, 43.4073249054, 50.3722935486,
242,1, 49.1399671936, 33.3565782166,
242,2, 72.6390603638, 90.8054626465,
242,3, 76.3425758362, 76.2257832336,
242,4, 54.2652342987, 34.4514038086,
243,0, 50.5620196533, 39.5095886993,
243,1, 53.9614589691, 41.1974905396,
243,2, 39.2561055756, 12.7851767349,
243,3, 49.8966123199, 24.3367327118,
243,4, 46.7192157745, 10.2117043304,
244,0, 43.7206145477, 76.8443592834,
244,1, 52.8109429932, 42.5886421967,
244,2, 48.5813588715, 73.6206524658,
244,3, 52.5198406219, 62.0775132751,
244,4, 46.3059438324, 21.2619378281,
245,0, 54.7008237457, 89.7185835266,
245,1, 59.9262105560, 23.4610585403,
245,2, 38.3738597870, 14.6530206299,
245,3, 35.6022793579, 39.5613721466,
245,4, 36.6143118286, 24.7103414154,
246,0, 46.0062755585, 150.9818103027,
246,1, 70.7702848053, 37.5036692810,
246,2, 49.3428445435, 95.0825131226,
246,3, 56.5788382721, 22.6722417450,
246,4, 54.3487249756, 116.0365243530,
247,0, 63.5885857391, 32.8945493317,
247,1, 48.5234077454, 20.3428989792,
247,2, 32.9258820343, 16.6883084488,
247,3, 34.3556276703, 22.1175627899,
247,4, 52.0580043030, 67.6414929199,
248,0, 42.2655786133, 234.5558953857,
248,1, 51.8893817139, 46.1498469543,
248,2, 50.0982963562, 17.4580188370,
248,3, 39.4797665787, 19.6363284302,
248,4, 55.6099980164, 151.4249468994,
249,0, 36.3159568024, 31.4484534454,
249,1, 35.7204924011, 64.3539639282,
249,2, 46.2970379639, 44.1111425018,
249,3, 52.9837953186, 227.5618365479,
249,4, 50.6932340240, 41.3252993011,
250,0, 48.7413252258, 65.9469392395,
250,1, 45.8225870514, 48.5026863098,
250,2, 51.8762798309, 95.4456616211,
250,3, 52.6452248383, 28.3982722473,
250,4, 51.9238116455, 45.7471208191,
251,0, 46.2067622375, 39.2493763733,
251,1, 45.6303262329, 55.1834143066,
251,2, 36.2129154587, 33.2392700958,
251,3, 35.0740014648, 31.6317176056,
251,4, 48.7011311340, 13.3909519577,
252,0, 36.0584503174, 17.8886589050,
252,1, 45.0332426453, 18.4632804489,
252,2, 43.6728282928, 29.1938074493,
252,3, 43.8806695557, 20.1754726410,
252,4, 48.5429231262, 47.2325083923,
253,0, 36.4047293854, 10.4605318832,
253,1, 48.3185983276, 32.0861592102,
253,2, 41.1350019836, 43.9833386230,
253,3, 40.5851321411, 9.3944731712,
253,4, 35.3461588669, 138.7345812988,
254,0, 59.4138236237, 104.9764044189,
254,1, 68.7675308228, 53.0968995667,
254,2, 38.7561455536, 27.9628561401,
254,3, 39.9798109818, 16.4274880219,
254,4, 40.8560799408, 22.9882889557,
255,0, 37.1250082779, 18.4330133438,
255,1, 39.0227871704, 48.4962720490,
255,2, 37.6453075409, 14.9777630615,
255,3, 35.7947904968, 52.8080638123,
255,4, 36.3154878235, 13.8458910370,
256,0, 33.8804259491, 14.9135512924,
256,1, 43.4658611298, 31.4787451172,
256,2, 42.8574219513, 41.9572468567,
256,3, 41.3445065308, 11.4142615318,
256,4, 35.4263057709, 84.0244433594,
257,0, 51.6136524200, 38.4621232605,
257,1, 49.8842231750, 118.3683767700,
257,2, 49.2287220764, 30.0717984772,
257,3, 39.0372379303, 27.0588463593,
257,4, 34.5615831375, 14.2061363792,
258,0, 40.3769509125, 17.4120694733,
258,1, 32.9022270203, 16.6351430511,
258,2, 37.0393287659, 11.8214205933,
258,3, 41.7473606873, 9.7148346710,
258,4, 44.1741708374, 33.0834767914,
259,0, 38.7746635437, 28.0448419189,
259,1, 39.8248354340, 18.1543746185,
259,2, 41.7035915375, 21.9938387680,
259,3, 42.0097385406, 50.1896351624,
259,4, 45.5051515961, 24.0960002899,
260,0, 42.9615619659, 22.5796104813,
260,1, 35.5852238464, 26.6768849564,
260,2, 35.3815747452, 20.9449206543,
260,3, 31.7842956543, 16.9914603806,
260,4, 43.3960870361, 41.1546620178,
261,0, 48.6858409882, 32.0475334167,
261,1, 42.4013111115, 16.7095109177,
261,2, 44.2248159790, 34.7795948029,
261,3, 41.1862860870, 16.7007415771,
261,4, 37.1099595642, 54.7971792603,
262,0, 38.0979850769, 11.1317409515,
262,1, 34.3348410416, 16.7396240997,
262,2, 43.6908834839, 49.3143309021,
262,3, 49.7318095398, 46.7337916565,
262,4, 40.1384733582, 17.0743061829,
263,0, 34.4106369019, 29.0443803406,
263,1, 39.4150245285, 20.0022548676,
263,2, 36.2232395172, 26.6824028778,
263,3, 39.9724907684, 65.1060897827,
263,4, 38.9933866882, 44.2615363312,
264,0, 40.1635326385, 14.2933505630,
264,1, 34.4255511475, 97.8482522583,
264,2, 38.4278191376, 85.4700624084,
264,3, 34.7348998260, 41.2231351471,
264,4, 42.6305815887, 18.0494782257,
265,0, 38.5958669281, 11.8013134384,
265,1, 44.6561578369, 10.3236741829,
265,2, 32.7783486938, 42.8700047302,
265,3, 36.0175323868, 11.7687490273,
265,4, 41.1731887054, 11.9479058838,
266,0, 32.1111849213, 11.8622638130,
266,1, 40.7504715729, 46.6912997437,
266,2, 43.7625727081, 36.7381264496,
266,3, 41.3809024811, 85.6687985229,
266,4, 46.6956736755, 87.9854722595,
267,0, 58.0208145142, 21.7175457001,
267,1, 44.1167356110, 78.7435832214,
267,2, 39.5320288849, 19.7442564774,
267,3, 34.9379642487, 17.4919807434,
267,4, 34.5286967087, 16.8534184647,
268,0, 38.5923035431, 40.7348567963,
268,1, 39.4023467255, 39.1842396545,
268,2, 39.6291804504, 26.0269746399,
268,3, 42.6592043304, 14.7737675858,
268,4, 37.4108226776, 40.7486822510,
269,0, 36.0534904480, 45.6903378296,
269,1, 32.8556532288, 17.5123896027,
269,2, 39.6579592514, 57.0489688110,
269,3, 34.3979257202, 32.8603094482,
269,4, 41.6132270432, 18.0569795609,
270,0, 37.4587387848, 110.8277783203,
270,1, 39.6982936096, 30.3401243591,
270,2, 36.3771583939, 67.2599415588,
270,3, 41.4346975708, 8.9044747353,
270,4, 35.0041384888, 46.3377909851,
271,0, 35.2755812836, 17.6897227478,
271,1, 36.9155574799, 14.4373985291,
271,2, 35.7699484253, 39.9957337189,
271,3, 35.6456510162, 35.3537822723,
271,4, 38.3271163177, 46.7918997192,
272,0, 39.2059280396, 14.2995649529,
272,1, 34.6657580948, 9.4480640793,
272,2, 38.7795291901, 18.8901786423,
272,3, 32.4132237244, 10.8309823227,
272,4, 34.1276636505, 18.6657486725,
273,0, 41.6778683472, 25.7234492111,
273,1, 32.5120715332, 21.5981596756,
273,2, 39.5475478363, 49.7894775391,
273,3, 33.0112665939, 26.0738180542,
273,4, 39.9990552521, 21.4215211105,
274,0, 43.0894373322, 35.0882423401,
274,1, 37.0052478790, 18.0281308746,
274,2, 39.9470526505, 14.1052107239,
274,3, 39.1602337646, 28.6645790100,
274,4, 40.1627451324, 17.7177293777,
275,0, 32.8356644440, 34.5729423523,
275,1, 36.2260446930, 19.4746234894,
275,2, 38.5352865601, 79.8677159119,
275,3, 49.7361566925, 60.2463133240,
275,4, 30.1174641418, 36.0537811279,
276,0, 33.9026388550, 8.7955089569,
276,1, 36.2154308319, 21.2836032486,
276,2, 36.5410688019, 41.2829370117,
276,3, 36.0368502808, 9.9619721603,
276,4, 36.3297951126, 30.2094982910,
277,0, 41.0711375809, 49.3214627075,
277,1, 45.8157358551, 58.3487242126,
277,2, 47.2564255524, 32.2812532043,
277,3, 45.1107533646, 24.0377373123,
277,4, 36.6035942078, 11.1221447754,
278,0, 36.2585042572, 16.7449924469,
278,1, 35.0822006607, 16.6744619370,
278,2, 38.1057046509, 33.6633602142,
278,3, 42.5851484680, 33.7554112244,
278,4, 38.1610704803, 39.9158094025,
279,0, 33.0791092682, 21.1524603271,
279,1, 29.4203909302, 35.8213233185,
279,2, 47.4156977844, 146.9387088013,
279,3, 41.1400537872, 140.1221984863,
279,4, 46.7149588013, 23.4605451202,
280,0, 46.1256631470, 29.7721313477,
280,1, 46.9405266571, 9.5419134712,
280,2, 36.9661055756, 13.3500394058,
280,3, 33.2447516251, 23.8112337494,
280,4, 37.2576203156, 23.4560237885,
281,0, 32.3422781754, 38.4207714844,
281,1, 44.8466199493, 47.5542074585,
281,2, 48.2838208771, 24.3370040894,
281,3, 34.3827872467, 44.1719819641,
281,4, 29.6152800369, 35.5878219604,
282,0, 47.1721021271, 14.0367608261,
282,1, 50.2334476471, 10.5590064049,
282,2, 28.3500800323, 20.4442745972,
282,3, 33.0790693283, 88.2283944702,
282,4, 30.3684545135, 34.9876725006,
283,0, 30.1402943039, 14.2858563995,
283,1, 35.2484624481, 17.4310036850,
283,2, 41.2350273895, 32.8585811615,
283,3, 39.4054067230, 53.9570303345,
283,4, 39.0698847198, 44.1706919861,
284,0, 35.6229985809, 12.1112947083,
284,1, 30.4757937622, 23.4942955780,
284,2, 35.9840529633, 32.9695223236,
284,3, 33.6264934540, 17.7641040421,
284,4, 29.7331449890, 52.5346469116,
285,0, 33.0245132446, 32.0499206543,
285,1, 36.3729988098, 40.2390907288,
285,2, 37.7520350647, 46.0460726929,
285,3, 36.4066684723, 22.0315250778,
285,4, 28.8160195541, 16.0856158066,
286,0, 30.0415812683, 22.9872776031,
286,1, 33.0045226288, 34.0785873413,
286,2, 29.7535304642, 22.8474267578,
286,3, 36.4920135117, 11.2178894997,
286,4, 31.1518944931, 14.5455745697,
287,0, 37.5688272095, 8.6949531364,
287,1, 39.5482260132, 14.0002107048,
287,2, 35.5365046310, 19.6621112061,
287,3, 32.1509936142, 74.6799238586,
287,4, 30.9769445038, 15.9576689529,
288,0, 26.3441078949, 27.2034815216,
288,1, 27.3983789253, 16.4342055893,
288,2, 34.8231254959, 19.0736824036,
288,3, 45.7202123260, 34.0229233551,
288,4, 43.4396177673, 35.8443616486,
289,0, 33.8037184143, 44.0093789673,
289,1, 34.8710929871, 11.8806758308,
289,2, 29.8022278214, 12.3989182281,
289,3, 26.5433271790, 45.6334764862,
289,4, 28.5653633881, 82.1081733704,
290,0, 39.4807714081, 29.3483259583,
290,1, 36.4691789246, 17.5079941177,
290,2, 36.6618692780, 13.6456617737,
290,3, 34.8671662903, 23.8150911713,
290,4, 40.1286744690, 23.7385616684,
291,0, 30.3302926636, 28.3501303101,
291,1, 28.3220008087, 21.9071790695,
291,2, 32.9129481506, 18.5559595490,
291,3, 46.9276292419, 20.0564944458,
291,4, 51.6807900238, 84.5658100891,
292,0, 52.4763597107, 56.5679523468,
292,1, 39.0238056946, 16.1529329300,
292,2, 35.4952595139, 34.4202549744,
292,3, 32.6004157639, 13.3534424210,
292,4, 36.8652664948, 33.8773514557,
293,0, 36.3721857834, 29.9417070770,
293,1, 29.0299651337, 11.4534159470,
293,2, 30.9757049942, 39.0356763077,
293,3, 25.9671986008, 14.4930628967,
293,4, 41.4963339233, 10.3501012230,
294,0, 30.0263330078, 33.3156448364,
294,1, 30.8446230698, 15.6261632919,
294,2, 26.0127293015, 59.8297000122,
294,3, 29.1828877640, 49.7859150696,
294,4, 40.9294802856, 12.5160493088,
295,0, 34.7304819489, 9.8096332169,
295,1, 39.3561418533, 102.0199758911,
295,2, 26.8268310928, 14.4648915482,
295,3, 30.8332080078, 18.3418431854,
295,4, 35.8712608337, 22.7484702682,
296,0, 28.9166197968, 12.9264580917,
296,1, 34.2961951447, 31.2405525208,
296,2, 36.3463491821, 18.7471744919,
296,3, 31.3264263153, 6.6588113213,
296,4, 33.5693799973, 28.8151287079,
297,0, 38.1516048050, 7.1031585884,
297,1, 41.7456586456, 13.0925244522,
297,2, 40.7157980728, 15.0529333878,
297,3, 36.8356958008, 10.2936967850,
297,4, 30.5565794373, 29.0085006714,
298,0, 27.6429319763, 22.3437270737,
298,1, 25.5912189865, 18.3908288193,
298,2, 31.1878183365, 13.1517419052,
298,3, 30.9466654968, 21.4562088013,
298,4, 28.8191483307, 12.5923626709,
299,0, 25.4726446533, 7.5877089691,
299,1, 27.9401730347, 8.1185799026,
299,2, 28.3905258179, 16.6596965790,
299,3, 32.6744712448, 10.1247553635,
299,4, 33.2464373016, 15.0905122375,
300,0, 24.5038393784, 24.3450193024,
300,1, 30.8164955902, 13.8820054626,
300,2, 28.9923635483, 18.5451146317,
300,3, 36.4602024460, 54.6744111633,
300,4, 31.5421119308, 14.2268014526,
301,0, 33.5040573883, 16.6298754501,
301,1, 38.0276303482, 138.3691799927,
301,2, 36.5126620102, 22.8222284317,
301,3, 30.4703516388, 5.4536009789,
301,4, 35.8948249435, 13.2359213066,
302,0, 26.4370973206, 17.5531747818,
302,1, 27.3140138245, 9.5472823334,
302,2, 29.6920950699, 17.7264563751,
302,3, 30.3267380905, 19.1445257187,
302,4, 29.1259188843, 15.2936214447,
303,0, 31.0203833389, 24.3170249176,
303,1, 38.5073901749, 15.4615436935,
303,2, 30.3849277496, 19.0328440475,
303,3, 31.1099120331, 15.7187037277,
303,4, 29.5959883499, 38.5066947937,
304,0, 27.1121458054, 13.7485045624,
304,1, 37.3281094742, 18.2394536972,
304,2, 36.4415365601, 35.0261745453,
304,3, 36.1674031830, 10.4072120094,
304,4, 40.6317430878, 10.5282546234,
305,0, 37.7336928940, 62.8218943787,
305,1, 32.3982793427, 31.4140206909,
305,2, 29.5418725204, 20.8939571762,
305,3, 23.6051012802, 12.5687541389,
305,4, 28.6149788284, 74.4738148499,
306,0, 28.7235980988, 14.6337909698,
306,1, 34.0953997803, 33.8176044464,
306,2, 23.0396539688, 13.9017411804,
306,3, 29.9042517853, 24.3112729645,
306,4, 28.5621667099, 8.9865522194,
307,0, 27.7164672470, 14.9538966370,
307,1, 31.6007568359, 38.6213169861,
307,2, 28.5442221451, 17.4859043884,
307,3, 31.1210241699, 15.5857513046,
307,4, 26.5974833298, 26.8794083405,
308,0, 34.5565682220, 13.6860933685,
308,1, 31.6263895798, 26.1311637115,
308,2, 37.0037767029, 9.3878472710,
308,3, 31.7782713318, 21.8214748383,
308,4, 39.1783621979, 75.6864256287,
309,0, 28.3149799347, 11.5523541451,
309,1, 40.7194321823, 45.0815208435,
309,2, 31.1817535400, 35.6307902527,
309,3, 26.4075143814, 38.5658862305,
309,4, 33.7970602798, 18.6704399872,
310,0, 29.1005307770, 42.8219679260,
310,1, 36.2053456116, 53.8471298218,
310,2, 32.1205672073, 48.4769618225,
310,3, 28.3769320679, 7.0942379761,
310,4, 25.6061433792, 10.9172501373,
311,0, 29.8784544754, 18.5541758347,
311,1, 30.8581383514, 25.3987925720,
311,2, 26.4020545197, 52.1335990906,
311,3, 27.0762157059, 29.4558491516,
311,4, 29.7121716309, 15.9538271713,
312,0, 27.9485300446, 31.1293944550,
312,1, 27.4335976791, 11.7779896927,
312,2, 26.6086244202, 43.8051902771,
312,3, 25.3747483063, 18.6632063675,
312,4, 33.0929399490, 53.1167681885,
313,0, 43.9662232208, 23.7005620575,
313,1, 31.0736842346, 23.1332241058,
313,2, 28.9015283966, 18.0957779312,
313,3, 27.6148303604, 7.2971987343,
313,4, 27.9450018311, 6.6113322258,
314,0, 41.1931771851, 17.8955326462,
314,1, 29.6920721054, 17.1831483078,
314,2, 26.6011994934, 8.9299976349,
314,3, 34.4285195160, 75.7615380859,
314,4, 25.9868715668, 24.5168827057,
315,0, 27.9389739990, 25.9824868011,
315,1, 25.6023058701, 35.1638889313,
315,2, 34.7161244202, 85.6636553955,
315,3, 30.8478630829, 8.3358217430,
315,4, 28.6204309082, 24.8332251358,
316,0, 31.6248736572, 60.2809652710,
316,1, 43.2551708221, 81.4429187012,
316,2, 35.8978746033, 82.4289811707,
316,3, 45.6700752258, 61.8262614441,
316,4, 40.6489434814, 44.2190724945,
317,0, 23.3050475311, 22.2711603546,
317,1, 25.1233739090, 12.8271350479,
317,2, 25.1290843010, 22.0533855438,
317,3, 31.3625615692, 33.8385140991,
317,4, 26.7727287674, 9.9934649849,
318,0, 23.6348040771, 10.5240840149,
318,1, 26.3842447281, 12.2188583374,
318,2, 25.9970030594, 5.6510038757,
318,3, 25.1622598648, 44.4930207825,
318,4, 37.3858259964, 17.4304415894,
319,0, 28.4954269409, 10.6246944046,
319,1, 26.4572923660, 13.8618924713,
319,2, 25.9319662857, 16.1916086578,
319,3, 23.1632904816, 16.8397850800,
319,4, 22.8630315781, 19.9238684082,
320,0, 32.5834981155, 26.9428916168,
320,1, 34.3941740417, 37.4954798889,
320,2, 25.9913520050, 14.8293482208,
320,3, 38.6689223862, 84.2841535950,
320,4, 33.6426698303, 16.5190544891,
321,0, 25.5402482986, 29.4709722137,
321,1, 27.5821700287, 25.2827028656,
321,2, 24.3730371857, 5.6509150124,
321,3, 24.3178240585, 6.1928872299,
321,4, 21.0459709930, 13.4546975708,
322,0, 26.8986924744, 18.0369823837,
322,1, 32.1651570892, 44.6118499756,
322,2, 33.9510628891, 30.1381387329,
322,3, 32.9615236282, 33.3073883057,
322,4, 26.2844544220, 13.0198975372,
323,0, 25.4671199799, 21.5561990738,
323,1, 25.4275805664, 9.0052514458,
323,2, 29.8924669647, 10.8459091759,
323,3, 28.3025122452, 20.4137551880,
323,4, 26.5611621475, 57.6209803009,
324,0, 27.9609745407, 26.3377387238,
324,1, 27.9478408051, 10.3716144753,
324,2, 31.4617406082, 9.4551528168,
324,3, 24.2801993561, 58.4227279663,
324,4, 29.0727703476, 24.3348691559,
325,0, 24.3341305923, 25.5307569122,
325,1, 28.7613695908, 34.7367045593,
325,2, 23.2723420715, 24.3496849823,
325,3, 31.9508507538, 58.1247167969,
325,4, 27.2530696869, 16.8741007996,
326,0, 27.8854138184, 72.1927561951,
326,1, 27.0358601761, 8.6408914566,
326,2, 28.5233522797, 14.4646239090,
326,3, 19.8929696274, 17.6577075958,
326,4, 30.0831666946, 27.8527449799,
327,0, 30.2446863937, 40.0305873871,
327,1, 25.6257793808, 14.9634243393,
327,2, 26.5023910141, 14.2057429886,
327,3, 30.5550622177, 10.8175526047,
327,4, 26.2315679932, 5.7931764793,
328,0, 32.2525730133, 14.9673381042,
328,1, 31.6464085770, 53.2888922119,
328,2, 29.8660858536, 18.9824452209,
328,3, 26.7318959427, 24.4241550446,
328,4, 23.6849115944, 15.8405455780,
329,0, 24.3465874100, 5.8214729786,
329,1, 28.7918401718, 11.2622182465,
329,2, 25.9870131302, 31.7038139343,
329,3, 25.7357264328, 14.6901128769,
329,4, 20.0978022003, 21.1778555679,
330,0, 39.4537084961, 21.8287197495,
330,1, 25.9233975220, 23.8553781509,
330,2, 25.4030160522, 13.6149892426,
330,3, 23.1307960510, 13.5482539368,
330,4, 25.3521574783, 35.2103183746,
331,0, 22.3744912720, 15.8708063126,
331,1, 24.2112894058, 29.5444493866,
331,2, 22.3625796509, 11.1739414597,
331,3, 22.9488026810, 30.1445608521,
331,4, 27.2542506790, 11.7962758446,
332,0, 27.2916985321, 33.2625177765,
332,1, 28.0693146896, 20.9195417404,
332,2, 26.5876275635, 6.8451881981,
332,3, 22.2671792221, 15.3506233597,
332,4, 27.2457350540, 37.2718771362,
333,0, 28.0323920250, 44.5012176514,
333,1, 25.2921333694, 8.2411987305,
333,2, 30.0050741577, 25.9914490509,
333,3, 31.9428430176, 18.3556235123,
333,4, 22.7617980194, 24.3216854095,
334,0, 25.6660903549, 26.7160227203,
334,1, 26.5675462341, 13.0095098877,
334,2, 24.8486795425, 9.4613028717,
334,3, 21.1278844452, 17.7993822479,
334,4, 27.4422261810, 10.6923425674,
335,0, 31.4495178223, 11.7601459503,
335,1, 29.2701729202, 13.3070947647,
335,2, 21.1700445938, 9.9799199486,
335,3, 20.2434976768, 33.5326441956,
335,4, 23.3664144897, 9.4898632622,
336,0, 30.3180931091, 9.3014094162,
336,1, 28.1714550781, 8.5825291443,
336,2, 24.7422786713, 19.5578832245,
336,3, 30.7693645096, 13.2348630524,
336,4, 23.8903104782, 55.8127516174,
337,0, 28.2508675003, 8.4221022224,
337,1, 23.5812796783, 14.2926069641,
337,2, 23.7035040283, 10.1373165703,
337,3, 24.0467715073, 46.9554371643,
337,4, 25.4462028503, 13.6934390259,
338,0, 22.2644948196, 10.9298234558,
338,1, 21.5583871078, 8.2862841034,
338,2, 27.6561628342, 21.4462373352,
338,3, 29.0610435486, 17.7980897522,
338,4, 22.6104506302, 21.4801722717,
339,0, 30.1994756699, 34.9640412140,
339,1, 24.0178341675, 15.5692515182,
339,2, 32.6116979980, 6.7078516483,
339,3, 30.1502953720, 28.1434729767,
339,4, 20.8486835861, 6.3522423172,
340,0, 25.2949172592, 34.1810662842,
340,1, 27.6180665588, 12.1526408768,
340,2, 31.4842659760, 14.3778405380,
340,3, 34.0136188889, 35.4152373505,
340,4, 21.0701482391, 13.2391412354,
341,0, 24.1680405045, 14.7278706741,
341,1, 23.6548783112, 13.9981489182,
341,2, 25.5378052521, 20.6651126480,
341,3, 22.7474724960, 13.7970788956,
341,4, 29.5631172180, 24.7404096222,
342,0, 26.3472657013, 17.0394778824,
342,1, 29.8094656372, 9.3338371277,
342,2, 23.4813729095, 34.1158225250,
342,3, 23.4846133423, 31.3043751526,
342,4, 22.0222792816, 5.8018574619,
343,0, 25.6189802551, 9.0867994690,
343,1, 17.1104022980, 14.2517950058,
343,2, 24.2154248428, 30.3463465118,
343,3, 24.3894657898, 27.7093079376,
343,4, 20.6555329895, 35.0231711578,
344,0, 25.3090932465, 21.9613850403,
344,1, 22.5067031860, 13.5246191788,
344,2, 21.9226314163, 16.9690615654,
344,3, 27.7325503922, 35.3831438446,
344,4, 21.3389783096, 38.6874384308,
345,0, 26.9667155075, 8.7377541924,
345,1, 26.4213359642, 19.5727057648,
345,2, 20.6394403076, 23.8653128052,
345,3, 31.9069254684, 27.7646896362,
345,4, 20.6021285248, 15.5968777084,
346,0, 21.7467190552, 5.9872713661,
346,1, 21.5491246414, 15.5126320267,
346,2, 22.5277409744, 7.2911746216,
346,3, 19.2378781509, 42.6119953918,
346,4, 22.0448265457, 9.1281459427,
347,0, 23.0228843689, 18.8232968140,
347,1, 22.6983356094, 5.2135547733,
347,2, 26.3887762070, 7.5074723625,
347,3, 20.0745624924, 69.4244778442,
347,4, 22.6059066391, 12.1739904213,
348,0, 22.7773817825, 19.9385425568,
348,1, 29.1109246445, 20.8597860718,
348,2, 25.7886380386, 9.7980417061,
348,3, 23.5050096512, 15.3922588348,
348,4, 24.6155901718, 42.8280622101,
349,0, 24.3206318665, 8.6127433395,
349,1, 23.5282874298, 42.2979602051,
349,2, 18.3533178711, 22.0997489929,
349,3, 22.5403465271, 17.7948849106,
349,4, 25.8121360779, 28.1355687714,
350,0, 25.4696078873, 32.7796804047,
350,1, 24.8421104050, 6.6748325729,
350,2, 25.1912569809, 15.3047297668,
350,3, 26.7698437881, 22.2119496536,
350,4, 25.3728009033, 9.4319776917,
351,0, 28.3611384583, 15.6382813263,
351,1, 25.0159519958, 10.6460968018,
351,2, 23.9879663467, 7.2180604362,
351,3, 22.5320378113, 21.0669515991,
351,4, 21.7995637512, 70.5456776428,
352,0, 24.0839832306, 6.2128613663,
352,1, 18.3290967178, 7.1961134338,
352,2, 21.6338666153, 9.4934331703,
352,3, 23.8731105423, 18.1631361008,
352,4, 24.8755508804, 19.7900492096,
353,0, 30.7517033386, 19.6213184738,
353,1, 21.7645479202, 4.5176857567,
353,2, 21.6992596054, 35.9011090851,
353,3, 23.2483041000, 15.0047577667,
353,4, 22.3821995926, 18.7402732849,
354,0, 25.8485478592, 10.8032113838,
354,1, 24.5756417465, 32.2132125854,
354,2, 25.1165667725, 23.0251762390,
354,3, 22.0153372574, 5.2436833858,
354,4, 28.6462258530, 9.5979431534,
355,0, 25.9767384338, 15.2622510910,
355,1, 22.3113107681, 31.6879341888,
355,2, 23.1167334366, 23.8033220673,
355,3, 26.0064282608, 15.9652043152,
355,4, 23.1152777100, 14.0002020264,
356,0, 21.1641216278, 34.6355851746,
356,1, 19.8396392441, 19.3102567673,
356,2, 22.5864273071, 39.7827690125,
356,3, 25.1496450806, 26.4202856445,
356,4, 31.1866942978, 12.1309336472,
357,0, 26.6471047211, 18.9159909534,
357,1, 25.6317463303, 79.0678944397,
357,2, 21.0841527939, 16.5305391693,
357,3, 19.0219958496, 6.3414662743,
357,4, 22.4953183365, 39.9107116699,
358,0, 25.0501937485, 13.2301451492,
358,1, 24.0354409790, 16.5804890823,
358,2, 24.8734728622, 10.5356599998,
358,3, 18.3177725601, 23.1523077011,
358,4, 26.3996994781, 12.3143120956,
359,0, 24.4543552780, 16.6031306839,
359,1, 21.7069190216, 15.0789100266,
359,2, 19.0134088898, 6.0743725777,
359,3, 20.6481749344, 30.8362475586,
359,4, 21.4300118256, 9.7650672150,
360,0, 19.7343273544, 35.1917422485,
360,1, 22.6686718369, 11.1314603806,
360,2, 21.0282203293, 22.9672145844,
360,3, 25.6917875290, 37.2360280609,
360,4, 24.9594287109, 6.2561024284,
361,0, 25.2440564346, 14.7767685699,
361,1, 23.1029972458, 29.0048877716,
361,2, 22.5485617828, 10.7244986153,
361,3, 20.6436161423, 3.6602735329,
361,4, 19.3959419632, 11.8312168121,
362,0, 25.6885044479, 31.6263169098,
362,1, 20.7967749405, 19.7292285538,
362,2, 22.0840872192, 11.7842655945,
362,3, 22.9906321335, 27.0283075714,
362,4, 23.9320669556, 35.4518080902,
363,0, 21.6652378082, 24.3107857132,
363,1, 22.2689281082, 6.1695021439,
363,2, 19.8285165787, 22.1904329681,
363,3, 19.6486734390, 17.9116946793,
363,4, 26.2589825439, 25.0552488708,
364,0, 20.2686046600, 10.5586840439,
364,1, 24.2581108093, 47.3367880249,
364,2, 25.8439019394, 16.4508314896,
364,3, 28.9578051758, 14.6643860245,
364,4, 21.5795473862, 13.0783153534,
365,0, 21.4372365570, 14.7944295883,
365,1, 21.3507188416, 26.6189646149,
365,2, 18.9153907394, 14.3978591537,
365,3, 21.0725659561, 50.9108946228,
365,4, 23.0638219070, 8.4005096436,
366,0, 22.3689148331, 18.1737194824,
366,1, 18.6168052673, 6.0975543594,
366,2, 20.2733283234, 23.7845399857,
366,3, 31.3798897552, 39.8504248810,
366,4, 24.3360134125, 9.5817435265,
367,0, 22.0211915207, 46.8756030273,
367,1, 19.7089584351, 15.0890893555,
367,2, 19.8598745346, 24.2393414307,
367,3, 18.5804691696, 26.5809018707,
367,4, 22.6436955261, 65.6179948425,
368,0, 22.2477996445, 14.7120806122,
368,1, 22.9075421906, 5.8373896408,
368,2, 22.1875717545, 68.4816925049,
368,3, 22.2615934753, 26.7835420227,
368,4, 22.7755982590, 15.2007620239,
369,0, 24.1376182175, 18.3296773529,
369,1, 19.6900322342, 18.4923456955,
369,2, 20.1847596741, 6.3882719040,
369,3, 17.4656853104, 8.5871800613,
369,4, 22.4807962799, 28.7239683533,
370,0, 25.0817211151, 67.6368865967,
370,1, 29.1501082230, 16.2173212051,
370,2, 19.2759103012, 7.0957884216,
370,3, 19.7101868057, 4.8731814861,
370,4, 15.6394122887, 8.7232687950,
371,0, 25.8610801125, 21.1396264648,
371,1, 21.7160052490, 20.0379976273,
371,2, 18.8155573273, 62.1002896118,
371,3, 25.2224464417, 11.3378580856,
371,4, 16.7431866646, 8.0664831161,
372,0, 25.0403246689, 49.4023239899,
372,1, 21.7383937454, 9.2010889626,
372,2, 20.5529813004, 18.1476050949,
372,3, 22.1025504303, 14.8118516922,
372,4, 20.6597655106, 9.4383226013,
373,0, 26.3190699387, 8.2743250847,
373,1, 19.1924509048, 11.1463497925,
373,2, 19.8477466774, 37.4692655945,
373,3, 18.4879600906, 12.7484614563,
373,4, 21.8165626907, 16.9836470795,
374,0, 17.5392866898, 14.1678811264,
374,1, 21.1467430115, 21.1653483200,
374,2, 17.6087454605, 5.4278653431,
374,3, 17.8960802460, 33.5916622925,
374,4, 21.7804256439, 48.3513832855,
375,0, 24.8411464691, 7.1180199432,
375,1, 17.2337108040, 12.4601246262,
375,2, 21.3601636124, 12.5699651337,
375,3, 24.0754745102, 11.3734193420,
375,4, 43.2142022324, 12.4503190613,
376,0, 23.6923463821, 7.1746106720,
376,1, 20.5579029083, 51.5333305359,
376,2, 17.7559567642, 8.1753023148,
376,3, 17.6951412964, 9.9540321541,
376,4, 20.0922126007, 5.1318808174,
377,0, 21.0257424164, 7.6109661674,
377,1, 25.2334939194, 10.7391155243,
377,2, 23.4447344589, 35.4301539612,
377,3, 20.1720420647, 11.4670889664,
377,4, 25.7597654343, 15.3641964722,
378,0, 22.0479396439, 11.3456560516,
378,1, 19.7019218826, 13.6329103851,
378,2, 20.2471208572, 14.7883944702,
378,3, 36.2519855881, 16.0714008713,
378,4, 17.4581551361, 6.8749038696,
379,0, 17.0246645355, 9.3120877457,
379,1, 21.4792188263, 29.4230802917,
379,2, 21.8482076263, 7.3601491547,
379,3, 20.9401654434, 29.5499921417,
379,4, 23.0004635239, 10.7206877899,
380,0, 19.2031364822, 12.3985385513,
380,1, 20.2545148468, 10.5089041710,
380,2, 16.8099564362, 10.8844195938,
380,3, 19.0772618866, 9.1449071312,
380,4, 17.7047380066, 9.4742864227,
381,0, 17.2490836525, 16.8842375946,
381,1, 20.1545161438, 43.1817007446,
381,2, 20.1487675667, 19.8996800613,
381,3, 17.3506959152, 34.4400482941,
381,4, 19.4390330887, 16.1292002106,
382,0, 18.2209244919, 9.2042165565,
382,1, 18.8017494965, 40.5753724670,
382,2, 26.1294787216, 16.3199912643,
382,3, 19.4190053940, 4.7089888096,
382,4, 21.3730005455, 35.8079779053,
383,0, 18.6078613663, 24.0906876373,
383,1, 15.7140520859, 25.6103068542,
383,2, 18.0107892227, 11.3335876465,
383,3, 20.9964131927, 60.2129260254,
383,4, 19.0290272141, 8.2330097771,
384,0, 16.6344911194, 28.0983417511,
384,1, 17.3173126411, 24.8847948837,
384,2, 19.0753678894, 23.3155329895,
384,3, 15.3535565186, 12.5088392258,
384,4, 15.9649580765, 10.6451827431,
385,0, 19.1943209076, 19.5301782608,
385,1, 17.0156148911, 14.7738629150,
385,2, 18.1955372620, 15.2503493881,
385,3, 19.4527259254, 8.7402841949,
385,4, 21.1749417114, 8.7357321739,
386,0, 17.4123217010, 9.2115962219,
386,1, 19.9945296478, 15.7275335693,
386,2, 20.1812800598, 6.3712758636,
386,3, 16.6771547890, 7.1875880051,
386,4, 24.1911495590, 19.2189293671,
387,0, 22.0444791794, 38.8302201080,
387,1, 22.4446205521, 27.2714056396,
387,2, 21.6041191864, 11.1166437721,
387,3, 22.1432245255, 11.4402944565,
387,4, 21.6713670349, 22.2652251434,
388,0, 19.8711878967, 9.7242049026,
388,1, 17.7642250252, 5.7659000015,
388,2, 15.6108053970, 7.0216557503,
388,3, 21.4873366928, 18.8946929932,
388,4, 18.1624890709, 5.7770335388,
389,0, 22.5239679718, 6.8874277687,
389,1, 22.4638715744, 16.3633000565,
389,2, 20.8370592880, 28.7472949982,
389,3, 18.7185641861, 18.8800777435,
389,4, 20.7741029358, 21.5397579575,
390,0, 16.5401025009, 26.4506687164,
390,1, 17.1151519012, 11.3077166748,
390,2, 16.1141762161, 16.6661672592,
390,3, 20.5191049194, 15.0336542511,
390,4, 21.8695962143, 43.6908103180,
391,0, 24.3197251892, 4.9203375626,
391,1, 14.1382482529, 21.3952864456,
391,2, 18.3498851204, 7.2418612480,
391,3, 15.3685556793, 14.9262099838,
391,4, 20.4797016525, 8.8689798927,
392,0, 22.7620225143, 9.6505864906,
392,1, 19.1722337341, 13.1321469498,
392,2, 17.0391086006, 7.8259012985,
392,3, 15.5665127182, 6.9551264000,
392,4, 18.3862751389, 32.8622975922,
393,0, 19.1224974251, 5.8675923347,
393,1, 17.9193960571, 18.6125300217,
393,2, 15.3098719215, 8.3618640137,
393,3, 14.9988519096, 11.4817731285,
393,4, 17.9120879173, 28.8234445953,
394,0, 21.3107673645, 24.8831833649,
394,1, 18.4064691162, 8.4206611252,
394,2, 18.8100318718, 6.8346158218,
394,3, 16.8146969032, 15.9419659042,
394,4, 22.6475833130, 51.5214523315,
395,0, 19.3342644119, 13.9622983170,
395,1, 23.6409092331, 40.5290529633,
395,2, 19.1953401184, 15.6258782196,
395,3, 14.4915698814, 18.7315584946,
395,4, 16.7086086273, 21.7874170303,
396,0, 18.6292486954, 5.6955254173,
396,1, 23.6742880249, 5.7064759445,
396,2, 19.9511949158, 4.1048603344,
396,3, 19.7075122070, 6.1621463394,
396,4, 16.2599441147, 30.3508287811,
397,0, 20.9405383682, 9.9788999939,
397,1, 20.6880544662, 10.5586770821,
397,2, 17.1521168327, 17.5090867996,
397,3, 20.1561938095, 7.0316963577,
397,4, 16.1871188354, 4.6525675678,
398,0, 21.2872793961, 44.4028796387,
398,1, 16.5717010117, 11.0950388336,
398,2, 23.2349830627, 5.3178195286,
398,3, 22.6811664200, 8.8536463547,
398,4, 17.3326357651, 7.2770825768,
399,0, 20.8788059998, 7.9170751381,
399,1, 15.5377446938, 10.5237636566,
399,2, 17.9455011749, 6.7670815849,
399,3, 17.1473335266, 5.5907801437,
399,4, 18.9779914856, 11.7989766693,
400,0, 20.8960595322, 17.0788246536,
400,1, 18.2290614700, 6.9364809608,
400,2, 13.2510878944, 7.5134400940,
400,3, 13.2703584480, 3.3930376816,
400,4, 16.8600969124, 12.7578881454,
401,0, 20.8515233231, 15.0678447723,
401,1, 15.9035344696, 8.4236537933,
401,2, 20.5669816017, 13.9948083115,
401,3, 16.4975885773, 17.5448795700,
401,4, 19.6250822830, 9.9701896477,
402,0, 16.3257472992, 5.8646193695,
402,1, 19.7774696159, 11.4379389572,
402,2, 19.5656494141, 4.8188527107,
402,3, 19.8709028625, 27.9449089050,
402,4, 23.9366070938, 39.2771520233,
403,0, 15.4207013702, 24.9970294189,
403,1, 20.6799475861, 55.2683486938,
403,2, 20.8314359474, 17.6017390060,
403,3, 15.8974723625, 10.2269480896,
403,4, 19.2705900955, 17.3558810425,
404,0, 17.4867725754, 8.6221999550,
404,1, 18.5431656837, 19.7976669312,
404,2, 19.3506385231, 8.9787297249,
404,3, 17.0759036636, 5.4780957985,
404,4, 15.1433739853, 13.7365124512,
405,0, 18.2129538345, 13.2501191711,
405,1, 19.1757060623, 11.9275653076,
405,2, 25.7791870689, 28.4666782379,
405,3, 18.5855580139, 10.3163109970,
405,4, 17.2584532166, 20.9150978470,
406,0, 25.3557263565, 32.9463113403,
406,1, 18.9845183563, 7.7813154793,
406,2, 19.2007073402, 19.7243708038,
406,3, 18.3753149033, 4.7325329781,
406,4, 16.1614640045, 10.0057162094,
407,0, 13.7839022827, 9.2630955887,
407,1, 17.1234939194, 4.0468416786,
407,2, 19.7766624832, 17.4597962570,
407,3, 19.0863158798, 5.8716227722,
407,4, 16.0540866470, 28.4822139740,
408,0, 15.9550240707, 12.4949859238,
408,1, 17.2024923325, 15.2262915421,
408,2, 14.0925410461, 14.4933692932,
408,3, 16.2362090492, 11.3495442963,
408,4, 15.8184239769, 17.6046986771,
409,0, 17.1961416626, 10.3050065422,
409,1, 18.0553957367, 39.2972530365,
409,2, 19.6598281860, 52.3918878174,
409,3, 17.2193749237, 7.1170379257,
409,4, 18.5672382736, 9.4894681549,
410,0, 12.8394930458, 12.6846331024,
410,1, 15.1411263657, 29.6968021393,
410,2, 14.9710006142, 11.7673878670,
410,3, 15.1587249565, 16.2490750504,
410,4, 20.6745799637, 8.8659549904,
411,0, 16.5969713211, 19.5794877625,
411,1, 17.5530084991, 12.0320445251,
411,2, 19.9470786667, 9.6666343689,
411,3, 15.9637646675, 13.8703482819,
411,4, 15.4067057991, 9.3523803139,
412,0, 17.5796263695, 10.5238990402,
412,1, 13.1783871651, 9.8783117676,
412,2, 16.6227107811, 24.0729684448,
412,3, 16.9955344009, 3.9457656765,
412,4, 15.3953523064, 8.6206544685,
413,0, 18.4477588654, 15.9625515747,
413,1, 21.2472490120, 20.3585277176,
413,2, 16.1351455307, 7.5495460701,
413,3, 17.5702587128, 5.9376272583,
413,4, 20.8822860718, 10.6101949310,
414,0, 23.3165022278, 28.1971931458,
414,1, 16.6488212967, 30.0672155762,
414,2, 19.5171602249, 18.6055517197,
414,3, 14.5500911140, 3.8357656956,
414,4, 15.3629230499, 3.1132638741,
415,0, 16.9160963440, 3.1007867241,
415,1, 20.3411405373, 22.4964312744,
415,2, 13.5710150146, 5.4314907265,
415,3, 23.1381798935, 9.2724523926,
415,4, 15.7418032837, 9.3231042480,
416,0, 15.9726904297, 10.0584528351,
416,1, 17.3459604073, 16.9383884811,
416,2, 16.0637270927, 19.7021131516,
416,3, 15.6589880943, 15.9621765518,
416,4, 17.7894425392, 17.6824071503,
417,0, 15.1360205841, 13.3176895142,
417,1, 16.3557153893, 15.8604878616,
417,2, 16.4216237068, 13.8984655762,
417,3, 16.0426521111, 4.9143633270,
417,4, 13.5893656731, 6.2458904648,
418,0, 21.4585577393, 21.9517921829,
418,1, 15.8936689949, 7.1331608772,
418,2, 20.3454557419, 5.2761848927,
418,3, 15.8695991135, 20.0811759567,
418,4, 16.8234323883, 20.7892910767,
419,0, 18.9688854980, 10.9001792908,
419,1, 13.8848085022, 16.1706338501,
419,2, 14.3809139824, 14.4254570007,
419,3, 13.4628729439, 15.1030683899,
419,4, 18.7224279785, 4.6258355045,
420,0, 16.7952915955, 16.6792257309,
420,1, 19.3665260124, 24.7249967957,
420,2, 19.9949525070, 5.1994785309,
420,3, 12.0826553535, 5.5968269634,
420,4, 16.0260741043, 19.6972668076,
421,0, 15.2630455399, 22.7391931152,
421,1, 18.2699843025, 27.7118283081,
421,2, 18.1284804535, 26.7353032684,
421,3, 16.7639773178, 8.2816124916,
421,4, 16.7865300751, 5.2607262421,
422,0, 15.0812995338, 12.9590896606,
422,1, 12.7316023064, 34.3633094788,
422,2, 13.0620015907, 13.4994053841,
422,3, 12.9394193649, 12.6222276688,
422,4, 14.1828403091, 9.8823395729,
423,0, 17.2530915642, 7.3686945724,
423,1, 14.7653044891, 18.6865042877,
423,2, 14.4631309319, 9.3323327446,
423,3, 11.9734453011, 4.6097131157,
423,4, 15.2459419632, 3.3227314091,
424,0, 13.7293101120, 28.5425115204,
424,1, 16.6852059746, 11.9990954971,
424,2, 13.1619586372, 8.8422663498,
424,3, 15.9400839615, 13.9956257248,
424,4, 14.9137753105, 8.8251762390,
425,0, 16.8128362465, 25.8710420990,
425,1, 20.5367625809, 22.4870434570,
425,2, 12.9265286255, 6.4026008224,
425,3, 21.3078250504, 22.0635248566,
425,4, 34.1648056793, 51.5329167175,
426,0, 21.7007811356, 21.6479351807,
426,1, 16.0124221420, 11.1792546463,
426,2, 14.0473940849, 11.8808086777,
426,3, 16.4344518089, 7.7127216911,
426,4, 13.9183971786, 8.1362609100,
427,0, 16.1656273079, 5.1742819595,
427,1, 14.6325193787, 18.6261859131,
427,2, 13.0434614182, 5.5355544853,
427,3, 14.7130260658, 25.4559928513,
427,4, 16.6523167229, 17.1079315567,
428,0, 14.8990098763, 22.9136295319,
428,1, 16.8614479637, 7.5047728348,
428,2, 13.8675723457, 14.4722097778,
428,3, 17.9525139236, 6.9794412994,
428,4, 17.1493294907, 6.8677134895,
429,0, 20.3577742004, 3.9785392284,
429,1, 19.7891267395, 15.7320917511,
429,2, 12.9801059341, 4.1833206654,
429,3, 13.5425333595, 4.9028401184,
429,4, 13.5208271790, 13.3075942993,
430,0, 15.4591373253, 5.0195775318,
430,1, 24.2093345642, 19.4690984726,
430,2, 15.3034303474, 12.0960330963,
430,3, 14.4408799362, 18.9364252472,
430,4, 16.5421756554, 9.6944615173,
431,0, 14.4261826515, 23.6582434082,
431,1, 13.8674268913, 15.0833189011,
431,2, 17.6305743027, 15.0343242264,
431,3, 18.6377629280, 8.6008828163,
431,4, 12.4310325623, 11.5281920052,
432,0, 14.6383351135, 18.6833792496,
432,1, 12.6990339851, 9.9617902565,
432,2, 13.0003522110, 7.0117577171,
432,3, 15.9943078804, 8.7898438454,
432,4, 14.7522803688, 28.8364737701,
433,0, 19.4800423813, 12.5407046509,
433,1, 15.7334930611, 15.1117355728,
433,2, 24.5645079422, 14.7548692703,
433,3, 15.7902733803, 6.6862189102,
433,4, 16.8452517319, 10.9119462967,
434,0, 14.3569410515, 6.8563166237,
434,1, 12.0440133667, 11.3037984657,
434,2, 12.6650138855, 5.5029665470,
434,3, 15.3978318405, 34.0685672760,
434,4, 16.3889522552, 3.2378031731,
435,0, 15.9637561798, 5.5587142181,
435,1, 12.0057009315, 11.0520820808,
435,2, 16.7237629700, 7.3882808113,
435,3, 21.6956047440, 17.5422721863,
435,4, 14.9298143768, 6.4842759895,
436,0, 15.6244810677, 14.3122802353,
436,1, 12.3346408653, 4.1876187229,
436,2, 15.1403893089, 28.6980183411,
436,3, 18.3463886642, 4.2388526821,
436,4, 12.3443968391, 17.7688228226,
437,0, 12.7774573898, 5.2751017475,
437,1, 14.5026659012, 12.9885099792,
437,2, 16.3463597870, 10.3302339172,
437,3, 14.6294419479, 14.7188899612,
437,4, 17.8473655128, 17.7419158554,
438,0, 17.7880957222, 61.5256777954,
438,1, 13.6663040352, 9.2205158615,
438,2, 14.6197583961, 3.5592584229,
438,3, 16.2487348175, 25.6066124725,
438,4, 14.7774155998, 4.9771874714,
439,0, 12.2794181252, 2.8032714748,
439,1, 18.6204980087, 28.6615180969,
439,2, 16.5397082329, 6.4158197212,
439,3, 14.6566407204, 6.3181376266,
439,4, 13.7006531715, 30.0341094208,
440,0, 16.7032006073, 21.1345544052,
440,1, 15.3724959183, 14.9898482513,
440,2, 13.6463589096, 15.3676709175,
440,3, 15.3133530807, 7.2512664032,
440,4, 15.0379002380, 14.1860048294,
441,0, 13.9647104645, 8.8701321602,
441,1, 13.1844086647, 4.1664371872,
441,2, 15.1886458778, 5.4714604568,
441,3, 13.2526428032, 14.0883880997,
441,4, 14.3051914215, 16.9119793320,
442,0, 14.7354102707, 4.7600630379,
442,1, 16.0459331894, 5.0850084782,
442,2, 12.3520528603, 4.0102102375,
442,3, 14.2713766670, 25.7878350449,
442,4, 12.4515240097, 7.5711049461,
443,0, 12.9729115295, 16.4154606628,
443,1, 16.2474821091, 23.1499804688,
443,2, 13.5646117401, 6.3583146095,
443,3, 15.8381031990, 34.6241603851,
443,4, 13.1444025421, 8.3465518761,
444,0, 18.0029250717, 9.9365256691,
444,1, 18.6795926476, 16.7229474640,
444,2, 16.4279107666, 19.8887845612,
444,3, 11.8176580048, 16.6267990875,
444,4, 17.0996114349, 3.9905606842,
445,0, 15.1125532532, 6.9025173950,
445,1, 13.1799194527, 6.8686671448,
445,2, 11.7812252235, 5.7841164112,
445,3, 14.4420529556, 21.4710210419,
445,4, 12.0193243217, 11.1594447708,
446,0, 11.1501877785, 17.7799813843,
446,1, 21.3496772575, 63.4313088989,
446,2, 18.0097486687, 13.5982748032,
446,3, 19.3391294098, 21.4087031937,
446,4, 14.9234836388, 4.7566094494,
447,0, 16.5375650787, 5.2472098827,
447,1, 16.6650782776, 14.5765399551,
447,2, 14.0961190414, 14.2070437622,
447,3, 14.9682450485, 7.0626482773,
447,4, 13.0923587227, 2.1657782698,
448,0, 14.4892081451, 3.3652585506,
448,1, 11.3675167465, 16.5424918747,
448,2, 12.7058851242, 5.1003760815,
448,3, 19.0525816154, 22.9797205353,
448,4, 12.7087964249, 8.7558337212,
449,0, 12.6374715805, 11.3950901604,
449,1, 13.3208803940, 14.0509304428,
449,2, 11.7602578926, 14.6101826096,
449,3, 12.5943994522, 32.3967088318,
449,4, 18.4655323410, 23.9982548904,
450,0, 15.1731719208, 7.2115766144,
450,1, 13.8675277138, 4.8479569721,
450,2, 13.5887177086, 6.7362732697,
450,3, 15.1346801186, 25.0636324692,
450,4, 16.5411468124, 7.6091028404,
451,0, 13.1379683685, 12.7631195450,
451,1, 15.0498343658, 3.5971635628,
451,2, 15.6044245338, 15.2552582550,
451,3, 13.0458958435, 9.9409015083,
451,4, 11.7180430984, 7.1290331459,
452,0, 14.2195412445, 4.3052355385,
452,1, 14.7809178543, 4.6600741863,
452,2, 12.4063201523, 10.0043682480,
452,3, 12.9219300842, 18.3032181549,
452,4, 13.5826652527, 6.2364854050,
453,0, 12.4583629990, 23.1161228943,
453,1, 12.6654209137, 16.8892973328,
453,2, 11.3332431793, 6.4726832008,
453,3, 12.7693125343, 10.4469610596,
453,4, 13.5007248306, 5.9077321148,
454,0, 12.1420966721, 11.2170666122,
454,1, 15.9046909142, 6.2599349976,
454,2, 16.2637393570, 11.9729764175,
454,3, 14.2589078331, 19.8427773666,
454,4, 12.0232067680, 7.9170339394,
455,0, 10.2761686707, 13.7659230804,
455,1, 16.2804115295, 5.8475717449,
455,2, 12.7971547699, 4.9280237961,
455,3, 14.3337245560, 7.3707950592,
455,4, 14.4587409973, 20.7540082550,
456,0, 13.0510799026, 20.2570549393,
456,1, 13.1145058632, 3.6331180382,
456,2, 12.9470103264, 7.4355080032,
456,3, 15.4818536186, 5.7556752682,
456,4, 18.6422844124, 29.2640647888,
457,0, 21.4223796654, 10.1129293823,
457,1, 13.9720493507, 12.1228379440,
457,2, 15.0489452171, 4.7700653553,
457,3, 12.4410795784, 19.0976690292,
457,4, 12.2828753853, 5.2440715218,
458,0, 16.8510611725, 53.0999993896,
458,1, 20.6892921829, 11.5274739075,
458,2, 15.7905066299, 4.0394798756,
458,3, 14.8794876099, 9.4047258949,
458,4, 14.3857379913, 14.1090458870,
459,0, 18.0374081039, 7.2171370888,
459,1, 14.7076742172, 28.1284590912,
459,2, 15.5840101624, 27.6470544434,
459,3, 13.6970317841, 2.3757803345,
459,4, 16.0633864021, 40.0663441467,
460,0, 18.7713907433, 2.9978057289,
460,1, 16.9706716728, 9.6203950119,
460,2, 13.9042081261, 9.6837836838,
460,3, 12.6878105736, 16.3618269348,
460,4, 15.2322024345, 12.4162423515,
461,0, 11.1329702759, 11.7700297928,
461,1, 12.7257611465, 6.2837321472,
461,2, 14.4310803032, 7.7955572319,
461,3, 12.7780277252, 15.0606660652,
461,4, 14.3046157074, 11.8368679810,
462,0, 14.5585690880, 6.6256830025,
462,1, 13.1506907272, 4.2715037537,
462,2, 12.4012555504, 3.8634762001,
462,3, 13.3567700005, 5.3368207645,
462,4, 13.6742163086, 13.3439883423,
463,0, 10.7454512596, 9.5180682945,
463,1, 14.2123516846, 7.6016930771,
463,2, 15.9475745773, 10.2123108292,
463,3, 16.3113094902, 4.1439510632,
463,4, 11.5660376740, 15.9504056168,
464,0, 11.6408900452, 3.5114541626,
464,1, 13.0060456848, 7.0162017250,
464,2, 21.8535478973, 5.9581004524,
464,3, 15.6968711853, 5.7594810295,
464,4, 10.3262305832, 8.1228027153,
465,0, 13.7900837708, 12.2551733398,
465,1, 15.3619660187, 8.4446684265,
465,2, 11.4028705215, 3.5658740997,
465,3, 12.7603524971, 17.0080023193,
465,4, 15.1179865837, 21.5971205139,
466,0, 12.1601996231, 4.5383251572,
466,1, 12.1451464272, 8.4218545151,
466,2, 12.7262344360, 24.3025194550,
466,3, 13.3847212601, 11.2401343536,
466,4, 11.5736213684, 9.3037730980,
467,0, 13.2468706512, 14.7984697723,
467,1, 12.2471803093, 6.3302400017,
467,2, 16.1194209480, 4.7701368046,
467,3, 11.8276921082, 19.7054824829,
467,4, 14.7672524261, 19.6857785034,
468,0, 11.0568296814, 10.5180632973,
468,1, 12.7685533524, 13.5308792496,
468,2, 14.1629243088, 10.2139355278,
468,3, 12.4130613327, 4.7457237720,
468,4, 12.6392305374, 2.4832472706,
469,0, 11.3557485390, 4.3951324749,
469,1, 15.7428156090, 14.2244750595,
469,2, 11.8563211060, 2.1936349916,
469,3, 10.1576439285, 5.4863098812,
469,4, 19.5420799828, 8.6527140808,
470,0, 18.9845536804, 48.0665727997,
470,1, 12.9696092415, 4.0442112350,
470,2, 12.9245162010, 15.0107963181,
470,3, 11.8025678635, 3.8258799076,
470,4, 12.7701304817, 10.5130587196,
471,0, 17.8355966377, 16.8142816544,
471,1, 13.5486050987, 7.5929506969,
471,2, 12.3873791885, 7.7640433025,
471,3, 11.6354445648, 7.9159624672,
471,4, 10.6929148865, 10.7243500900,
472,0, 14.6410177422, 23.7459560394,
472,1, 14.9894931412, 25.5733269882,
472,2, 13.3999814987, 5.3995866108,
472,3, 16.8466754341, 16.4674166489,
472,4, 15.3625359726, 7.4407101250,
473,0, 14.6263579559, 7.0705200386,
473,1, 12.2379290581, 6.2633361435,
473,2, 13.4446535492, 7.5586254692,
473,3, 11.6322632599, 3.6106790638,
473,4, 11.7238928795, 15.9214082336,
474,0, 11.2805207825, 3.7500662994,
474,1, 13.2879376411, 6.1058469772,
474,2, 11.4084812737, 12.6495632935,
474,3, 18.4298078918, 4.6264937115,
474,4, 10.8351104355, 12.2356234741,
475,0, 13.3323007965, 8.9636728096,
475,1, 11.9523420143, 6.1789056587,
475,2, 11.6761454391, 3.0578002262,
475,3, 12.9102463150, 7.2291840363,
475,4, 13.6318876266, 21.2045626831,
476,0, 15.2237992287, 22.2213826752,
476,1, 12.0233747673, 5.3504542255,
476,2, 11.7824475861, 21.2273531723,
476,3, 13.2735141945, 18.6139734650,
476,4, 12.9692547226, 22.5070877838,
477,0, 14.5746748543, 15.8349861908,
477,1, 11.5956758308, 11.3916165924,
477,2, 12.1834078598, 7.3266756821,
477,3, 10.6019823456, 6.9403164864,
477,4, 10.5308037376, 13.5251428986,
478,0, 14.6861331749, 20.1203260422,
478,1, 11.9723737526, 13.3263968277,
478,2, 12.1670954323, 19.4228202057,
478,3, 14.3680941010, 6.0169213295,
478,4, 10.9283454323, 9.3856998253,
479,0, 11.5607454491, 5.8729419708,
479,1, 13.5081260681, 5.2365400505,
479,2, 12.7800758553, 13.1646768188,
479,3, 12.3282667351, 17.2764792252,
479,4, 12.9554112434, 3.1921619320,
480,0, 14.7276567459, 21.0342382431,
480,1, 12.2067966080, 8.4784582520,
480,2, 14.6003385735, 12.9097858429,
480,3, 13.1152115822, 12.3280791664,
480,4, 11.2997613144, 10.8586870003,
481,0, 10.0853620148, 10.2148012543,
481,1, 10.9919813347, 2.4201904345,
481,2, 12.6739817810, 14.0297326279,
481,3, 11.5018671417, 2.9502215767,
481,4, 14.0872021866, 4.5958322430,
482,0, 13.6406628609, 6.7993372345,
482,1, 11.7585180092, 5.2366702938,
482,2, 11.7925341034, 7.9472381973,
482,3, 12.7922156715, 12.1506525803,
482,4, 12.1171847343, 10.4933318520,
483,0, 13.9510419083, 25.7154175568,
483,1, 13.8794822502, 12.8604489899,
483,2, 13.9302759552, 6.9496509361,
483,3, 12.7257828331, 8.3661924934,
483,4, 14.9001054573, 14.0396516609,
484,0, 12.2414367104, 9.9742230606,
484,1, 12.0696235847, 8.3903967285,
484,2, 13.3488353729, 8.7974027061,
484,3, 12.3051292038, 4.7128266048,
484,4, 12.8192624664, 5.7916927910,
485,0, 10.6678046036, 12.0866762161,
485,1, 13.9518083000, 10.9141745377,
485,2, 13.0220972061, 5.0331169701,
485,3, 12.8895706940, 5.9550049973,
485,4, 14.9931948662, 21.5542134094,
486,0, 12.4998114967, 19.3391560364,
486,1, 12.7535654259, 4.3418912411,
486,2, 15.8484639168, 5.5342298222,
486,3, 12.7096298790, 23.0477458954,
486,4, 13.3933330345, 10.1995999146,
487,0, 11.9023361778, 10.2713661003,
487,1, 13.3442638016, 13.2591510391,
487,2, 13.2109339714, 10.9059473038,
487,3, 10.0912514877, 7.7846065521,
487,4, 11.8052746582, 11.1687197495,
488,0, 11.7815325546, 6.0040285301,
488,1, 10.9862780952, 6.0557957458,
488,2, 12.5058370399, 15.2760535049,
488,3, 12.8204053879, 15.3664332199,
488,4, 9.8760116386, 11.0829791832,
489,0, 11.6246093750, 13.5750123787,
489,1, 12.8156815338, 32.6773813629,
489,2, 18.3786388588, 10.5652496910,
489,3, 16.2023139763, 6.9041693115,
489,4, 14.5555188942, 12.7874648285,
490,0, 11.9770576477, 6.8228079796,
490,1, 11.9074784279, 10.1901930618,
490,2, 9.7073136234, 5.7345285797,
490,3, 12.5364367485, 7.2708341408,
490,4, 10.7722433662, 4.7363543797,
491,0, 10.3970354652, 2.6164457464,
491,1, 12.8513564682, 5.1150615025,
491,2, 11.7424645233, 15.6343879700,
491,3, 11.1941113853, 21.3028512955,
491,4, 10.8539281654, 6.9860231972,
492,0, 9.5198599815, 4.3847545242,
492,1, 13.3542746353, 20.4126162338,
492,2, 10.8887116432, 7.8690892982,
492,3, 9.6227365875, 7.6856433296,
492,4, 13.2626187038, 7.4734159660,
493,0, 11.9059760284, 5.9810101223,
493,1, 10.0929628754, 9.9718000793,
493,2, 13.1297110176, 7.4505981827,
493,3, 10.1875568581, 5.8654191971,
493,4, 11.3276769447, 7.7780659485,
494,0, 11.5219123840, 17.6512334442,
494,1, 10.9371368217, 3.6169917583,
494,2, 11.9854797745, 6.9351615143,
494,3, 14.0431133461, 7.9067900085,
494,4, 10.8528863335, 11.3233572960,
495,0, 13.4025370979, 3.7731128120,
495,1, 10.9577218437, 9.6238522720,
495,2, 12.4390944576, 5.4833237267,
495,3, 13.2638301468, 5.8939693260,
495,4, 11.5162980652, 4.5883899212,
496,0, 10.2262486839, 11.8885554504,
496,1, 10.1283358383, 3.7290857029,
496,2, 10.0041462898, 5.3158701515,
496,3, 9.8436297989, 11.1362704468,
496,4, 11.5296240807, 23.9169071198,
497,0, 11.3079336548, 7.7620374298,
497,1, 11.1299597454, 16.9063246918,
497,2, 13.0271906853, 27.5496670532,
497,3, 10.5729555511, 3.6119311523,
497,4, 9.9434919930, 5.4935783958,
498,0, 10.8249590111, 6.5402224541,
498,1, 11.2153237724, 10.9598067665,
498,2, 12.5488914871, 10.3351513481,
498,3, 12.1852981377, 3.8710897446,
498,4, 10.4606471062, 7.0147494698,
499,0, 12.5089827919, 9.4847403526,
499,1, 10.1613548470, 3.9963190746,
499,2, 15.5162473679, 5.7084918404,
499,3, 11.0778322792, 22.5693718338,
499,4, 12.4738280201, 13.1354898834,
500,0, 11.4504518509, 10.3274843597,
500,1, 11.6172712708, 5.4537242794,
500,2, 10.9620582008, 8.4981285477,
500,3, 15.2422734070, 14.0875113297,
500,4, 10.8213779259, 4.4245982265,
501,0, 8.5449679947, 8.4129035759,
501,1, 10.6185103798, 4.0282408524,
501,2, 10.8328292274, 4.5974914169,
501,3, 11.3973097610, 9.7982338333,
501,4, 13.3761518478, 21.4850015259,
502,0, 11.6653960609, 7.5818269539,
502,1, 12.1186079788, 6.7611802673,
502,2, 12.5154670715, 9.6780435753,
502,3, 11.1942571640, 5.9011179447,
502,4, 11.4925763702, 17.8094639587,
503,0, 12.3452114487, 3.9744846439,
503,1, 10.4283077049, 11.7189959717,
503,2, 11.5078389931, 10.5290681839,
503,3, 10.5983882236, 27.1441880035,
503,4, 10.6023478508, 6.6181501198,
504,0, 12.4640337944, 13.2984420395,
504,1, 11.8356817722, 17.9045720291,
504,2, 10.3270326805, 7.5588827324,
504,3, 10.6134776497, 9.6233966827,
504,4, 11.1428005409, 11.2268589401,
505,0, 11.7964940262, 16.0415057755,
505,1, 11.6315160179, 9.0892905807,
505,2, 14.0692024803, 7.3205900574,
505,3, 10.1946446800, 4.9778880596,
505,4, 10.3256422710, 7.0240968704,
506,0, 14.6037349892, 2.6478771162,
506,1, 14.6260487175, 6.7848371601,
506,2, 13.4381043625, 18.1059852982,
506,3, 10.4922255993, 7.9146307945,
506,4, 10.5152921104, 10.3464570999,
507,0, 13.5131906509, 9.8677822495,
507,1, 11.3051109505, 9.7422130966,
507,2, 10.3295613861, 4.0945090008,
507,3, 10.8974117661, 12.2067083740,
507,4, 11.7806524658, 12.2003824997,
508,0, 12.8365255547, 19.1991666412,
508,1, 12.2642686272, 9.9119564819,
508,2, 11.6369453049, 10.2082714844,
508,3, 13.1416407585, 5.7629970551,
508,4, 11.6383648682, 3.7403739071,
509,0, 10.2761889076, 4.2046328163,
509,1, 13.1579446983, 7.0102152634,
509,2, 10.1164711189, 7.6215048409,
509,3, 11.7498320961, 13.6191209602,
509,4, 9.6262116241, 8.5531872368,
510,0, 10.9085798454, 18.2179309845,
510,1, 11.5192756844, 18.8702863312,
510,2, 13.4450270462, 6.6700992393,
510,3, 11.1184910774, 5.1550179863,
510,4, 10.6426175499, 21.8474200439,
511,0, 10.6455960560, 9.8872368431,
511,1, 10.6500432396, 11.2813243294,
511,2, 11.0699308014, 9.7735987473,
511,3, 11.8447751617, 16.2909860229,
511,4, 11.8501849556, 10.7201758957,
512,0, 12.8126355553, 16.7452462769,
512,1, 15.1235516167, 9.2222141266,
512,2, 12.6019644547, 3.7331748676,
512,3, 10.9897528648, 6.2187093735,
512,4, 11.7560618877, 3.5946049309,
513,0, 11.8594229698, 8.9592689133,
513,1, 11.7920877647, 5.8446659279,
513,2, 10.1289860153, 11.2650629997,
513,3, 8.9897827721, 6.7462192154,
513,4, 9.2195979309, 15.7089809799,
514,0, 11.6641051865, 7.9003777885,
514,1, 12.4281228447, 5.8803896904,
514,2, 11.7941796970, 12.7032453918,
514,3, 12.0341829872, 5.1977345657,
514,4, 10.3628270721, 14.1248706055,
515,0, 11.6247051239, 7.7191170692,
515,1, 9.7246163750, 3.4491604900,
515,2, 10.8673256302, 20.1587075806,
515,3, 12.7485135460, 15.9364027786,
515,4, 10.3311088181, 5.1101532841,
516,0, 10.1774347496, 10.9363409233,
516,1, 12.5237877846, 7.8183424759,
516,2, 12.9637858009, 7.2926236057,
516,3, 10.2218346214, 7.2072784805,
516,4, 16.7397782326, 9.2152743149,
517,0, 10.3299057579, 13.2691765213,
517,1, 10.4505987167, 19.0077718353,
517,2, 13.1157877731, 6.6925663567,
517,3, 10.3516918755, 6.6978045273,
517,4, 8.1785663319, 6.6993962383,
518,0, 9.9723300362, 12.6807338715,
518,1, 10.3854203320, 9.3555986595,
518,2, 11.0406184006, 8.1731014061,
518,3, 10.1426801300, 13.4339139175,
518,4, 11.0713245773, 12.5528352356,
519,0, 14.5631875420, 14.6279276276,
519,1, 10.3288403893, 2.7113086414,
519,2, 12.1856402588, 10.9174773598,
519,3, 9.9973157120, 2.9403630495,
519,4, 13.4263250732, 5.1702762318,
520,0, 10.0514060593, 7.7753252411,
520,1, 10.4586221123, 14.2733203506,
520,2, 10.0802536774, 6.1796811104,
520,3, 10.5553418064, 5.4310235405,
520,4, 11.1008812809, 17.5257774353,
521,0, 11.7627092171, 6.2944527626,
521,1, 11.7643555641, 37.3548932648,
521,2, 10.7566794586, 12.2483826447,
521,3, 11.3051005363, 11.0193239784,
521,4, 12.7331708527, 12.7799078941,
522,0, 12.8444225883, 17.1621990204,
522,1, 11.4060691261, 9.4852782059,
522,2, 11.4511222649, 11.8863111877,
522,3, 10.1151097870, 3.1539609241,
522,4, 11.2350516319, 15.3242401505,
523,0, 10.9507748985, 7.1449603844,
523,1, 12.3026162148, 9.1545810699,
523,2, 12.8879383087, 5.5083273125,
523,3, 12.6096347046, 4.9072034550,
523,4, 11.4965670395, 10.0434522629,
524,0, 9.6223246193, 5.5316892910,
524,1, 11.6443091774, 4.9666642380,
524,2, 11.1771041679, 5.6493482018,
524,3, 11.0957929993, 30.5950261688,
524,4, 10.7963708305, 6.3702355385,
525,0, 9.3969602203, 7.0170236015,
525,1, 8.7841044331, 8.3260507393,
525,2, 10.9352256203, 9.9788695717,
525,3, 8.7077178001, 4.6878637505,
525,4, 7.9203184795, 12.9693190002,
526,0, 9.3324950600, 5.2971699715,
526,1, 14.1618984032, 7.4824581909,
526,2, 9.4003896427, 5.9607103729,
526,3, 10.6385523605, 17.0053408051,
526,4, 10.0093758202, 3.6653906059,
527,0, 10.0999787331, 12.8257017326,
527,1, 11.5499877548, 6.5224326706,
527,2, 14.1620787430, 32.8184488678,
527,3, 11.5529658318, 19.9611852646,
527,4, 11.1038116264, 4.3626771450,
528,0, 13.2902797890, 11.6048332787,
528,1, 11.6895969200, 6.0659903049,
528,2, 10.1157871819, 10.8777715683,
528,3, 11.8275767899, 4.0613117027,
528,4, 9.5889563179, 4.7757601357,
529,0, 11.5242753220, 7.1217487335,
529,1, 10.6119429779, 7.3191129112,
529,2, 11.5292077827, 3.0124155331,
529,3, 10.4566303062, 6.7344463539,
529,4, 10.7196212959, 10.4276485634,
530,0, 11.9592153740, 12.9874618340,
530,1, 10.7910312462, 6.2810543919,
530,2, 12.1207385254, 13.0102103424,
530,3, 13.3259956741, 4.3901667118,
530,4, 13.9403694534, 10.1684026718,
531,0, 10.8540316010, 1.6871639299,
531,1, 9.7977476311, 7.4955562973,
531,2, 11.5466129303, 4.0551268768,
531,3, 9.8313409424, 6.3723095894,
531,4, 9.8857063866, 8.5135297203,
532,0, 11.2711921310, 4.2341070938,
532,1, 8.6307738876, 6.4547615814,
532,2, 10.9275888443, 11.4078894043,
532,3, 10.8021047020, 11.0191233635,
532,4, 10.7899360847, 7.4520829582,
533,0, 9.2411949539, 3.8651343250,
533,1, 10.0136213684, 11.2750581169,
533,2, 9.7042305183, 9.7023248100,
533,3, 10.5454601383, 7.1939065552,
533,4, 12.3539695930, 6.1654523659,
534,0, 10.2105985451, 12.9820333481,
534,1, 12.3540983772, 7.5216854095,
534,2, 9.7848381424, 7.0222145844,
534,3, 10.6106085396, 7.7633362007,
534,4, 10.2539426041, 12.7695682144,
535,0, 10.0073041153, 4.9057492828,
535,1, 9.3299909782, 6.0183595848,
535,2, 11.0197603226, 5.8110114288,
535,3, 10.0810435009, 3.1474715328,
535,4, 10.1908540726, 6.9958313179,
536,0, 10.9823706913, 7.3266852570,
536,1, 8.5817269516, 11.1536331558,
536,2, 11.0738091278, 5.2599394798,
536,3, 10.4803937912, 12.0107557678,
536,4, 10.7627775478, 15.3799663925,
537,0, 12.1193793678, 3.6860258389,
537,1, 11.1272836494, 6.2097686958,
537,2, 12.8024808788, 13.9564287567,
537,3, 9.9112471676, 13.8379183578,
537,4, 9.2397682476, 3.2357706547,
538,0, 11.5182238197, 3.5246130085,
538,1, 8.2684561253, 10.2555429077,
538,2, 13.0049029922, 8.0259194756,
538,3, 10.8067857742, 4.7211989784,
538,4, 10.9283743477, 23.8248638153,
539,0, 10.7553720665, 5.1730362892,
539,1, 9.3616034603, 5.3071950817,
539,2, 8.4167543221, 5.8222380924,
539,3, 9.6063210869, 4.7724009228,
539,4, 11.7625193977, 8.0968571091,
540,0, 12.1533273315, 11.3221157646,
540,1, 13.3785760689, 11.6475595474,
540,2, 9.8099715042, 7.3027292156,
540,3, 13.2233667374, 9.3108335495,
540,4, 9.5826813316, 13.0515523529,
541,0, 11.5955772591, 17.0393798065,
541,1, 8.9135902977, 4.6590887022,
541,2, 12.1377222252, 15.3700047684,
541,3, 9.3210294342, 11.4874049377,
541,4, 9.6456634235, 5.9045200062,
542,0, 10.7508586502, 4.2005084419,
542,1, 9.3324631882, 3.5842982101,
542,2, 9.0149928093, 8.9651603508,
542,3, 11.0125348473, 21.6831082153,
542,4, 10.2008057976, 11.3110218048,
543,0, 11.3073267174, 13.7469472504,
543,1, 9.5252258110, 8.6364233208,
543,2, 9.5485713959, 6.3117973709,
543,3, 9.1559323883, 4.6561117268,
543,4, 10.0958508492, 9.7412311363,
544,0, 7.4519396210, 7.5411890793,
544,1, 10.9075893784, 3.2498851871,
544,2, 10.0894503403, 5.3623862743,
544,3, 9.8722295952, 8.7406086159,
544,4, 10.3929886055, 3.7036177254,
545,0, 8.6654431725, 10.0224697113,
545,1, 10.3670004082, 4.8141248417,
545,2, 10.1698673248, 5.5875093269,
545,3, 22.5367952728, 6.9142551041,
545,4, 11.1141297340, 14.9685137177,
546,0, 8.5345472717, 4.8933800602,
546,1, 9.7323309708, 17.0993896484,
546,2, 10.0624973106, 1.9075806236,
546,3, 12.1450388336, 12.0064049911,
546,4, 11.2777999306, 17.8197686386,
547,0, 9.5610703278, 3.6154536819,
547,1, 9.1402029800, 5.0232677269,
547,2, 9.5104807281, 8.8907742691,
547,3, 10.6342310143, 4.7673264503,
547,4, 11.7429352856, 7.9692243004,
548,0, 8.6875004196, 9.3239858818,
548,1, 9.1579193497, 2.6875659752,
548,2, 7.9751061344, 15.6441288757,
548,3, 9.0174499321, 10.1034072304,
548,4, 9.9569537544, 4.3201037693,
549,0, 11.3065690231, 12.2409221840,
549,1, 9.9205295372, 8.7616983032,
549,2, 9.6337202263, 6.3828484154,
549,3, 11.1749478912, 5.6591785812,
549,4, 10.0180680466, 6.7081109238,
550,0, 10.4021887589, 3.6331352425,
550,1, 17.5478911591, 9.5442750359,
550,2, 13.4200911522, 5.5283025265,
550,3, 9.7769085693, 6.9246321106,
550,4, 10.3910718346, 19.0672328949,
551,0, 10.5396302223, 6.3968750763,
551,1, 9.9027492142, 4.0661279392,
551,2, 9.1015519142, 8.8096471786,
551,3, 12.2546560669, 5.8954299259,
551,4, 9.8766361618, 6.8616891861,
552,0, 11.6107378960, 6.6966905785,
552,1, 10.5952227592, 4.4742900372,
552,2, 11.5330016804, 9.1951482391,
552,3, 8.7194358349, 4.0097648335,
552,4, 8.0962392426, 3.5490421009,
553,0, 9.6791921043, 7.9503518677,
553,1, 10.9410241890, 7.4687069702,
553,2, 9.5415674591, 4.7026451302,
553,3, 9.0274183464, 7.4062531948,
553,4, 9.6900538063, 6.1780290985,
554,0, 10.1925250626, 5.9365271568,
554,1, 9.7684899521, 6.5552000523,
554,2, 10.3862297249, 4.3480700016,
554,3, 11.7526404953, 9.4359677696,
554,4, 9.3925962067, 5.3260569763,
555,0, 9.8751552010, 14.3156255341,
555,1, 8.6078984737, 4.5804215622,
555,2, 10.4085320473, 10.5052822113,
555,3, 8.4906902981, 9.1797722435,
555,4, 10.3520246506, 12.4269693375,
556,0, 12.7990686512, 15.2073164368,
556,1, 10.9042205238, 5.8596473694,
556,2, 8.9051430225, 10.4875625992,
556,3, 8.7260397339, 8.6316134071,
556,4, 9.5979467201, 4.3021009445,
557,0, 7.3848410606, 3.6641444492,
557,1, 10.3439961433, 17.6190552521,
557,2, 9.1370920181, 6.6914278889,
557,3, 11.6869927979, 9.9023137283,
557,4, 12.8130709457, 5.9625632477,
558,0, 8.9617953396, 6.4742118835,
558,1, 8.3144343948, 9.3005551529,
558,2, 9.1966123199, 8.2709052658,
558,3, 8.9349177074, 6.7085118389,
558,4, 7.8384956360, 3.3922268867,
559,0, 8.3127542877, 5.5336306953,
559,1, 9.0849330139, 12.2264261246,
559,2, 8.6432818222, 6.8135227489,
559,3, 8.6363513565, 6.9370224380,
559,4, 8.2934340382, 7.7243910789,
560,0, 9.4261425400, 6.1982305813,
560,1, 11.5188963890, 8.6100977516,
560,2, 8.9004775047, 4.8801287746,
560,3, 10.7026669121, 8.9558755112,
560,4, 10.9194252205, 11.4918414116,
561,0, 9.2796821022, 8.7833755302,
561,1, 8.0930788136, 16.2508150482,
561,2, 8.3508698654, 5.4549256897,
561,3, 10.7706875992, 9.1695074081,
561,4, 10.6689133072, 10.0058411407,
562,0, 11.3825876045, 4.8090923119,
562,1, 10.4762981510, 9.3199672699,
562,2, 9.0871754074, 7.3179846478,
562,3, 10.6637920761, 6.1333217621,
562,4, 7.6493631744, 5.0996706581,
563,0, 9.5903924179, 13.5208842850,
563,1, 9.9021850014, 6.5955109787,
563,2, 10.1806584167, 6.2569676113,
563,3, 9.2037944221, 4.1520477390,
563,4, 10.0593925285, 7.8110090065,
564,0, 9.5442946529, 10.8303158760,
564,1, 9.0352236938, 7.7472855568,
564,2, 8.5135497761, 9.8841433525,
564,3, 9.7841280365, 6.5378272629,
564,4, 9.3263328362, 4.5578177452,
565,0, 10.3420432472, 7.9090666008,
565,1, 9.8147543907, 9.9892617416,
565,2, 9.0856730461, 6.7060531235,
565,3, 9.0492909050, 7.6745624352,
565,4, 10.1393444061, 12.3494203568,
566,0, 10.3672881794, 2.7886659241,
566,1, 8.2471222210, 8.4640199089,
566,2, 9.8493632126, 5.7577567005,
566,3, 9.6116902733, 8.2521515179,
566,4, 9.4644128227, 13.0875399780,
567,0, 10.6301859856, 3.7346570683,
567,1, 9.5189174080, 2.0119292355,
567,2, 9.9645384407, 9.6635511971,
567,3, 9.3018045807, 2.0248373795,
567,4, 9.1669238472, 8.7960438347,
568,0, 9.0268008518, 7.7644892883,
568,1, 10.3685724354, 11.2163003731,
568,2, 11.0439424515, 8.5158577919,
568,3, 8.9498686790, 8.0695846558,
568,4, 10.7762756920, 13.2314156342,
569,0, 16.8974718666, 7.8041454697,
569,1, 7.8871424294, 4.3090184498,
569,2, 8.4241859341, 6.1742911911,
569,3, 8.8455899715, 6.1181205940,
569,4, 9.5648706245, 16.0460431290,
570,0, 10.1206610298, 3.9143395519,
570,1, 9.2117809105, 9.4492162514,
570,2, 8.5233885956, 3.0482547760,
570,3, 9.2949939919, 2.5799749231,
570,4, 9.0484286499, 11.9041172028,
571,0, 9.7046661186, 10.4469785976,
571,1, 9.4403373432, 5.4812547302,
571,2, 9.9102928925, 23.5342905045,
571,3, 10.5169017601, 6.5476286316,
571,4, 8.3252005482, 10.2497119331,
572,0, 14.0806983185, 6.0353244781,
572,1, 9.9016084576, 7.7659623146,
572,2, 9.7337373543, 2.9915376425,
572,3, 9.7179064560, 6.2763114357,
572,4, 11.2277259827, 5.9051086044,
573,0, 8.0682893753, 5.0992018604,
573,1, 9.7016432571, 25.8197239685,
573,2, 9.1458710861, 6.6874568939,
573,3, 7.7471455097, 5.9531748104,
573,4, 8.9831347466, 9.6531577682,
574,0, 8.5049430084, 4.9864239883,
574,1, 10.9663428307, 16.3974413681,
574,2, 9.2765917015, 6.6259916115,
574,3, 8.9084510803, 2.7610136414,
574,4, 10.2920446682, 9.0548829079,
575,0, 10.5384509087, 3.1421117496,
575,1, 9.3265419292, 13.1251034927,
575,2, 9.2162117195, 10.3734888077,
575,3, 8.0963318539, 6.5673874092,
575,4, 10.0850445843, 15.3530476379,
576,0, 9.6437283897, 5.9696685696,
576,1, 9.7551129150, 6.2148799419,
576,2, 9.8756284523, 10.5243526649,
576,3, 11.2931827545, 7.7768712616,
576,4, 12.0414271736, 16.8367532730,
577,0, 11.5598053932, 6.7106583023,
577,1, 9.6769029045, 8.3390945816,
577,2, 8.9920592880, 3.1349190617,
577,3, 8.3817888451, 12.0836158180,
577,4, 8.1974125385, 6.7288447952,
578,0, 10.9451960278, 3.9653575611,
578,1, 9.3318169022, 11.5917271042,
578,2, 10.1053948975, 7.6680327225,
578,3, 7.9299073410, 8.5592938995,
578,4, 8.2205809307, 11.3193621445,
579,0, 10.6041717911, 4.0898463440,
579,1, 10.7191181374, 8.7298627090,
579,2, 8.1865857220, 7.6804800034,
579,3, 8.9033991814, 3.9375859261,
579,4, 8.7885150433, 14.1742631912,
580,0, 8.6601151085, 4.3142560005,
580,1, 9.7352503395, 3.7708564186,
580,2, 9.2324638748, 4.0572209072,
580,3, 9.1223810673, 8.9500353432,
580,4, 7.6400753784, 7.3798924637,
581,0, 9.3074910927, 10.2788119316,
581,1, 9.0216231728, 10.4216312408,
581,2, 7.5629317951, 4.4098001194,
581,3, 9.0466746807, 3.5981390715,
581,4, 8.4398101044, 6.0007163048,
582,0, 8.9631858444, 15.8917431259,
582,1, 8.2953090858, 2.3354909658,
582,2, 7.8996510506, 8.5636286354,
582,3, 8.5299861717, 6.9658830833,
582,4, 8.4738326073, 7.7326162910,
583,0, 9.9520556450, 7.0066141796,
583,1, 10.6282931328, 4.6175607967,
583,2, 8.5525064468, 4.9957700157,
583,3, 9.7287715054, 3.7322395134,
583,4, 10.1557367134, 9.2195668411,
584,0, 9.6989267349, 7.1840903473,
584,1, 8.0529764271, 9.8628902054,
584,2, 9.1308507347, 12.4949081421,
584,3, 8.4810108185, 9.8919414902,
584,4, 9.1673261452, 9.7811226463,
585,0, 11.4135551834, 4.9931263733,
585,1, 7.9327426624, 7.7525477982,
585,2, 7.4839699936, 6.1431504250,
585,3, 8.0556288052, 8.4659928703,
585,4, 8.8788535881, 9.8828749657,
586,0, 8.8161544037, 6.2731056786,
586,1, 9.2226436806, 5.0110545540,
586,2, 9.1404690170, 7.8134449005,
586,3, 8.9505513573, 5.6415044498,
586,4, 8.5062095928, 6.3800285149,
587,0, 8.3985765076, 13.1223369980,
587,1, 8.4873357964, 8.1839241791,
587,2, 6.5961712837, 5.4801989651,
587,3, 9.1560606003, 5.6253942394,
587,4, 10.5162527943, 4.6714103889,
588,0, 8.8965288734, 8.3599269485,
588,1, 8.7985767937, 3.9498498154,
588,2, 8.5628027058, 12.5308512115,
588,3, 11.5222467804, 7.6199597549,
588,4, 11.9805384827, 5.1178045559,
589,0, 9.9362848282, 7.6507298470,
589,1, 9.1574930573, 7.4384702682,
589,2, 9.0216684723, 9.2155713081,
589,3, 6.9196826363, 6.1857581520,
589,4, 9.7036337852, 6.4136335754,
590,0, 10.2402165985, 4.7901277542,
590,1, 8.9022800350, 2.4131374741,
590,2, 8.3044744301, 10.3151098633,
590,3, 8.4544552040, 4.6501319695,
590,4, 6.4549814510, 5.2678173637,
591,0, 8.0787202549, 6.0865838528,
591,1, 8.8806455994, 11.6073552513,
591,2, 8.6120923615, 10.9253100586,
591,3, 8.8093617344, 8.8630416870,
591,4, 9.4259921074, 5.6355830002,
592,0, 8.7702457142, 2.4949169445,
592,1, 13.3342346191, 6.5979699135,
592,2, 10.9868664742, 7.6058011055,
592,3, 8.3506488609, 2.9315516376,
592,4, 8.5628578568, 7.5120821190,
593,0, 11.0534310913, 3.2465817738,
593,1, 9.0636747360, 10.0245730782,
593,2, 8.9307705021, 7.8513095474,
593,3, 8.4436461258, 8.4759619141,
593,4, 8.8602772713, 9.9239761925,
594,0, 9.4691994476, 2.2286010647,
594,1, 8.4828252602, 8.5554439163,
594,2, 10.6398706055, 8.2361081505,
594,3, 13.5005651474, 9.2925987434,
594,4, 7.9963962269, 6.9860601425,
595,0, 8.0853364372, 6.6369328117,
595,1, 7.1680320168, 5.2597141171,
595,2, 9.3898527145, 11.1031095505,
595,3, 8.5338208961, 15.3616024017,
595,4, 7.4387476540, 6.8464118004,
596,0, 8.0330652142, 7.0766432476,
596,1, 7.4783356094, 6.6097605896,
596,2, 8.7063010597, 2.7759911346,
596,3, 8.4544501495, 8.5739881897,
596,4, 13.7066269493, 6.4620379829,
597,0, 11.2169961166, 6.3317030525,
597,1, 8.0272439384, 6.6489763641,
597,2, 8.6131922150, 5.7980061150,
597,3, 9.0210180092, 16.9773804474,
597,4, 10.4621414566, 7.5022702980,
598,0, 10.5328284931, 3.7692956924,
598,1, 7.4078594685, 5.5190125465,
598,2, 7.6988875771, 14.7519391251,
598,3, 8.2572605515, 8.1578871536,
598,4, 7.9123321915, 5.3973153496,
599,0, 7.9765000439, 9.0960315132,
599,1, 8.3011674595, 10.7585613060,
599,2, 10.3198522377, 7.0315092468,
599,3, 8.1620857811, 9.7043536949,
599,4, 7.7363804054, 7.6950825500,
600,0, 9.7037036324, 3.2323050117,
600,1, 8.4055844879, 3.7713889122,
600,2, 8.6889072514, 9.6944504738,
600,3, 8.9627579880, 5.1768690109,
600,4, 9.4225434113, 2.3854971743,
601,0, 8.6876051807, 4.7476035976,
601,1, 10.1329539394, 6.1937479019,
601,2, 9.6123722553, 21.5630008316,
601,3, 8.7221557999, 4.2996550274,
601,4, 8.2527503395, 3.6253207302,
602,0, 9.5257184696, 7.2152571869,
602,1, 9.3389984417, 7.0686039734,
602,2, 8.2489313221, 7.9630765152,
602,3, 7.8744259262, 6.2588300991,
602,4, 9.8794506359, 7.6286456108,
603,0, 8.3446497536, 14.5579880524,
603,1, 9.2240250206, 14.0773327637,
603,2, 7.6765334129, 5.7831852722,
603,3, 8.5254515839, 8.1139788055,
603,4, 7.5463590527, 14.5478703880,
604,0, 8.0392145157, 7.7771010780,
604,1, 8.8649855709, 4.2263214874,
604,2, 7.0893817043, 8.5827122879,
604,3, 10.2400025177, 4.3281082726,
604,4, 7.3625856972, 7.1269915009,
605,0, 7.5729818630, 7.9380348778,
605,1, 7.1495299530, 3.4228940201,
605,2, 8.3912370300, 9.3894768333,
605,3, 7.5903876305, 4.8400627518,
605,4, 7.5977993774, 5.2157699108,
606,0, 8.7603894711, 9.4652071762,
606,1, 7.9605555439, 4.0705999756,
606,2, 10.6910049629, 10.9938818932,
606,3, 8.3335527229, 3.2694321156,
606,4, 9.8739551067, 6.6445574379,
607,0, 6.6016601563, 6.1697784901,
607,1, 9.2033791924, 5.3782967472,
607,2, 9.3514276886, 10.3389399529,
607,3, 8.5642904472, 7.8537940216,
607,4, 7.0462042427, 11.1976627922,
608,0, 8.2840524673, 6.1695234966,
608,1, 9.3636408329, 14.3584627151,
608,2, 8.5458709240, 2.9896146774,
608,3, 8.1953106976, 10.3944556236,
608,4, 7.8942447090, 10.7965908241,
609,0, 7.8071347618, 3.9597232056,
609,1, 7.8664029503, 2.1252540731,
609,2, 9.1194063950, 13.2783870697,
609,3, 9.9348133373, 8.6216752625,
609,4, 9.1131424332, 17.4948073196,
610,0, 8.9203108215, 1.9042642331,
610,1, 7.9502863598, 7.6977095985,
610,2, 9.6349497128, 2.4818624449,
610,3, 8.8956818581, 10.5407007980,
610,4, 8.9266829681, 5.7216771126,
611,0, 9.6059204006, 8.6003432846,
611,1, 9.1124893379, 12.4961445427,
611,2, 8.3593916321, 6.3876457596,
611,3, 7.2401315308, 3.1807620239,
611,4, 9.6280145931, 3.6652051830,
612,0, 7.6781454849, 7.7706958771,
612,1, 10.1701405525, 14.7197069168,
612,2, 8.5196362305, 6.3348233604,
612,3, 7.9783236408, 7.8887036896,
612,4, 6.9773577309, 4.2267378044,
613,0, 9.1256939316, 8.8796888351,
613,1, 7.0429292107, 5.9538756371,
613,2, 9.2524622345, 7.3017595863,
613,3, 11.9317185783, 8.1554965019,
613,4, 8.6658781147, 5.2902985477,
614,0, 7.8568209648, 9.0180157661,
614,1, 7.3207732964, 5.5490841675,
614,2, 8.1379168415, 5.6790090942,
614,3, 7.0122591019, 3.7183458233,
614,4, 9.5690691376, 20.7803330612,
615,0, 9.1350579643, 7.6800978661,
615,1, 8.9570343399, 4.4437338734,
615,2, 7.4962614059, 7.5419708443,
615,3, 11.1559102249, 6.7178483200,
615,4, 8.0061141109, 12.7540706635,
616,0, 7.9173200417, 3.2332268906,
616,1, 9.3108226013, 6.7624416351,
616,2, 8.7364855385, 7.6663678551,
616,3, 10.0590517998, 24.4027304840,
616,4, 10.0931072426, 8.7681096649,
617,0, 9.2823499298, 6.6460203743,
617,1, 9.6810061073, 7.0727521324,
617,2, 8.6008950329, 4.9826492882,
617,3, 8.6435070038, 6.6912429810,
617,4, 6.9246649742, 6.9394461441,
618,0, 8.5793552399, 6.8545624065,
618,1, 8.6715220737, 6.9936179924,
618,2, 9.7259628963, 8.4405438995,
618,3, 9.0728682709, 9.5823698425,
618,4, 6.6276665688, 6.4397206593,
619,0, 8.1534229469, 12.0670846939,
619,1, 9.0172505379, 3.8481428719,
619,2, 8.0851932144, 5.4641942787,
619,3, 8.5062949753, 8.1049170494,
619,4, 9.7884823418, 4.4932289886,
620,0, 9.4435861206, 5.7189412689,
620,1, 7.5955829620, 4.9937352180,
620,2, 8.0136545753, 2.0090787649,
620,3, 8.8581891632, 8.1089465523,
620,4, 8.3730919933, 5.6888492966,
621,0, 11.7099695969, 4.2936591721,
621,1, 8.8325165176, 11.5984862518,
621,2, 8.2615253258, 5.7466830063,
621,3, 10.1177998924, 4.9604393196,
621,4, 9.0399494934, 9.6280198097,
622,0, 9.0589301300, 3.7551229095,
622,1, 8.5856311131, 14.4420153236,
622,2, 7.7984585667, 20.7933678055,
622,3, 8.2779321957, 5.2885993195,
622,4, 7.8257563686, 3.7926576042,
623,0, 9.2257713413, 20.0533178329,
623,1, 8.3333897591, 3.0457721806,
623,2, 10.1006256104, 12.0798162460,
623,3, 7.6990116692, 3.2778526783,
623,4, 7.4924828911, 7.9152867031,
624,0, 9.0385690117, 6.1080068588,
624,1, 8.4469638062, 7.7150294685,
624,2, 9.4311023998, 4.2848389626,
624,3, 7.8652686501, 8.6149589539,
624,4, 6.8612923717, 5.3101422691,
625,0, 8.3995978546, 8.4094698334,
625,1, 8.3850183964, 10.4253702164,
625,2, 7.7640207958, 3.0608471727,
625,3, 8.7878537941, 10.7420353127,
625,4, 9.9632863808, 7.9247302628,
626,0, 9.1836629772, 8.7393694878,
626,1, 8.8800023651, 12.1561764526,
626,2, 8.9571074295, 4.0416753769,
626,3, 9.6256319809, 7.2591345406,
626,4, 7.4903479099, 4.3620479774,
627,0, 7.7105995941, 5.8782633400,
627,1, 7.3814466572, 6.7227358627,
627,2, 8.9082706356, 9.2022119904,
627,3, 9.1677962685, 10.6654630852,
627,4, 8.1653282261, 8.2505091858,
628,0, 7.9382049751, 6.2720784569,
628,1, 12.1991334534, 13.1970413208,
628,2, 9.5166073895, 13.9186438751,
628,3, 8.1662146473, 3.0160872650,
628,4, 9.1459132767, 5.0677567959,
629,0, 7.0167005157, 5.0614917850,
629,1, 8.9043177605, 6.3947784615,
629,2, 7.6986674309, 8.1658228683,
629,3, 8.8572268295, 6.2870857811,
629,4, 8.4669038296, 9.9418177795,
630,0, 8.0171009064, 7.2426844025,
630,1, 8.2258848953, 10.9489312172,
630,2, 9.8357732105, 4.2603766537,
630,3, 8.0168869495, 5.2838255024,
630,4, 8.8471192169, 12.6056037331,
631,0, 9.4195547581, 10.1821040535,
631,1, 8.2766443443, 8.0903291893,
631,2, 8.4078285122, 3.5786268234,
631,3, 8.2924333286, 4.4974803829,
631,4, 7.8365141487, 3.9364087868,
632,0, 6.7613958073, 7.7909322071,
632,1, 8.0361052036, 7.2040853691,
632,2, 7.9206817245, 3.9139447021,
632,3, 7.9282167912, 8.2964278221,
632,4, 7.2925943756, 7.2932588577,
633,0, 7.4205002975, 9.2808898735,
633,1, 7.8467424107, 3.3304068613,
633,2, 8.0550334740, 2.5562893009,
633,3, 8.2845972824, 13.2707997131,
633,4, 7.7446117401, 3.9753586102,
634,0, 7.5476679039, 11.2975444031,
634,1, 7.4656546593, 3.7853347969,
634,2, 7.8562969303, 4.0204488945,
634,3, 12.6392667770, 8.9178449440,
634,4, 8.8423997116, 9.1595433807,
635,0, 7.5004424477, 5.9104184532,
635,1, 7.4363467884, 9.5455528831,
635,2, 8.3150722122, 3.7734859753,
635,3, 7.2297079182, 4.1087176037,
635,4, 6.9564440727, 6.2880504990,
636,0, 7.7258960915, 8.5572002983,
636,1, 7.6443373299, 2.6345489216,
636,2, 6.8054702663, 3.8943884611,
636,3, 9.1408434772, 6.8998887444,
636,4, 7.9544657040, 5.2624148846,
637,0, 7.1307078171, 10.2122710609,
637,1, 7.3046785259, 6.4502728558,
637,2, 6.4266756725, 5.2493469238,
637,3, 9.1728822517, 6.4522975349,
637,4, 8.8972056389, 6.8123882294,
638,0, 7.3537108612, 3.2194051075,
638,1, 7.8668174458, 7.4192007351,
638,2, 8.3051173782, 7.6671701622,
638,3, 7.1255303574, 4.3554577065,
638,4, 6.7845492554, 7.1493751335,
639,0, 14.3170120144, 6.9108864975,
639,1, 9.0491733932, 13.3705442810,
639,2, 8.2877906990, 5.7916511250,
639,3, 7.6664382267, 5.9220523357,
639,4, 7.9594672012, 4.1598478031,
640,0, 8.0379286098, 7.2347417068,
640,1, 7.0284215450, 3.1430363750,
640,2, 7.6828728676, 11.0117053032,
640,3, 7.1450072289, 5.6456051826,
640,4, 6.8311369133, 4.3694216347,
641,0, 8.1917370033, 13.5302107620,
641,1, 7.9535436249, 3.7700263119,
641,2, 6.5858915901, 4.1050091743,
641,3, 8.8215663910, 19.8007477188,
641,4, 8.5313491344, 3.6854848003,
642,0, 7.4767405605, 4.1769981956,
642,1, 7.3810993862, 5.5793980026,
642,2, 6.9548739910, 4.8977281666,
642,3, 7.0408609200, 5.8706945801,
642,4, 7.0491436005, 5.5892024612,
643,0, 7.0914933205, 6.5207542515,
643,1, 8.0985800648, 5.5153143120,
643,2, 7.8655195236, 11.9793027878,
643,3, 6.4930400181, 4.6672228527,
643,4, 7.0457928658, 7.0669445229,
644,0, 7.6431416702, 8.1230968857,
644,1, 7.5178613281, 9.7000841141,
644,2, 8.0971293449, 4.2598482323,
644,3, 6.7546644688, 4.8200445843,
644,4, 6.9471177578, 12.2460924530,
645,0, 7.2870280457, 6.2712537956,
645,1, 10.1419576550, 15.0062202072,
645,2, 7.8654263783, 4.9315322971,
645,3, 8.1243955421, 15.6904756927,
645,4, 8.6034869194, 4.1466674137,
646,0, 9.3936340237, 16.2153150177,
646,1, 10.9511883831, 10.9841593552,
646,2, 6.6909441948, 5.3834086323,
646,3, 8.1302289867, 11.1516242790,
646,4, 7.4656532383, 5.6310446358,
647,0, 10.0271138763, 14.6961406326,
647,1, 9.6251873398, 3.3966246986,
647,2, 8.0002074909, 8.6161335182,
647,3, 6.7375268459, 5.3331820202,
647,4, 8.3986292076, 7.3464652538,
648,0, 8.0575863743, 4.7445031261,
648,1, 7.1027736855, 8.9278551483,
648,2, 6.9681728363, 9.2031718636,
648,3, 7.4561516190, 9.0955629158,
648,4, 8.1938628960, 5.6762030697,
649,0, 7.8829455757, 6.6539006615,
649,1, 7.8029002953, 12.7067293930,
649,2, 8.3708776474, 9.6080559540,
649,3, 7.5304995537, 1.9615398645,
649,4, 7.4596920776, 9.9763808060,
650,0, 6.7355441475, 3.4495977926,
650,1, 7.6343413544, 5.3867817879,
650,2, 7.4371961975, 5.9455870724,
650,3, 7.0744355774, 10.1058389473,
650,4, 7.1216501427, 5.2297407150,
651,0, 8.9962256241, 8.8057847214,
651,1, 7.8217037582, 8.8604096603,
651,2, 7.8090754795, 5.9188803387,
651,3, 8.0950982666, 6.7402095795,
651,4, 7.7633022690, 8.2034605980,
652,0, 7.9444277382, 4.2198149872,
652,1, 8.1561411095, 6.3010475540,
652,2, 8.4030764484, 5.6469073486,
652,3, 8.6284582901, 7.0338318062,
652,4, 9.5996889687, 5.8028519058,
653,0, 7.0758174419, 7.5688902473,
653,1, 8.0173271847, 4.9875075150,
653,2, 7.8268649101, 7.8827768326,
653,3, 7.4568177986, 7.6479306889,
653,4, 8.1701934624, 10.7037143707,
654,0, 8.0100993347, 3.9384397793,
654,1, 6.6740194225, 7.8278955460,
654,2, 8.3899717045, 7.3820528984,
654,3, 8.5663467407, 8.4102273560,
654,4, 8.9406117249, 4.9257952118,
655,0, 7.3286454487, 7.3954911232,
655,1, 7.8644414520, 2.4355090809,
655,2, 6.8037182617, 6.9365994263,
655,3, 8.6566314316, 6.4197830296,
655,4, 7.9610947990, 7.7484168816,
656,0, 8.7401104736, 3.2410286522,
656,1, 7.2971011448, 14.5303683853,
656,2, 8.5076915169, 10.1859740639,
656,3, 6.7638058281, 5.1434642220,
656,4, 8.5908083248, 7.6052019501,
657,0, 7.5236641216, 7.7459387207,
657,1, 7.2546403885, 3.9209126568,
657,2, 7.2931683159, 14.9092882538,
657,3, 8.4031813431, 14.5300722504,
657,4, 7.9417140007, 4.6099986935,
658,0, 8.9545665741, 5.6344594860,
658,1, 8.5050797272, 4.7045748425,
658,2, 7.8217839432, 3.4267775822,
658,3, 8.6163201046, 4.3414135170,
658,4, 6.7445912838, 5.6206953049,
659,0, 7.2793870354, 2.6394949389,
659,1, 7.1473546791, 16.6923203659,
659,2, 7.3864230824, 13.3412273026,
659,3, 7.1410777760, 4.7812320137,
659,4, 5.9196245670, 5.7600121880,
660,0, 7.2341251659, 4.0962738800,
660,1, 7.0668774796, 7.5018707752,
660,2, 11.1579792786, 5.5387097168,
660,3, 8.1455882740, 5.3909228420,
660,4, 8.9229238319, 6.2519199085,
661,0, 6.9671865463, 11.0352228737,
661,1, 10.4653430367, 2.0552337170,
661,2, 8.2465671921, 13.4060313797,
661,3, 8.7664262772, 6.6436494541,
661,4, 7.6155064583, 4.4558646202,
662,0, 7.1264361382, 5.6432557487,
662,1, 7.2616058826, 3.3576584053,
662,2, 6.9729471397, 12.7633477402,
662,3, 8.3894816399, 7.2305872345,
662,4, 8.3899648666, 6.7259066772,
663,0, 7.8419730568, 4.5279545212,
663,1, 9.6553407669, 5.1592603493,
663,2, 6.9782044601, 5.3931663609,
663,3, 8.6987225533, 13.1611458969,
663,4, 6.6766838169, 8.1891700554,
664,0, 7.5983110523, 4.0274877262,
664,1, 8.8879031849, 15.6964736557,
664,2, 7.7558965969, 5.5386766434,
664,3, 8.0653592396, 5.3579797363,
664,4, 9.6033878422, 20.1831371689,
665,0, 9.3430714226, 2.5823191023,
665,1, 7.3707492256, 10.4528883553,
665,2, 7.2934775448, 2.8873451376,
665,3, 8.3316953945, 8.2548007774,
665,4, 7.0162000275, 10.2104928207,
666,0, 8.1230032539, 2.3240816641,
666,1, 9.5152333069, 6.3360421085,
666,2, 7.2209293747, 6.7361378479,
666,3, 7.7808397770, 8.4576102638,
666,4, 6.2272505856, 5.6119454193,
667,0, 8.3974423981, 6.2135779953,
667,1, 6.5091265965, 3.7630513048,
667,2, 7.9298203182, 5.4267261410,
667,3, 7.3586769390, 5.6775498486,
667,4, 7.9685146332, 10.5057131195,
668,0, 9.7766413879, 4.8657019138,
668,1, 9.3459263420, 5.8959802818,
668,2, 8.1668737221, 5.5451072884,
668,3, 7.6125425816, 5.5278152847,
668,4, 7.3552964783, 6.4093666840,
669,0, 7.0999297810, 4.7218684769,
669,1, 6.7535086060, 3.5844581127,
669,2, 7.2992494297, 7.8872289085,
669,3, 7.8250897980, 3.6828211975,
669,4, 7.0089187145, 5.1472042751,
670,0, 6.3358909321, 5.0060112953,
670,1, 8.3766456413, 5.9070614910,
670,2, 8.4593140030, 5.2106949806,
670,3, 8.3377222633, 4.6883514309,
670,4, 7.5056303310, 5.1681086731,
671,0, 7.6357146835, 6.5510772514,
671,1, 6.7647848892, 3.1337742615,
671,2, 7.8933976841, 7.8238334846,
671,3, 7.0663197041, 6.7788131142,
671,4, 7.9548137856, 4.7711555767,
672,0, 8.3924065208, 6.1297866821,
672,1, 7.9438687849, 4.8024637413,
672,2, 8.5152497101, 10.7459786224,
672,3, 6.9254355335, 7.5905190468,
672,4, 7.8748214912, 6.0094544983,
673,0, 7.6930231094, 4.4614523792,
673,1, 6.8118550873, 3.6616497326,
673,2, 7.5385106850, 10.4767963791,
673,3, 8.3673081398, 6.7284409714,
673,4, 7.3877446175, 8.3463063240,
674,0, 7.9203165245, 3.5749339104,
674,1, 5.9949533463, 8.2184807014,
674,2, 6.9027299213, 2.0580753613,
674,3, 10.2072453308, 7.1697569752,
674,4, 7.7596391106, 6.4533313179,
675,0, 6.6561415195, 8.1465305138,
675,1, 7.2528833771, 2.2062815523,
675,2, 6.6664460182, 8.4225368690,
675,3, 7.6654625225, 5.7269779491,
675,4, 8.6216795540, 10.5683300591,
676,0, 7.1078485012, 4.4066688824,
676,1, 6.5108497429, 3.7380738926,
676,2, 7.8830683041, 5.0126614094,
676,3, 7.6305507469, 3.5530431938,
676,4, 6.9643616962, 9.2672260857,
677,0, 7.4558187771, 4.7212589741,
677,1, 7.2265175247, 5.4077796268,
677,2, 6.9896698666, 12.4793960762,
677,3, 7.1580748272, 9.3656110764,
677,4, 8.7214592266, 6.9380711746,
678,0, 6.2876838112, 8.7596928978,
678,1, 8.2842643642, 7.1815695190,
678,2, 8.2143434811, 4.9752058887,
678,3, 6.9478212261, 8.7631767082,
678,4, 6.5431838799, 4.7315292645,
679,0, 6.6939106464, 4.3618724442,
679,1, 6.8295076370, 6.2623775482,
679,2, 7.6089443779, 2.8685935974,
679,3, 7.8312973595, 6.4340699005,
679,4, 7.3458436012, 5.1948423576,
680,0, 7.4281225395, 7.3690278625,
680,1, 6.3791221905, 5.5700849533,
680,2, 7.2965922165, 6.2612734127,
680,3, 7.3227434063, 5.5031460571,
680,4, 7.4502584553, 8.6819953251,
681,0, 6.4231310081, 20.5720746994,
681,1, 8.4102148342, 7.9484967041,
681,2, 7.9650711441, 6.4065493011,
681,3, 7.4272192955, 5.8198650932,
681,4, 7.2088332462, 3.4024209785,
682,0, 7.7201932335, 8.2560365677,
682,1, 10.0173285770, 6.7945294571,
682,2, 7.3884074783, 4.3242329693,
682,3, 8.7154306412, 11.8697628784,
682,4, 6.3838409519, 7.8426791191,
683,0, 9.0843035603, 5.4934928226,
683,1, 10.5992207909, 11.5064669228,
683,2, 6.5297513199, 7.9678375816,
683,3, 6.6864442062, 3.3859004307,
683,4, 6.7203118992, 6.7992030525,
684,0, 7.9879268074, 10.0000935364,
684,1, 7.5768097687, 5.6148404217,
684,2, 7.0312149525, 1.8792572093,
684,3, 7.4650910568, 4.9518533993,
684,4, 6.4370015144, 6.1777569580,
685,0, 7.0902897549, 11.0709489250,
685,1, 6.5194568253, 6.5340949059,
685,2, 6.7791270065, 5.2579401588,
685,3, 8.0898443317, 16.8288331985,
685,4, 6.8874263573, 5.1595787525,
686,0, 6.8082442284, 4.5363327217,
686,1, 8.0976378822, 15.1187462616,
686,2, 8.0456290722, 5.3209128189,
686,3, 6.2605399609, 3.1098145819,
686,4, 6.5030237579, 5.6253743553,
687,0, 6.9604081631, 5.2862670803,
687,1, 6.2330907249, 6.8835889339,
687,2, 6.6881479454, 3.9734092236,
687,3, 7.2371540260, 5.2326399994,
687,4, 6.6545167542, 10.5411495018,
688,0, 7.1634410763, 4.4782292366,
688,1, 8.4177825737, 4.3023641968,
688,2, 6.7755598640, 4.0634886551,
688,3, 7.6364510536, 8.1361110878,
688,4, 9.0623061275, 4.9988562393,
689,0, 7.8370615768, 2.8294061756,
689,1, 6.8303225899, 2.8346730518,
689,2, 7.1597457123, 8.9477894592,
689,3, 8.0832295609, 4.4357983971,
689,4, 7.6416117191, 6.4204163361,
690,0, 6.8212619400, 4.4116860390,
690,1, 7.4895834637, 2.1854318810,
690,2, 6.7119053650, 3.5229995680,
690,3, 6.1984413338, 7.2137959957,
690,4, 8.2761466217, 14.7925516510,
691,0, 6.4668614769, 4.1586680698,
691,1, 7.6695302486, 9.0204580307,
691,2, 7.4575040436, 3.1603822136,
691,3, 7.4091979122, 6.6213052654,
691,4, 6.1598812485, 6.4719327641,
692,0, 6.3222528076, 8.7119897652,
692,1, 8.9445402813, 5.6387822819,
692,2, 8.7941530323, 9.0189496040,
692,3, 6.5696779537, 5.5086764812,
692,4, 6.3790747833, 4.0502829266,
693,0, 7.1648731041, 3.2503912067,
693,1, 7.1929814434, 5.8577902699,
693,2, 7.6536101723, 3.9835831833,
693,3, 5.5791208267, 5.9721579266,
693,4, 7.6762643242, 5.2526435375,
694,0, 6.9618618298, 6.1373934174,
694,1, 7.8509037876, 16.1202494431,
694,2, 7.9542241192, 5.6669221687,
694,3, 7.9147814178, 2.4908417702,
694,4, 7.4958315659, 5.7313993931,
695,0, 5.9428539944, 3.2825025702,
695,1, 7.2049072075, 7.6298030090,
695,2, 7.6523928547, 12.6950979614,
695,3, 7.3973578072, 5.6584512043,
695,4, 7.5047199154, 4.3162825108,
696,0, 6.6344686413, 7.2809371090,
696,1, 7.5592377377, 6.2967614460,
696,2, 6.1748331642, 5.1512458515,
696,3, 7.5638011742, 7.7095366096,
696,4, 5.6807534981, 5.3159463310,
697,0, 6.4735176373, 9.0027637672,
697,1, 7.6796554756, 8.2933219910,
697,2, 8.3009714031, 5.7056734371,
697,3, 6.8956825066, 9.0238932037,
697,4, 7.8241583443, 9.7067303658,
698,0, 7.3181072140, 11.7075252914,
698,1, 6.5096225452, 7.9826819611,
698,2, 6.6877371597, 4.0811060429,
698,3, 6.5406884384, 7.0779328156,
698,4, 7.4253690624, 12.4969306564,
699,0, 8.1247345352, 6.5011120415,
699,1, 7.0789937878, 10.5387134361,
699,2, 7.3687316704, 4.8368222427,
699,3, 7.1713417625, 7.3054977036,
699,4, 7.1326899338, 3.3258483028,
700,0, 7.8193509865, 12.3558155441,
700,1, 6.4435182476, 2.4621180105,
700,2, 6.0052792549, 9.7282319069,
700,3, 7.0139056110, 7.2184653854,
700,4, 6.3798858929, 7.4187359428,
701,0, 6.4858998775, 4.2164438438,
701,1, 10.8943464470, 6.6480663776,
701,2, 7.4652953339, 6.5663892746,
701,3, 8.0724636173, 7.7889297867,
701,4, 6.6989051247, 11.3350980377,
702,0, 6.2249809933, 4.0189042091,
702,1, 6.2315335178, 3.4118599081,
702,2, 6.7753201008, 9.1521523476,
702,3, 6.9293090153, 4.4390736389,
702,4, 8.0534335518, 2.1232128286,
703,0, 7.1430919361, 8.6724588203,
703,1, 7.3102594566, 5.9187992287,
703,2, 6.4385522652, 7.3687444782,
703,3, 7.3580685806, 9.4283460999,
703,4, 7.8057716751, 9.9769533348,
704,0, 8.4183464527, 10.2107201576,
704,1, 7.7834806156, 5.4748532867,
704,2, 7.4861793995, 6.8912162209,
704,3, 7.8479377174, 6.6970188904,
704,4, 6.9485175705, 8.6207535934,
705,0, 8.3716834736, 3.4082051277,
705,1, 6.3911908531, 7.4610769081,
705,2, 7.9153597450, 9.2209936142,
705,3, 7.8175475025, 4.2440260315,
705,4, 6.8679582500, 4.0985815430,
706,0, 6.3799547195, 7.9528862095,
706,1, 7.5787002850, 8.2796014404,
706,2, 6.7220687389, 6.5493024921,
706,3, 5.8902777576, 6.5211678123,
706,4, 7.5145219898, 1.8805566359,
707,0, 6.5260620499, 4.7268820095,
707,1, 6.2932213593, 8.6830067825,
707,2, 7.6290267277, 7.9806646538,
707,3, 6.2199036026, 3.7763185406,
707,4, 7.9336248112, 3.0114941406,
708,0, 6.4453972244, 7.3789991188,
708,1, 7.0180868149, 3.9041189575,
708,2, 7.2677136326, 8.7376416969,
708,3, 8.8851831341, 12.1636899948,
708,4, 6.5210537148, 10.0671413994,
709,0, 7.4651894569, 3.0814017534,
709,1, 6.9401089859, 2.4543188190,
709,2, 8.0902739716, 4.4308537006,
709,3, 6.5729351616, 5.6633676624,
709,4, 7.2070466423, 8.2140706444,
710,0, 6.0178005028, 5.0158067989,
710,1, 7.8983404732, 4.1796053028,
710,2, 7.9488379192, 3.6540768433,
710,3, 5.8802262211, 7.3343433952,
710,4, 7.2413145256, 5.9413058853,
711,0, 6.4621226501, 3.8751467896,
711,1, 6.7046050549, 13.3423009109,
711,2, 8.3615156364, 7.9052629852,
711,3, 7.1582137585, 8.0703651619,
711,4, 6.8946531963, 7.4796034622,
712,0, 8.2156361866, 3.2145285511,
712,1, 7.0326776314, 8.9649613190,
712,2, 6.7266039562, 4.2923316956,
712,3, 7.7935441113, 2.9460713577,
712,4, 6.8538812542, 4.9374043846,
713,0, 8.0777491856, 6.2415381241,
713,1, 8.9304901314, 4.2935971069,
713,2, 7.0426352119, 4.6374299812,
713,3, 7.5004112911, 4.8127286434,
713,4, 6.4018290997, 2.2902252769,
714,0, 7.5835042381, 4.1113515568,
714,1, 6.3413344002, 5.3155394840,
714,2, 6.7552244377, 3.5100474358,
714,3, 7.0056863689, 4.4252523232,
714,4, 8.0700837517, 8.9133898544,
715,0, 8.0789947224, 11.8186866570,
715,1, 8.1486027718, 8.0804568481,
715,2, 8.3844693661, 3.8919799423,
715,3, 7.4499270153, 5.6158107758,
715,4, 6.3035977936, 3.6735696793,
716,0, 8.2967032433, 5.8613953876,
716,1, 6.2969757843, 9.3259220886,
716,2, 6.4841454983, 4.3184199238,
716,3, 7.2339200306, 5.5067876625,
716,4, 5.8402522278, 3.8027188873,
717,0, 6.7274017620, 6.0638799000,
717,1, 7.0315417194, 10.1247250748,
717,2, 5.9002104282, 2.3448638391,
717,3, 5.7994064617, 4.3275489330,
717,4, 6.6149380207, 3.5428939056,
718,0, 6.4421903896, 3.8195374489,
718,1, 9.2220470047, 3.6341546631,
718,2, 7.3594513416, 4.9427598858,
718,3, 6.6700308752, 11.8518384361,
718,4, 6.4450587368, 5.4114902401,
719,0, 8.1304395103, 8.6884417152,
719,1, 7.8069245911, 7.9831482315,
719,2, 6.0032344818, 2.3697059059,
719,3, 8.0439034081, 6.6307933998,
719,4, 7.0983301640, 9.0344295502,
720,0, 6.2301904678, 3.2399662161,
720,1, 6.2600955963, 4.4757618332,
720,2, 6.8996460342, 7.9049752998,
720,3, 7.1853754997, 10.9682608986,
720,4, 7.4343083382, 8.8979026794,
721,0, 7.6671929741, 6.0087910175,
721,1, 6.9101839542, 5.1222461033,
721,2, 5.9838215733, 6.0127270317,
721,3, 6.7808191395, 6.0099697495,
721,4, 6.9686238480, 6.0342993927,
722,0, 6.3157747269, 8.2115711594,
722,1, 7.2787625694, 3.1298921013,
722,2, 6.0970845032, 11.1331601906,
722,3, 5.3721510410, 5.0374411488,
722,4, 6.0741749191, 7.3239629173,
723,0, 5.4686420345, 4.8521060944,
723,1, 6.1541387558, 6.5502605629,
723,2, 6.6271747303, 8.1748646927,
723,3, 6.7477614021, 9.9455321693,
723,4, 5.4451769924, 4.8808489037,
724,0, 5.6394544888, 4.0393541050,
724,1, 5.2452083969, 2.5934218121,
724,2, 6.3082153797, 4.8718115520,
724,3, 5.8902676868, 4.9552096081,
724,4, 6.6743529034, 10.3403718948,
725,0, 6.0598439026, 9.1515275002,
725,1, 7.1731838799, 5.6064341736,
725,2, 7.5784899902, 4.2719580460,
725,3, 9.2442589760, 9.2175652122,
725,4, 7.6758347321, 5.2081295204,
726,0, 12.0816211128, 15.7280318451,
726,1, 6.8626975346, 5.1252227116,
726,2, 6.9142236519, 5.8898062992,
726,3, 6.8709858894, 3.3853093529,
726,4, 8.8507089901, 7.3917823219,
727,0, 6.7107950783, 7.1415885544,
727,1, 7.1685520267, 6.4010755157,
727,2, 7.8632441330, 12.2221630478,
727,3, 10.3838735104, 9.5821337891,
727,4, 5.9776421547, 3.0339756107,
728,0, 5.6299861383, 9.2563678932,
728,1, 6.6934944725, 3.4969647408,
728,2, 7.5888715649, 6.0741258812,
728,3, 5.6175216293, 8.2021363449,
728,4, 7.3851753521, 5.2623558712,
729,0, 7.1256357098, 3.6569404364,
729,1, 5.8233163261, 6.7808792877,
729,2, 9.9589309120, 8.0956442833,
729,3, 6.9806103706, 2.2111988354,
729,4, 6.3638138390, 8.6737558365,
730,0, 6.7502950668, 7.6459725380,
730,1, 6.6344053650, 4.4145785522,
730,2, 6.5464421558, 2.8899616766,
730,3, 7.1140308189, 9.3519584274,
730,4, 6.1039312172, 4.7122993755,
731,0, 6.7805512810, 4.1510544300,
731,1, 8.9050906563, 5.2602480888,
731,2, 7.7113498211, 2.0042427826,
731,3, 7.0841284943, 3.6097328949,
731,4, 5.2138262558, 5.4676214981,
732,0, 6.1648830700, 5.8961259937,
732,1, 6.9071246529, 10.6190141106,
732,2, 6.3526550865, 6.6283416939,
732,3, 6.6627101612, 2.4912117290,
732,4, 6.6048612785, 4.1923479319,
733,0, 5.6502087498, 3.9342511368,
733,1, 8.1258624935, 9.7346759987,
733,2, 7.3206420135, 5.9255353832,
733,3, 5.2751136017, 5.6071633911,
733,4, 6.6025362682, 6.6404866791,
734,0, 5.8067622280, 4.0080449390,
734,1, 6.1166001225, 9.4601119614,
734,2, 7.2376491070, 3.3950707340,
734,3, 6.9621300793, 3.8608216763,
734,4, 6.7158740425, 5.0174384880,
735,0, 8.0311570168, 3.4790693474,
735,1, 7.7322118664, 11.6805040359,
735,2, 6.6385517311, 3.9133936787,
735,3, 6.5909816360, 3.7181421280,
735,4, 6.8803395176, 6.8759328270,
736,0, 7.7878634357, 9.4469039726,
736,1, 5.4861112785, 4.3394506168,
736,2, 7.4407543468, 4.3109823895,
736,3, 5.9056250572, 6.4958805275,
736,4, 6.1202728462, 7.5080295181,
737,0, 5.5565977955, 4.3329681110,
737,1, 7.5903161526, 9.6979531479,
737,2, 7.6561163712, 6.2135107231,
737,3, 6.6048542500, 5.1699592400,
737,4, 5.9766581917, 6.8973372459,
738,0, 6.6504945755, 4.4572680283,
738,1, 7.4885144520, 9.3932587433,
738,2, 5.7019785404, 2.7150264406,
738,3, 6.4120860767, 11.1172672462,
738,4, 7.4538993073, 6.0940712929,
739,0, 6.5256394291, 5.7351272583,
739,1, 7.1747078133, 6.7658909225,
739,2, 6.6211735630, 5.4188649750,
739,3, 6.5703667355, 2.5862719011,
739,4, 8.7092485809, 9.3666045570,
740,0, 6.1797142792, 4.8599164581,
740,1, 5.6728782749, 7.1408172035,
740,2, 5.6828482342, 5.1618370247,
740,3, 6.7890566063, 2.9098643970,
740,4, 7.5676769161, 3.4505545425,
741,0, 5.2997881794, 2.9352459955,
741,1, 6.3561830902, 6.3310607624,
741,2, 7.0152459145, 5.7820721531,
741,3, 7.2758656120, 6.9360277557,
741,4, 7.6589232063, 2.1809165525,
742,0, 6.2796250248, 6.5453537178,
742,1, 6.9892876148, 10.1818300247,
742,2, 7.0011573601, 8.5928473091,
742,3, 6.5736339474, 7.3137480545,
742,4, 10.7125834370, 5.8714720154,
743,0, 6.6830458546, 4.5245209789,
743,1, 6.0232081604, 2.5720340109,
743,2, 6.1658078289, 4.9680774975,
743,3, 9.2723766899, 7.3149233818,
743,4, 6.5694490147, 4.5699053764,
744,0, 6.3111567402, 5.8627090168,
744,1, 7.5669990540, 6.0725558376,
744,2, 7.0379461765, 3.6015889406,
744,3, 6.2650982952, 4.9189916229,
744,4, 7.7652775192, 3.9730786896,
745,0, 6.9677310276, 11.1478020287,
745,1, 6.9669569683, 5.7875019932,
745,2, 6.9038587856, 6.2081448746,
745,3, 6.8358797932, 11.3210582352,
745,4, 7.1094636154, 9.3198933601,
746,0, 5.6944100189, 6.6678544617,
746,1, 6.6684029579, 7.4946020317,
746,2, 6.7038241768, 4.8191022587,
746,3, 5.8670441628, 8.6527356148,
746,4, 5.2362715912, 4.1529895878,
747,0, 6.1522102928, 2.8450210857,
747,1, 6.0191596413, 7.0446654797,
747,2, 7.6291489315, 7.2069715691,
747,3, 6.5808251953, 5.6266860294,
747,4, 5.9463471413, 9.1268333244,
748,0, 6.2420207977, 4.4776482677,
748,1, 8.8835928917, 10.5509163475,
748,2, 7.5351656342, 14.7333915329,
748,3, 7.1783367538, 3.8867044258,
748,4, 6.4283092785, 5.1987158012,
749,0, 6.1836881447, 4.4282199192,
749,1, 5.9540221786, 5.8761534119,
749,2, 5.6284383774, 6.8565264511,
749,3, 6.7666111088, 7.3178303146,
749,4, 5.9609976673, 11.9881240082,
750,0, 6.6212948418, 4.3928048897,
750,1, 6.5257859039, 5.4631495476,
750,2, 7.3970236492, 5.3803066254,
750,3, 5.1683836460, 7.1279234123,
750,4, 6.9855055809, 3.1191353178,
751,0, 6.2410640812, 6.7383487797,
751,1, 6.3623399448, 3.5331253242,
751,2, 5.9347063255, 4.4829417992,
751,3, 5.6172325230, 4.0090813255,
751,4, 6.7949726295, 6.9835942745,
752,0, 7.8559200287, 20.4928839874,
752,1, 6.4223894882, 5.5752908802,
752,2, 7.2387095165, 5.0976559544,
752,3, 7.0492375469, 6.1894858360,
752,4, 7.8100804424, 3.7737508011,
753,0, 6.7386742496, 5.1522683716,
753,1, 8.0135110760, 8.5697048187,
753,2, 8.5100950336, 8.7019372749,
753,3, 6.6060851574, 4.6157911777,
753,4, 7.8028961563, 2.8347700644,
754,0, 6.6370273113, 4.1473648548,
754,1, 6.1893378067, 3.5153846169,
754,2, 8.1310356236, 3.7655931330,
754,3, 6.4872414970, 4.9838543415,
754,4, 6.6034841728, 5.5826899242,
755,0, 6.7480472374, 5.0523440647,
755,1, 5.3618445683, 5.3021527576,
755,2, 5.5713755322, 4.7655071259,
755,3, 5.9803905869, 6.8525158215,
755,4, 7.3076533318, 6.5217784119,
756,0, 5.0742190552, 4.7657077885,
756,1, 8.3863184547, 4.0952037430,
756,2, 6.3778810596, 3.6710123253,
756,3, 9.5700202751, 6.6497119141,
756,4, 6.9513157082, 4.9625163746,
757,0, 5.7501733875, 5.9908885670,
757,1, 7.9910308075, 4.4554033756,
757,2, 6.5063952351, 5.0270396233,
757,3, 6.0089859200, 5.5977954102,
757,4, 5.2353657055, 5.0448515034,
758,0, 6.3765398788, 8.5773029900,
758,1, 6.1645295143, 4.0216347885,
758,2, 8.7852358341, 3.4816549015,
758,3, 6.3617786121, 7.1582801247,
758,4, 7.1934747410, 6.8650482368,
759,0, 7.7636746788, 5.0914578819,
759,1, 5.7452373886, 6.3557764053,
759,2, 7.2867191982, 6.4216613293,
759,3, 6.4664944363, 10.2274642563,
759,4, 6.2441343689, 3.2132289314,
760,0, 7.1538024998, 3.7995446682,
760,1, 7.0363949490, 3.7355808353,
760,2, 5.8855412006, 11.5350012207,
760,3, 5.8512119484, 5.7998411179,
760,4, 5.8986329269, 3.5693914652,
761,0, 6.3147922707, 3.7188800526,
761,1, 5.2831158543, 7.4896124649,
761,2, 6.8003468227, 5.2539420605,
761,3, 5.9033506584, 4.2901098251,
761,4, 5.2008898735, 7.7659222603,
762,0, 6.8266114140, 3.4981498671,
762,1, 5.6113108540, 4.9519824600,
762,2, 6.2880003548, 5.6509593391,
762,3, 6.3020133972, 7.4262120438,
762,4, 6.9674723053, 4.7378807163,
763,0, 5.3730592823, 5.8185729694,
763,1, 6.5580144596, 9.1823197365,
763,2, 6.0040759087, 7.7305730343,
763,3, 6.4819406605, 6.1441587257,
763,4, 8.2201651001, 8.9031295395,
764,0, 6.4382512569, 6.1207990646,
764,1, 5.7999138451, 4.6531068707,
764,2, 7.0384162903, 4.1355946827,
764,3, 6.5326398373, 5.0527651310,
764,4, 6.4124096298, 4.5489882088,
765,0, 5.8873048401, 3.7933472824,
765,1, 6.7673639965, 5.0754321766,
765,2, 6.0294530392, 4.2626249981,
765,3, 7.9236540699, 9.1408306313,
765,4, 7.2798393536, 2.5193559694,
766,0, 7.0213075638, 5.7332883167,
766,1, 6.5643936348, 6.0983726883,
766,2, 5.9539186096, 9.1232869530,
766,3, 6.8161686516, 3.5701181698,
766,4, 4.9449923325, 4.8723557854,
767,0, 6.2666692162, 2.2372467899,
767,1, 5.9715665436, 4.3577831268,
767,2, 6.2223681831, 13.5202749252,
767,3, 6.5029496288, 4.3590237808,
767,4, 6.2802755451, 4.2955374241,
768,0, 6.5940339470, 3.3470557022,
768,1, 7.2072897339, 6.5046579933,
768,2, 7.3895534897, 6.9073572540,
768,3, 7.6329686642, 2.6815106678,
768,4, 6.0619162464, 4.8481443119,
769,0, 6.4194306564, 8.3036378288,
769,1, 7.1892696381, 8.7249803734,
769,2, 6.1405787468, 5.9535268879,
769,3, 6.7250735664, 5.7684544849,
769,4, 5.6157200527, 5.4187370205,
770,0, 6.6033470631, 4.5509457779,
770,1, 7.4870596027, 5.5723662472,
770,2, 6.2837381554, 3.4788435841,
770,3, 7.5415586853, 5.6933214378,
770,4, 6.9500790596, 3.7327867699,
771,0, 5.6872207165, 5.0020569420,
771,1, 6.7912603569, 8.0526738739,
771,2, 6.5167988014, 11.8602780724,
771,3, 6.8141655159, 9.5237352180,
771,4, 9.7872389889, 8.4700780678,
772,0, 6.7315234852, 4.4417319775,
772,1, 5.8651437950, 2.9033035088,
772,2, 6.8668338680, 6.5738597679,
772,3, 7.0760443878, 8.5727492332,
772,4, 7.9314603329, 6.6117345810,
773,0, 6.6548545265, 8.5790488625,
773,1, 6.7127967644, 7.6552464676,
773,2, 8.2752039051, 4.8666456985,
773,3, 7.2229863453, 4.5014096451,
773,4, 7.2611239338, 11.6966907883,
774,0, 6.9355019379, 17.7150531006,
774,1, 7.9450879669, 5.2423395348,
774,2, 5.8982818413, 4.8899232388,
774,3, 5.0089261818, 4.1440495110,
774,4, 6.8120921516, 4.5764375782,
775,0, 6.3152535725, 13.8411199951,
775,1, 6.2667527771, 3.1493261099,
775,2, 6.8510404778, 7.9004264641,
775,3, 6.5979599762, 4.6856818962,
775,4, 6.5911299133, 4.8226092720,
776,0, 5.2307652187, 4.3735857773,
776,1, 6.1317487717, 6.8440381241,
776,2, 6.9685163212, 4.1808887386,
776,3, 6.6338198948, 7.9445495987,
776,4, 5.2928377533, 7.2412989044,
777,0, 6.3891996098, 4.6029507351,
777,1, 5.8439076138, 6.1931032372,
777,2, 6.6841724968, 8.3417466927,
777,3, 5.8753936386, 3.8183517790,
777,4, 6.7293648434, 11.0143645287,
778,0, 6.1575697231, 4.2806415462,
778,1, 7.0501268291, 7.4817567444,
778,2, 6.0288464832, 4.8439403343,
778,3, 6.2598791599, 2.5902730989,
778,4, 6.1373825550, 2.8173886585,
779,0, 7.1146217346, 2.2279224634,
779,1, 6.3277158833, 4.3993649292,
779,2, 5.3630519485, 3.8312912083,
779,3, 7.9956927109, 5.3022185230,
779,4, 6.6824566841, 6.0107801437,
780,0, 6.6092276287, 4.9396750164,
780,1, 6.8698102760, 6.3942352486,
780,2, 6.2802485943, 9.1706185532,
780,3, 6.1058660889, 6.0804087257,
780,4, 6.4289514923, 11.7864369202,
781,0, 8.1011547661, 10.1598056984,
781,1, 6.4847318077, 9.9789634132,
781,2, 6.8585998726, 7.8300393677,
781,3, 8.0828057480, 5.8317582607,
781,4, 6.5822221088, 6.3162859154,
782,0, 6.3703129482, 5.8039681816,
782,1, 5.8420657587, 6.1767990017,
782,2, 5.5434814835, 4.8045048046,
782,3, 5.9942847538, 5.5853060627,
782,4, 5.4297840309, 4.2613419247,
783,0, 7.0262601280, 5.5535092354,
783,1, 5.9932699394, 9.3904990578,
783,2, 6.7108332348, 6.8675295448,
783,3, 6.4459712410, 5.4140266705,
783,4, 5.2216457176, 4.6343805027,
784,0, 5.8495913601, 7.4131304359,
784,1, 5.4606803799, 4.6535247231,
784,2, 6.1760038948, 3.7745574665,
784,3, 5.6120786953, 4.2293652344,
784,4, 6.6910357666, 5.7944525051,
785,0, 8.9475307751, 7.9854897881,
785,1, 7.1139037323, 4.3044558144,
785,2, 6.0153377056, 6.5859524345,
785,3, 5.6026240349, 2.8297136402,
785,4, 6.1591528893, 5.3025858307,
786,0, 6.3319431782, 4.8746332741,
786,1, 6.5686057091, 4.8908712959,
786,2, 6.3569216919, 9.0779022217,
786,3, 4.7848941040, 5.4258668518,
786,4, 6.7865630245, 2.9801823425,
787,0, 6.1225034904, 5.6979915619,
787,1, 7.1152739143, 10.5014963531,
787,2, 7.3118614674, 5.2845664978,
787,3, 6.8018712902, 3.6131634998,
787,4, 6.1039304352, 9.5428881264,
788,0, 6.4129351044, 8.2324757004,
788,1, 5.5434849834, 7.7895071411,
788,2, 6.8369807529, 4.5120077229,
788,3, 6.2943767023, 4.7164528465,
788,4, 6.3596745491, 3.3373178053,
789,0, 7.4187936687, 9.0120342827,
789,1, 5.6460980797, 5.3165887356,
789,2, 5.9611586380, 4.1618697262,
789,3, 5.1220082474, 4.2156065559,
789,4, 7.2354448414, 8.3850499916,
790,0, 5.3621431541, 5.3316302299,
790,1, 6.9098363304, 8.1499221611,
790,2, 6.0864568806, 6.6334856606,
790,3, 6.4654665470, 4.3270647335,
790,4, 5.4372759056, 3.3454825020,
791,0, 6.1871635818, 4.3093341160,
791,1, 5.6507414818, 3.1111036539,
791,2, 6.2089735031, 6.8558462906,
791,3, 6.2269441414, 6.7331064796,
791,4, 6.8406639481, 5.8563190556,
792,0, 7.1370897293, 8.9097973251,
792,1, 6.5001867580, 4.2506666279,
792,2, 6.0545559311, 6.2363603973,
792,3, 5.9692235088, 9.2853331757,
792,4, 6.3017511463, 7.3806761646,
793,0, 6.1240732193, 7.0861176872,
793,1, 6.3044880486, 6.5811955070,
793,2, 5.9401224470, 4.2885590744,
793,3, 5.8478614330, 8.0523512077,
793,4, 5.8593198490, 8.6243607330,
794,0, 6.5747832775, 4.9784000111,
794,1, 5.8902069664, 8.1941121864,
794,2, 6.0856306648, 5.4167164135,
794,3, 7.3281696987, 6.2496673203,
794,4, 6.1616316319, 4.8692618942,
795,0, 5.3652917480, 5.9792486477,
795,1, 5.7637438107, 5.2116832542,
795,2, 6.3970547009, 5.5023579693,
795,3, 6.5661607170, 9.4688332939,
795,4, 6.4242785740, 3.7141609859,
796,0, 6.3844038963, 2.7461899757,
796,1, 6.3029553604, 6.4054061127,
796,2, 6.3691432762, 7.5168701935,
796,3, 6.6077454853, 8.8817737579,
796,4, 5.8025402451, 2.8701649904,
797,0, 6.9746068478, 4.7294373417,
797,1, 7.8094186687, 3.7748366547,
797,2, 5.8205491924, 3.2796015072,
797,3, 5.4724892044, 3.1742502213,
797,4, 5.8020260620, 4.2965303135,
798,0, 6.0561791515, 6.9734178734,
798,1, 5.7317869091, 5.9669157028,
798,2, 6.4906805038, 5.2815629864,
798,3, 5.3607572746, 2.9485083199,
798,4, 7.1042164040, 2.5532364893,
799,0, 6.3223604584, 4.3193235016,
799,1, 6.6851383877, 8.0151003265,
799,2, 6.0959868908, 7.0049297905,
799,3, 7.0925757980, 5.0313433647,
799,4, 6.0911197853, 3.0456762743,
800,0, 5.3009760380, 4.2881901455,
800,1, 5.9698538780, 3.6520183086,
800,2, 7.5306775856, 9.2654238892,
800,3, 7.7781785393, 5.1788869858,
800,4, 5.9604859924, 5.8153209686,
801,0, 6.0386255741, 3.9524919701,
801,1, 6.2279937935, 6.8007339668,
801,2, 5.8099628067, 5.3239638424,
801,3, 5.9853508282, 3.7752222538,
801,4, 5.4648804426, 3.3177740812,
802,0, 5.8575519085, 4.2570148182,
802,1, 7.0603719521, 8.3809274292,
802,2, 4.7256911182, 3.8903222179,
802,3, 7.4297865772, 4.8692221355,
802,4, 6.1879457664, 5.3779079437,
803,0, 6.4574806499, 5.0566611099,
803,1, 5.4040619755, 7.9802134132,
803,2, 7.3065369606, 4.9389246750,
803,3, 6.4832403374, 6.6555030537,
803,4, 7.4228721142, 12.0121669006,
804,0, 5.5556218624, 6.7563277817,
804,1, 5.6353781700, 5.9545864868,
804,2, 6.9565227509, 10.9434855270,
804,3, 6.3228799915, 3.8712401772,
804,4, 5.9537959766, 7.8866664696,
805,0, 5.4306109142, 6.6368811798,
805,1, 4.8133492374, 4.3607668304,
805,2, 6.1095168304, 9.1498920059,
805,3, 6.1970201492, 4.2019314098,
805,4, 7.9793272114, 4.2808298492,
806,0, 7.2784109974, 4.7236757088,
806,1, 5.7438167667, 3.2142185497,
806,2, 5.8326145077, 3.9994340229,
806,3, 5.6048397160, 3.5498219919,
806,4, 6.5295984364, 7.3783954811,
807,0, 7.6263639450, 7.8992758751,
807,1, 5.4713930893, 7.4471827126,
807,2, 6.1055445385, 2.2861367798,
807,3, 6.5414636707, 3.6375533009,
807,4, 7.0866872406, 4.8885941124,
808,0, 7.2343718243, 5.4115294743,
808,1, 5.9424704838, 4.4336995506,
808,2, 7.0324315834, 5.4397273350,
808,3, 6.5188612556, 3.6823554134,
808,4, 5.9599693203, 6.3742369080,
809,0, 7.8713813019, 8.1502959061,
809,1, 5.2931076908, 4.6140830517,
809,2, 6.6631761837, 9.7511461258,
809,3, 6.2760824490, 6.3228500652,
809,4, 5.5921403694, 3.4364698124,
810,0, 6.6006902504, 4.4858362579,
810,1, 5.6666847610, 4.1888336372,
810,2, 6.4587896824, 2.2150362921,
810,3, 6.4275448608, 3.2118678093,
810,4, 5.5688009834, 3.9693155098,
811,0, 5.7891123772, 3.9471742439,
811,1, 6.1948925781, 5.7996933270,
811,2, 6.1927277660, 3.6424417973,
811,3, 6.3762932110, 6.4653964329,
811,4, 5.4110996532, 7.2075419998,
812,0, 5.6293200588, 7.7118873596,
812,1, 6.4026276779, 5.0171237373,
812,2, 6.3719495678, 7.6083986282,
812,3, 6.6485711002, 3.0719152927,
812,4, 5.3223548222, 4.0487052631,
813,0, 5.4815376377, 6.9012744522,
813,1, 5.5155410671, 5.4114997196,
813,2, 6.6028414059, 10.3529383469,
813,3, 6.5753820419, 7.7225041962,
813,4, 6.1425037193, 8.7716349411,
814,0, 5.5561875629, 6.0685160828,
814,1, 6.5685027981, 6.0427900314,
814,2, 5.5832022762, 5.7390743637,
814,3, 6.6048736858, 3.1926128292,
814,4, 5.9009823227, 3.3799523497,
815,0, 5.3491742802, 3.6850601196,
815,1, 5.6267909145, 6.0612505341,
815,2, 6.2466400337, 2.7223522234,
815,3, 6.6870555115, 7.9703970337,
815,4, 5.6967681789, 9.3853880119,
816,0, 5.4372984505, 6.5175051117,
816,1, 5.0313882923, 6.0968677807,
816,2, 6.0928751659, 5.5154756165,
816,3, 5.9316694832, 4.3428754997,
816,4, 6.5727566242, 5.5977809048,
817,0, 6.7611856651, 6.7726660156,
817,1, 5.5603767681, 5.9385115814,
817,2, 6.4527521038, 3.5171874714,
817,3, 6.3472701454, 5.3990736198,
817,4, 7.6936555386, 6.4860515594,
818,0, 6.2183189487, 5.8489805794,
818,1, 6.4354460526, 3.9862679958,
818,2, 5.7433997726, 5.4575954247,
818,3, 7.0488164330, 7.4414221382,
818,4, 6.0959701633, 3.8418710232,
819,0, 5.7525207043, 4.7219175243,
819,1, 6.8500644302, 7.6620880318,
819,2, 5.4445254612, 6.0159012985,
819,3, 4.9573991394, 6.1845270634,
819,4, 5.9845463943, 4.8408267879,
820,0, 6.2478802586, 6.1408862305,
820,1, 5.3927434444, 5.4805398273,
820,2, 5.7162178040, 3.7561126709,
820,3, 5.9941262341, 4.9349356937,
820,4, 5.3823201180, 3.0177301264,
821,0, 5.9111994934, 6.1841575813,
821,1, 5.8775220680, 3.4011827946,
821,2, 5.9100146198, 4.8751190281,
821,3, 6.4708605766, 4.0883869648,
821,4, 6.2228594494, 7.1952558136,
822,0, 5.7917831326, 4.8231059456,
822,1, 6.4655029345, 9.7649985695,
822,2, 6.7374942493, 4.5254768467,
822,3, 6.2447330666, 7.8152527046,
822,4, 6.5257137680, 7.9659143448,
823,0, 7.4773881435, 6.0565077019,
823,1, 4.9662452316, 4.5284571743,
823,2, 5.8860383511, 6.2919999409,
823,3, 5.8552184391, 3.2362010193,
823,4, 5.9184951019, 5.1168595219,
824,0, 6.4584910583, 5.9657888126,
824,1, 5.0909257698, 3.5867286682,
824,2, 5.5456613064, 5.4293547916,
824,3, 4.3948952675, 7.3093303776,
824,4, 5.2785596180, 4.8587927341,
825,0, 5.9928517342, 4.7481722260,
825,1, 6.3503128052, 6.4153955841,
825,2, 5.7855735779, 7.8962596703,
825,3, 6.9471340942, 8.3962346649,
825,4, 6.3359741592, 4.5034570885,
826,0, 5.4598283958, 4.7885601807,
826,1, 6.3695495129, 5.2513979721,
826,2, 6.0741947174, 5.2139755726,
826,3, 5.8667843437, 4.6703596497,
826,4, 6.6834538269, 5.3697049522,
827,0, 6.0651844311, 6.0680861092,
827,1, 6.7908472633, 6.8408716202,
827,2, 5.3348453140, 5.5798570728,
827,3, 6.6950005436, 5.6585179996,
827,4, 8.9973850155, 7.2460224533,
828,0, 7.7089439678, 7.9307112312,
828,1, 6.2920033646, 4.3553390503,
828,2, 5.4666634083, 5.8307883453,
828,3, 5.6932162380, 7.9829528046,
828,4, 6.5244896793, 8.1296063805,
829,0, 5.8066401958, 3.4884783030,
829,1, 7.3087813854, 4.4480979156,
829,2, 6.0063721466, 4.8500019741,
829,3, 5.8998706818, 4.6764853382,
829,4, 5.5231481361, 9.3620590401,
830,0, 5.4890137863, 5.0562088680,
830,1, 5.8945625305, 6.6603297234,
830,2, 5.5074407578, 6.9878757286,
830,3, 5.6256973934, 6.2296470070,
830,4, 4.8852637386, 3.1964909554,
831,0, 5.6927843857, 6.4412536812,
831,1, 4.7883939266, 4.6881838036,
831,2, 5.9348156834, 5.8487699127,
831,3, 5.4251090527, 7.1558646393,
831,4, 5.9873491764, 5.2711867237,
832,0, 6.2943040848, 4.6968026829,
832,1, 6.3292741108, 3.9888508511,
832,2, 6.1125594902, 5.2973564720,
832,3, 6.5785528946, 6.5041872215,
832,4, 5.1798442841, 5.7431888962,
833,0, 6.0570147324, 4.2538876057,
833,1, 5.2349848080, 4.9295713902,
833,2, 5.5750871181, 9.7003532982,
833,3, 5.6763131809, 2.7326929998,
833,4, 6.7690356541, 9.3684944725,
834,0, 6.7437215996, 8.3897537613,
834,1, 5.0083082676, 6.8613216591,
834,2, 4.8579480648, 6.3285152245,
834,3, 6.0802135468, 5.3817951775,
834,4, 4.6281044769, 3.7698661566,
835,0, 5.8098746586, 6.1284079933,
835,1, 5.4738971329, 5.1598636723,
835,2, 5.6068762016, 4.6249646950,
835,3, 6.0613005066, 7.3817073631,
835,4, 7.2296886349, 7.1159261894,
836,0, 5.9632919884, 5.5954662418,
836,1, 6.1814468575, 2.5065695524,
836,2, 9.4002934837, 3.0123399210,
836,3, 6.4949301815, 5.1097135830,
836,4, 7.4541128254, 8.4668094730,
837,0, 5.3511781025, 4.9569091511,
837,1, 5.0953409672, 4.6232768631,
837,2, 6.6943378353, 7.3205926132,
837,3, 5.9722575760, 4.2802315903,
837,4, 5.9887573242, 9.0388300705,
838,0, 5.2350050926, 6.5434880447,
838,1, 6.3853473139, 5.8750006104,
838,2, 5.9763905525, 6.8690704918,
838,3, 5.8025853062, 4.6850991440,
838,4, 6.7445478058, 3.2545024920,
839,0, 5.7263289547, 4.7338728333,
839,1, 4.9807613945, 5.2411422539,
839,2, 6.0454510117, 10.7620062447,
839,3, 6.1481815815, 6.1788651466,
839,4, 4.7382982349, 5.5493128014,
840,0, 5.2530437183, 7.2747476959,
840,1, 6.1601402378, 4.4865603256,
840,2, 5.1416596985, 4.7830889893,
840,3, 7.0315501213, 8.2927700806,
840,4, 6.6625805330, 10.4888824844,
841,0, 5.6843551731, 3.3839596319,
841,1, 7.3467645836, 7.9913782883,
841,2, 4.8532945919, 6.5073478317,
841,3, 5.2778283882, 6.4144655228,
841,4, 5.0210275841, 4.6336512280,
842,0, 6.7876254845, 4.1433334827,
842,1, 5.7498152733, 4.6071765423,
842,2, 5.4810296631, 3.7481883335,
842,3, 11.9129165745, 11.4547670937,
842,4, 5.2085655594, 3.8474571323,
843,0, 7.0058108807, 5.3954394341,
843,1, 6.2184615517, 4.8514184952,
843,2, 5.7117478657, 5.2690429688,
843,3, 7.2543349743, 7.5128341675,
843,4, 6.2770765400, 6.4533020115,
844,0, 6.9616822243, 7.3827645874,
844,1, 6.4082427692, 6.3263177156,
844,2, 5.5916587257, 6.4150306988,
844,3, 5.1991433668, 4.0067364120,
844,4, 7.0813330841, 7.4697767639,
845,0, 5.5410809994, 6.3283445549,
845,1, 5.3293946934, 4.9361352921,
845,2, 4.9459916592, 4.6526310253,
845,3, 5.6543286991, 6.5336217308,
845,4, 5.0156136608, 4.6265982819,
846,0, 5.6976421165, 4.7047515392,
846,1, 6.2033982182, 3.6669567490,
846,2, 5.2773562813, 4.0442755318,
846,3, 5.6039496517, 5.3783413887,
846,4, 5.4566119289, 3.9699922848,
847,0, 5.8034186459, 8.5102137566,
847,1, 5.6186555767, 5.1923252106,
847,2, 7.5108856106, 6.2503465652,
847,3, 5.4240371037, 5.5265742302,
847,4, 5.9739373159, 4.6105916977,
848,0, 5.2198933887, 5.7790676212,
848,1, 5.3366794252, 3.6422885609,
848,2, 5.7169225597, 5.0226438904,
848,3, 5.3621335602, 3.4856132746,
848,4, 6.2327234459, 4.0954636955,
849,0, 5.5701383495, 6.8123749924,
849,1, 6.6488271809, 7.2587813568,
849,2, 7.9999532795, 4.9632294655,
849,3, 7.5716458702, 4.4781611538,
849,4, 6.2455055714, 5.3136768818,
850,0, 5.2135035419, 3.7742842960,
850,1, 6.6276979923, 5.9554572582,
850,2, 5.4849087238, 2.8792296982,
850,3, 4.9253563881, 4.3376573372,
850,4, 5.5315104103, 4.1297595882,
851,0, 6.1559060669, 7.6468494987,
851,1, 5.6506834984, 6.7410060215,
851,2, 5.7063144684, 5.6767345333,
851,3, 5.7953003979, 4.6025353909,
851,4, 5.9583982849, 6.3123205090,
852,0, 6.3351556301, 7.9771268463,
852,1, 5.4084506512, 4.0666596317,
852,2, 6.9498544407, 6.5622843361,
852,3, 5.7892136097, 5.9205408478,
852,4, 5.6074435520, 5.1569635677,
853,0, 4.7821713638, 4.9233723450,
853,1, 7.2336582661, 7.1331614876,
853,2, 6.2247966671, 4.4762244415,
853,3, 5.4600532722, 8.5352896118,
853,4, 4.9735889816, 4.2897896767,
854,0, 5.6961152458, 4.4189647198,
854,1, 5.9505028915, 7.3135427284,
854,2, 7.2204409409, 5.5864595985,
854,3, 10.2286199474, 4.5113607502,
854,4, 7.2031053543, 5.5116141987,
855,0, 5.9179880428, 4.8732590675,
855,1, 6.1641030788, 7.2182514763,
855,2, 5.1358283329, 5.5644736767,
855,3, 5.1185595703, 5.4834688282,
855,4, 4.5037042236, 6.1841547585,
856,0, 5.8141813707, 3.9047946358,
856,1, 5.2745363808, 4.8537185001,
856,2, 5.4311415291, 4.2573877239,
856,3, 6.1070236921, 3.6833437061,
856,4, 5.5927981281, 2.6370032787,
857,0, 6.3027370644, 4.1355874729,
857,1, 7.0335699940, 5.1421662045,
857,2, 5.5951995850, 5.6728020954,
857,3, 6.1058766079, 8.2486765671,
857,4, 5.8837168980, 5.8736123085,
858,0, 6.8975424767, 6.9670700455,
858,1, 5.4301698112, 4.9385619450,
858,2, 7.7757839632, 5.3746245098,
858,3, 5.6975587845, 3.4799945450,
858,4, 5.7217744732, 5.3499904251,
859,0, 5.2868234110, 3.1029231262,
859,1, 5.6388009262, 4.4379366684,
859,2, 7.3745426941, 6.7535373878,
859,3, 6.9776064491, 8.5771721458,
859,4, 5.3949525642, 4.2979541397,
860,0, 6.1915837288, 6.0862938786,
860,1, 7.0037843990, 8.8072549248,
860,2, 6.8643635368, 4.7271169186,
860,3, 7.6421036434, 8.5597329712,
860,4, 5.5374951172, 5.7524659729,
861,0, 5.8424953365, 5.5019115829,
861,1, 4.3253529835, 6.3513801575,
861,2, 5.3546459293, 6.4316823959,
861,3, 6.4041581154, 4.0024534607,
861,4, 6.8121825886, 5.3687967014,
862,0, 4.7399661446, 5.2625236130,
862,1, 5.1884600353, 5.4249164677,
862,2, 6.0557860661, 4.8787613773,
862,3, 5.2681702995, 6.1648640537,
862,4, 5.3394132996, 6.1942914295,
863,0, 9.0784608841, 4.2164681339,
863,1, 6.6839630890, 5.6283303738,
863,2, 6.5461549091, 6.9458651161,
863,3, 5.4133160877, 3.5540677977,
863,4, 5.8681552982, 4.0223466492,
864,0, 6.2047623539, 9.1232164001,
864,1, 6.6304992199, 5.4770310211,
864,2, 5.9488289356, 4.3152301121,
864,3, 5.7718823147, 4.6585350895,
864,4, 5.1248030281, 8.1333445168,
865,0, 6.5880597019, 4.4003947067,
865,1, 6.5556210709, 9.4280012894,
865,2, 5.9189933681, 5.7098074150,
865,3, 6.8490789604, 6.0296710968,
865,4, 5.3793834305, 6.6906761932,
866,0, 7.2364305592, 5.2632049561,
866,1, 5.7837706995, 5.3606644344,
866,2, 5.9101793003, 4.5362298775,
866,3, 5.3489067173, 4.1762638760,
866,4, 5.5649259567, 4.9002599430,
867,0, 6.2226815701, 7.4337241745,
867,1, 5.5082781029, 4.0828422928,
867,2, 6.5441804123, 6.3193533230,
867,3, 4.5274047041, 3.4950827456,
867,4, 7.1423343945, 7.5865438461,
868,0, 5.1204528522, 5.9558171368,
868,1, 6.1190788031, 6.1899224377,
868,2, 7.8668820763, 10.7312672234,
868,3, 5.1902806854, 4.5415243149,
868,4, 4.5364019680, 4.7226932144,
869,0, 5.6733937168, 6.2648510551,
869,1, 7.1452946472, 8.0846191597,
869,2, 6.5528858089, 6.1327501297,
869,3, 6.6147545242, 6.6926978493,
869,4, 5.0538222313, 4.2438260078,
870,0, 4.7064206886, 4.2120810795,
870,1, 6.2645271492, 5.2049772835,
870,2, 8.6581884384, 8.0832724476,
870,3, 6.2231494999, 3.7354996967,
870,4, 6.2866619301, 5.2983933926,
871,0, 5.3901716137, 5.2472203732,
871,1, 5.8072307873, 3.8095385456,
871,2, 4.7335702324, 5.6105138111,
871,3, 5.9474165058, 5.4627331352,
871,4, 5.5993542385, 5.8517454052,
872,0, 5.3700204849, 5.1388493538,
872,1, 5.2815576649, 8.2755199432,
872,2, 5.4931443405, 4.8757711506,
872,3, 7.2782988453, 9.5802559853,
872,4, 5.8678840923, 4.7691088390,
873,0, 6.6267572689, 5.3404107571,
873,1, 4.6256160116, 4.0298424721,
873,2, 6.4037388897, 5.1823736572,
873,3, 5.8420496082, 11.9770543098,
873,4, 6.2476570034, 5.1099685860,
874,0, 5.2763224030, 6.3382637024,
874,1, 6.1909794712, 4.3506324959,
874,2, 5.9158906746, 5.7984955406,
874,3, 4.5839099550, 5.0910566711,
874,4, 6.5687763596, 3.9788208771,
875,0, 5.5637871170, 6.2894459343,
875,1, 5.7040190506, 4.0693897820,
875,2, 5.8145341873, 8.3796121407,
875,3, 6.0080512142, 5.6304393196,
875,4, 6.0214608574, 4.7117864418,
876,0, 5.2747925949, 5.0206830788,
876,1, 5.7507505608, 3.9869201660,
876,2, 5.9406302452, 5.7112906361,
876,3, 5.7568893242, 3.7841051674,
876,4, 6.9472841072, 4.8262100792,
877,0, 5.6316769791, 5.2656593323,
877,1, 5.0453639221, 3.0569742632,
877,2, 6.9573025131, 5.3842719460,
877,3, 5.6979920673, 10.4391408157,
877,4, 6.5686010838, 4.6229870605,
878,0, 5.3279695702, 5.1103736496,
878,1, 6.0102201080, 5.5741852570,
878,2, 4.7945849133, 4.4948619080,
878,3, 5.1620474434, 5.6555350590,
878,4, 4.8016301060, 5.3923655033,
879,0, 5.7534171200, 7.1159763908,
879,1, 6.0280376816, 7.2800556564,
879,2, 6.2379081821, 5.3234943295,
879,3, 5.6852951813, 9.3564459038,
879,4, 5.6349715328, 7.6488636780,
880,0, 5.9557594681, 7.9224138832,
880,1, 5.6257861233, 4.8673554230,
880,2, 5.7614357233, 4.4684775829,
880,3, 5.7237563324, 4.8809583282,
880,4, 6.1748672771, 6.5522153664,
881,0, 6.3308073616, 4.8177796650,
881,1, 6.1426751804, 6.3970904732,
881,2, 5.0430065250, 5.6188727570,
881,3, 4.8554514694, 5.6899290848,
881,4, 4.8665530300, 7.2498960876,
882,0, 5.7442347336, 4.5639277458,
882,1, 5.4678561401, 6.9369137192,
882,2, 5.0681028461, 6.6808566666,
882,3, 5.5877139282, 4.6512753677,
882,4, 5.6383834743, 5.6872034836,
883,0, 5.1699357510, 3.8602457142,
883,1, 6.0190756512, 6.7685230255,
883,2, 5.4968699646, 5.2581717300,
883,3, 5.2472601128, 5.3090288448,
883,4, 5.2702884054, 7.8953470230,
884,0, 5.3703932667, 7.4473475838,
884,1, 5.2371052933, 6.3685400200,
884,2, 5.7593998432, 4.4641410255,
884,3, 5.4908662844, 4.0111792660,
884,4, 4.9147926998, 7.2849352646,
885,0, 6.0766901207, 9.7761124802,
885,1, 5.0363946152, 4.6110567284,
885,2, 5.7869829559, 4.5423558235,
885,3, 6.3006392479, 11.1084790230,
885,4, 5.9031176758, 4.5395935249,
886,0, 5.4143424702, 6.5347985935,
886,1, 5.6678839397, 4.7925960827,
886,2, 5.3973840332, 7.1740296745,
886,3, 5.2429560757, 4.5500249577,
886,4, 5.1094843483, 6.5095799065,
887,0, 5.5364791965, 4.8929289913,
887,1, 6.0562953854, 6.6128064537,
887,2, 5.8207704735, 3.3225890160,
887,3, 5.3871143341, 4.5679078293,
887,4, 5.4143254280, 5.0186636925,
888,0, 6.1747245312, 4.4517269611,
888,1, 5.9294419289, 5.1336686611,
888,2, 5.6167716312, 10.0915692711,
888,3, 6.0363624668, 6.5404182625,
888,4, 5.1868002701, 6.7704577637,
889,0, 6.4066329384, 3.6880435944,
889,1, 5.7944750881, 4.9879405117,
889,2, 6.1808327007, 7.3394880295,
889,3, 5.6112537479, 8.9561423492,
889,4, 5.8790426350, 5.1813582420,
890,0, 5.1801357746, 3.9361872387,
890,1, 7.3132740021, 9.4400306892,
890,2, 5.8154086113, 6.7722502422,
890,3, 5.1997020054, 3.9572068119,
890,4, 5.2502489948, 4.1384917259,
891,0, 5.2810986423, 3.0229321861,
891,1, 5.1382683372, 2.7884312630,
891,2, 5.5008709145, 5.2655096626,
891,3, 5.0525139332, 3.8383979511,
891,4, 5.4663620758, 4.5293947601,
892,0, 6.0032080269, 5.3963367081,
892,1, 5.0025768423, 4.0955238914,
892,2, 6.2760479546, 6.1955017471,
892,3, 5.0116268778, 2.6245019770,
892,4, 6.3755705452, 4.8623544312,
893,0, 5.2971847916, 5.1920960808,
893,1, 4.8166869831, 7.0889657784,
893,2, 6.1986226463, 5.4035326004,
893,3, 5.3651029587, 4.4170144176,
893,4, 7.3232738781, 6.0049832153,
894,0, 6.4086640263, 3.5419171619,
894,1, 5.5808574581, 6.8176484966,
894,2, 5.1780955982, 5.4371008778,
894,3, 5.1280248642, 5.8426878738,
894,4, 5.4444551086, 8.5519916725,
895,0, 5.8598241711, 5.5625567436,
895,1, 4.9818430328, 5.1234337616,
895,2, 5.6109066486, 4.8639474487,
895,3, 5.0237773037, 7.3285365105,
895,4, 4.6024990940, 3.7743183041,
896,0, 5.7763066006, 4.0018621349,
896,1, 6.8168013859, 5.6099550247,
896,2, 5.5116633415, 5.9121978951,
896,3, 5.5711048317, 7.0637860966,
896,4, 6.5252054501, 6.3246435165,
897,0, 4.9784127522, 4.5144104099,
897,1, 5.2114420986, 6.9276484680,
897,2, 5.4159705639, 5.5920955563,
897,3, 5.0149549770, 6.3666329193,
897,4, 6.5070650196, 4.2796011066,
898,0, 5.5375712299, 5.3976332188,
898,1, 5.8795026779, 2.9594429874,
898,2, 5.8452083397, 5.3330129623,
898,3, 4.3400009918, 4.5475868320,
898,4, 5.0847314262, 4.2799095726,
899,0, 5.3773181915, 5.8102525234,
899,1, 4.8079186821, 6.1699820328,
899,2, 5.6560350990, 5.9071677971,
899,3, 5.1969402409, 6.8215171432,
899,4, 4.1348228264, 5.4999239635,
900,0, 4.7181919289, 6.3661024189,
900,1, 5.5252872276, 5.7958614063,
900,2, 4.7849293613, 5.8970757580,
900,3, 5.3483857155, 6.8801708984,
900,4, 6.3505115509, 5.8194396687,
901,0, 5.4177883720, 5.0876941395,
901,1, 5.2236907482, 5.3533238888,
901,2, 4.8895901680, 5.0280943775,
901,3, 5.2422329617, 5.9408951664,
901,4, 6.0351280403, 6.3263488388,
902,0, 5.2732301712, 5.0437119865,
902,1, 5.4699818802, 5.5101614475,
902,2, 5.0918740463, 3.5634594059,
902,3, 5.6501110935, 5.2784796524,
902,4, 5.0150702858, 5.2172822189,
903,0, 5.4155936146, 6.2151084900,
903,1, 4.7717497396, 4.4552315617,
903,2, 6.8535722446, 5.6983558846,
903,3, 7.7668166733, 5.2785137367,
903,4, 5.8130905914, 3.2209719086,
904,0, 6.3288772583, 3.4265195179,
904,1, 5.4877865982, 8.6767790985,
904,2, 5.1523673630, 4.1617523098,
904,3, 5.3924843216, 4.5068596840,
904,4, 5.3782924938, 4.5103581429,
905,0, 5.2515094376, 6.5110453892,
905,1, 5.3481303453, 5.1357407570,
905,2, 4.9461550426, 6.8482745743,
905,3, 5.5784766769, 5.9234026241,
905,4, 5.7438242340, 5.4784124374,
906,0, 6.3109533691, 7.5544310570,
906,1, 6.0646135616, 6.8783793831,
906,2, 5.0847315645, 4.9683121681,
906,3, 6.5330907345, 9.0933028412,
906,4, 6.8270577335, 4.8542060471,
907,0, 5.3297233295, 3.6436694050,
907,1, 5.5758039570, 6.3171438789,
907,2, 5.4198948669, 4.5841186619,
907,3, 4.7080621862, 5.3136536884,
907,4, 5.2183718395, 8.6355481148,
908,0, 9.7487843704, 10.0852039719,
908,1, 5.2884343338, 5.5951034546,
908,2, 5.1027794838, 4.9954334736,
908,3, 5.9191531658, 5.1064117622,
908,4, 5.7832779980, 6.7088481903,
909,0, 5.5726885033, 3.8085257339,
909,1, 5.2628853798, 5.2336913204,
909,2, 5.3532273865, 3.6336425591,
909,3, 6.0767101765, 5.6671185398,
909,4, 4.8643585014, 3.1548757839,
910,0, 5.1112785912, 5.0755297756,
910,1, 6.2256907272, 5.4764461803,
910,2, 5.8658237267, 4.6322653675,
910,3, 5.9130559444, 4.1783829689,
910,4, 5.8687695217, 6.6023530006,
911,0, 5.4682534218, 5.6349358273,
911,1, 5.0150182438, 4.9380230331,
911,2, 5.1527955246, 6.1103120041,
911,3, 5.2091690826, 5.7598634148,
911,4, 5.1234244823, 6.8295189285,
912,0, 5.0224801826, 5.9039422607,
912,1, 5.1509032154, 7.0710482788,
912,2, 5.0320144463, 7.7202296829,
912,3, 5.7438680172, 6.0607354641,
912,4, 4.6206531620, 3.8709983158,
913,0, 5.1810193110, 3.8338535881,
913,1, 7.6445157242, 9.6928304291,
913,2, 6.6212157917, 6.3438352108,
913,3, 5.9809437656, 4.4477425098,
913,4, 6.3254743576, 5.2288759136,
914,0, 5.5281239796, 5.6179602623,
914,1, 5.9421236038, 6.2437239838,
914,2, 6.3009381866, 3.9484128857,
914,3, 6.0654008770, 5.5565638828,
914,4, 7.1488231182, 10.6158366585,
915,0, 5.6567623520, 7.7310093117,
915,1, 5.5009963226, 6.0410816669,
915,2, 4.6334013462, 5.7365646744,
915,3, 6.5645461750, 7.8598462868,
915,4, 4.9291226196, 3.7825010014,
916,0, 4.9421866894, 3.9413890743,
916,1, 5.7776746845, 5.4864566708,
916,2, 4.9080990696, 2.6636893702,
916,3, 5.4488346100, 4.6506521034,
916,4, 5.6712320518, 4.5635707951,
917,0, 5.3032329941, 5.8313120174,
917,1, 5.5749625587, 6.4559642792,
917,2, 5.1290263128, 7.2710334778,
917,3, 5.3495691872, 3.9937346172,
917,4, 5.2044291115, 4.0343619728,
918,0, 5.6011483574, 6.7301433563,
918,1, 5.7876744556, 12.8893111420,
918,2, 5.9267084026, 5.5202662182,
918,3, 4.7126226330, 3.7744992352,
918,4, 5.4677551746, 3.3237761402,
919,0, 5.0138993692, 5.5080425453,
919,1, 5.1829223728, 5.3143593216,
919,2, 5.6573024464, 3.0614432240,
919,3, 4.6825133991, 4.6173985195,
919,4, 5.1069000530, 4.3872915173,
920,0, 6.8060672092, 5.4981464195,
920,1, 5.8599777985, 5.4955868340,
920,2, 7.4560449600, 8.2874712753,
920,3, 5.3778850174, 4.0564451599,
920,4, 5.9267956066, 3.8686073112,
921,0, 5.5846784782, 7.2025878143,
921,1, 4.9081795597, 3.4559719944,
921,2, 4.8156367493, 11.2115322113,
921,3, 5.6570669842, 6.3985277748,
921,4, 5.5879798985, 6.6771451187,
922,0, 5.4408745384, 4.1367986393,
922,1, 6.1323125744, 5.4683407784,
922,2, 6.0613473320, 5.2482625389,
922,3, 5.5501051235, 5.2674002647,
922,4, 5.1377153015, 4.1028572655,
923,0, 6.5310570812, 4.2319127560,
923,1, 4.9449031258, 4.7860580921,
923,2, 5.2939134979, 5.5912687683,
923,3, 5.0284737778, 5.6115298939,
923,4, 6.7112010479, 8.1039420509,
924,0, 5.0788417435, 6.2496893215,
924,1, 4.7331755066, 3.1019343758,
924,2, 5.8419742393, 4.2427550888,
924,3, 5.2266340971, 5.4978916454,
924,4, 5.5830773592, 3.7610021305,
925,0, 4.6538306046, 3.6302904797,
925,1, 5.1133117104, 5.5461434937,
925,2, 5.1525024509, 4.3918088436,
925,3, 6.1111202526, 7.0678992844,
925,4, 6.5843081188, 7.2690135765,
926,0, 9.0198021793, 4.0664890003,
926,1, 4.7772972870, 3.8768419361,
926,2, 4.8214987850, 3.3681422663,
926,3, 4.8172082233, 4.2146417809,
926,4, 6.0900979424, 4.3989631176,
927,0, 5.0265039730, 8.1542586136,
927,1, 5.0473022270, 5.4585177517,
927,2, 6.0254134369, 4.2884201813,
927,3, 5.3659929085, 3.2967761850,
927,4, 5.7618213558, 4.0337795734,
928,0, 4.4596505594, 5.6337187099,
928,1, 5.6883262920, 5.5038068008,
928,2, 5.3710489941, 5.4680469704,
928,3, 4.8336935997, 3.4509321785,
928,4, 5.0419200897, 4.9495789814,
929,0, 5.7684228897, 5.4757903194,
929,1, 6.1535642147, 4.8338565540,
929,2, 5.0279807186, 6.9236376095,
929,3, 4.8747292519, 2.6205191708,
929,4, 5.1926842213, 3.8151801968,
930,0, 5.7220651150, 5.7883155632,
930,1, 5.0600697899, 3.5893428802,
930,2, 5.5685186958, 5.2596557808,
930,3, 5.6132758808, 5.3943597507,
930,4, 5.5723552418, 4.8365498066,
931,0, 5.2485553074, 7.3784290314,
931,1, 5.1407458401, 3.5750741291,
931,2, 5.1271900558, 6.0970904541,
931,3, 4.7503272533, 3.8108879948,
931,4, 5.3601729298, 3.6395092773,
932,0, 4.7273205280, 3.9688744640,
932,1, 6.1702181244, 5.0859273815,
932,2, 4.7814051342, 4.3423904896,
932,3, 5.7678342247, 3.4550028038,
932,4, 6.2293747425, 9.9037227631,
933,0, 5.0033330154, 4.2813536358,
933,1, 4.7475922966, 3.9767245483,
933,2, 6.1625137043, 3.5707804585,
933,3, 6.0121729755, 4.6330931664,
933,4, 5.9447261047, 5.4137483501,
934,0, 5.4695776367, 3.6502363968,
934,1, 5.4788144779, 6.7189589119,
934,2, 5.3053700161, 3.8564915657,
934,3, 6.0432227230, 4.2299240208,
934,4, 5.4730070591, 4.7123975754,
935,0, 5.0039130020, 7.2112753487,
935,1, 5.0292200756, 7.2253060532,
935,2, 5.3955589390, 5.5893609333,
935,3, 5.6197551966, 6.2841667461,
935,4, 5.3548835945, 5.3390445995,
936,0, 5.6396235180, 6.6863311958,
936,1, 4.4135919666, 5.3867608929,
936,2, 4.9502797508, 6.5203252411,
936,3, 6.2359267330, 6.1468657303,
936,4, 6.1823808861, 6.4790503693,
937,0, 5.1611524677, 5.2301245594,
937,1, 5.3971258926, 5.3248334312,
937,2, 4.9151779747, 6.8077586746,
937,3, 6.8822574806, 6.5164121819,
937,4, 10.4065066576, 6.4962766838,
938,0, 5.6050403500, 6.4739468002,
938,1, 5.3522301769, 3.7827359581,
938,2, 5.1162184715, 3.1885295486,
938,3, 5.2451827240, 6.7159480667,
938,4, 5.7518705654, 6.9313022041,
939,0, 6.9305373287, 3.2853997612,
939,1, 5.2322057724, 3.5747838736,
939,2, 5.9832502317, 5.6148762512,
939,3, 5.2428356647, 4.3011758041,
939,4, 5.5013938808, 5.8110340405,
940,0, 4.4524216461, 7.3643639755,
940,1, 5.7260159588, 7.0014545631,
940,2, 5.0037636852, 4.5916028309,
940,3, 5.1405289459, 5.3242237854,
940,4, 5.2052250671, 3.8598029613,
941,0, 5.4538434315, 4.1383207703,
941,1, 6.0355426693, 5.6860231781,
941,2, 5.6865851116, 6.1368614578,
941,3, 5.6795760155, 5.0509009171,
941,4, 4.7706825161, 5.6219666672,
942,0, 6.6101420116, 6.4303740025,
942,1, 5.5938454247, 7.9660026360,
942,2, 5.6394263840, 6.7654140282,
942,3, 5.4941502762, 2.8905093479,
942,4, 5.5302707863, 4.3973555088,
943,0, 5.2741243553, 5.3343924236,
943,1, 4.6060213852, 4.0713553047,
943,2, 6.4129639816, 7.9061595917,
943,3, 5.1476368523, 3.6147109842,
943,4, 6.7737406158, 5.9089002800,
944,0, 5.0028185940, 2.8739688683,
944,1, 5.4638380337, 5.9539538097,
944,2, 5.6703762722, 5.3487640381,
944,3, 5.9101288509, 7.4965915108,
944,4, 5.4469350624, 5.4928952980,
945,0, 5.7766882992, 4.3579246235,
945,1, 5.3594065666, 3.5124200058,
945,2, 4.9285091782, 6.7909887505,
945,3, 4.5201557827, 5.5505863762,
945,4, 4.4670395613, 5.8996665955,
946,0, 6.0908230305, 4.5686822796,
946,1, 7.1652992439, 6.2572541618,
946,2, 4.7520838451, 4.3646603394,
946,3, 5.9074947453, 7.4249407578,
946,4, 4.4193060017, 3.5163285542,
947,0, 5.4997238970, 5.4307178116,
947,1, 4.6422297382, 3.8717144871,
947,2, 4.8197100258, 5.3950085735,
947,3, 5.1051138401, 3.4012653112,
947,4, 5.2630870485, 4.7399284935,
948,0, 5.9728715134, 8.2011133385,
948,1, 5.7427839041, 3.7045875835,
948,2, 5.4239653397, 6.6596731377,
948,3, 5.2542656994, 3.6682096386,
948,4, 4.8770824146, 5.5220574379,
949,0, 5.2229798412, 4.6259172344,
949,1, 5.6172218227, 5.9622565937,
949,2, 5.6860935307, 5.1760293007,
949,3, 5.9535125256, 5.7131167030,
949,4, 5.6863429451, 4.3629467010,
950,0, 5.9665196705, 4.5973704720,
950,1, 4.7253183174, 4.4348513126,
950,2, 5.0841763783, 6.2740414429,
950,3, 4.5811816216, 5.6437470245,
950,4, 4.6704415703, 5.3960811234,
951,0, 5.2124675083, 5.1688397408,
951,1, 4.6172683907, 4.7287595463,
951,2, 5.2059118795, 3.4078526020,
951,3, 5.9454920864, 6.5171308708,
951,4, 5.2235567522, 4.1652282143,
952,0, 5.5861184597, 6.4742379570,
952,1, 5.5124006605, 5.8012064457,
952,2, 5.5325843239, 5.6206406403,
952,3, 6.1023955393, 4.2117416954,
952,4, 4.9659394264, 2.6783230877,
953,0, 4.6006567192, 5.9730901241,
953,1, 4.7269495487, 7.7114509869,
953,2, 5.3553124285, 6.9684635162,
953,3, 4.7822231293, 5.2616577148,
953,4, 5.5618279934, 4.2920106030,
954,0, 5.3810922146, 7.1818563461,
954,1, 5.9206472301, 6.3557842255,
954,2, 5.2082775402, 7.2666306114,
954,3, 5.6761099434, 4.0874748898,
954,4, 5.2677199173, 5.4370481682,
955,0, 7.4038895321, 7.2901799583,
955,1, 5.4579674911, 5.0972313023,
955,2, 5.6995386028, 5.0125006866,
955,3, 5.6339176846, 6.8439121628,
955,4, 6.9367101765, 9.2667171669,
956,0, 5.5735722637, 7.8920759010,
956,1, 4.9502792549, 4.6901041698,
956,2, 5.7289312077, 5.5838274670,
956,3, 5.5673589325, 5.5567713261,
956,4, 5.7552645683, 5.9242218494,
957,0, 5.1272538662, 6.3062207603,
957,1, 6.1837361050, 7.0484404182,
957,2, 5.0063325119, 3.2858422041,
957,3, 4.5201163483, 3.6763286591,
957,4, 5.6194725418, 5.8146520901,
958,0, 5.2861718082, 4.8674025536,
958,1, 6.3888568783, 7.6503352356,
958,2, 6.1255031013, 5.1557297516,
958,3, 5.1091106701, 5.1555537224,
958,4, 5.3737872887, 3.5579870605,
959,0, 6.2989378071, 5.5505721474,
959,1, 5.4298868942, 3.3145930052,
959,2, 5.1202194595, 5.2925687504,
959,3, 5.4875761604, 4.9531707382,
959,4, 5.0189220810, 3.8180507565,
960,0, 5.6829713917, 3.5340532207,
960,1, 4.3853607655, 2.5021316767,
960,2, 4.9642163277, 3.4246230507,
960,3, 4.6026211834, 5.5880008221,
960,4, 8.0734430313, 7.1769469833,
961,0, 5.6468284893, 5.0594136429,
961,1, 4.8136009264, 4.1292560291,
961,2, 5.4762776661, 5.2951003647,
961,3, 4.6437945080, 5.7284615421,
961,4, 5.5772128868, 3.5411948681,
962,0, 4.3586673832, 5.9263189697,
962,1, 4.9959349823, 5.4173766804,
962,2, 3.9328759861, 4.5212533855,
962,3, 4.3690524387, 3.6547850704,
962,4, 6.0318582439, 6.2741169167,
963,0, 4.7046266651, 4.2265226555,
963,1, 4.9104558468, 6.8093261528,
963,2, 4.8003480244, 3.5869459057,
963,3, 4.9911245537, 4.8678835678,
963,4, 6.6461924553, 9.2655667686,
964,0, 5.7644929981, 5.3285680962,
964,1, 5.2977688885, 4.0414524174,
964,2, 5.4553028011, 5.1319387436,
964,3, 5.4608671951, 4.9580805492,
964,4, 5.7014944363, 4.1077783871,
965,0, 5.0946851254, 2.8685596371,
965,1, 4.9125369930, 4.1580982399,
965,2, 4.3777714252, 4.5540224075,
965,3, 5.1955909538, 5.0797267532,
965,4, 6.1834468460, 7.3699928665,
966,0, 5.4401121807, 5.2022638321,
966,1, 6.0694066811, 4.0796317577,
966,2, 6.1704152107, 5.3641570187,
966,3, 5.6637265015, 2.9967726803,
966,4, 5.4850125122, 5.3374203968,
967,0, 4.8919139099, 5.4505211067,
967,1, 5.7686561108, 4.1381609440,
967,2, 4.6552959156, 4.2976465416,
967,3, 4.5167159843, 5.5089949703,
967,4, 5.3567569160, 6.0128258419,
968,0, 5.7068526268, 6.2034905148,
968,1, 5.5063874340, 6.6850429058,
968,2, 4.8021872520, 4.2784176064,
968,3, 5.9745300198, 6.8384727478,
968,4, 5.5030519009, 4.5071056843,
969,0, 5.7137356186, 7.2577700615,
969,1, 5.8340781593, 12.6470244408,
969,2, 5.7249323463, 5.2869190407,
969,3, 5.4359517765, 4.8607564068,
969,4, 7.3618637085, 6.2475760460,
970,0, 4.8315698814, 4.3675977612,
970,1, 4.0968920708, 4.1486336088,
970,2, 4.9305280352, 3.8031115437,
970,3, 5.2190467739, 4.6418288898,
970,4, 5.4365405273, 5.6822562599,
971,0, 5.0252289295, 5.9293774605,
971,1, 5.7280937481, 6.7552692604,
971,2, 5.5964402485, 5.0710327625,
971,3, 5.9233642673, 5.3529372978,
971,4, 5.7918630123, 6.1091163445,
972,0, 6.5155176067, 8.1730295563,
972,1, 6.2085562611, 4.7878972244,
972,2, 5.2500309181, 6.7021302032,
972,3, 5.4161494350, 4.5940302086,
972,4, 4.8742348242, 5.2367846298,
973,0, 4.6109456635, 7.1818641472,
973,1, 4.9234892273, 6.6320271683,
973,2, 4.7294923878, 4.4056471157,
973,3, 4.6980788326, 5.2522134686,
973,4, 5.7602701378, 6.0228700256,
974,0, 5.7604836082, 7.0459696007,
974,1, 4.8851247311, 4.1890754318,
974,2, 6.3051344490, 4.7794672108,
974,3, 5.0086111259, 5.9066979599,
974,4, 5.3306974888, 3.5229519939,
975,0, 10.7926756859, 6.5248473644,
975,1, 4.6947285366, 4.9258087158,
975,2, 5.4562227058, 5.7401343441,
975,3, 5.4775156307, 5.0113897038,
975,4, 5.8796980000, 4.8527780533,
976,0, 5.3691336727, 4.8920688343,
976,1, 5.9874597740, 4.1500618649,
976,2, 4.7095465183, 3.0977301216,
976,3, 5.9491999722, 8.2072523499,
976,4, 6.2427467299, 4.4893064976,
977,0, 5.6867190170, 4.5535987854,
977,1, 4.9720854759, 6.5185044861,
977,2, 4.3086306286, 4.8303134727,
977,3, 5.0839273739, 5.0172398281,
977,4, 5.2369765377, 4.1605696297,
978,0, 6.4399115849, 5.2071678352,
978,1, 4.8538369083, 6.2392720890,
978,2, 5.0858442688, 4.6936397266,
978,3, 4.8689919996, 4.8526922512,
978,4, 5.8972037697, 6.4869162178,
979,0, 4.4192176914, 4.4820712280,
979,1, 5.2637014866, 7.2639402580,
979,2, 5.0492148209, 8.4218350601,
979,3, 5.7107694149, 5.0142644215,
979,4, 4.6662824440, 4.3772610283,
980,0, 4.4956939411, 3.7988637924,
980,1, 4.8274905109, 4.9292441940,
980,2, 4.3614000702, 3.2270183086,
980,3, 5.3129268169, 7.0624331856,
980,4, 6.5854850292, 7.5354489136,
981,0, 5.3561960506, 5.4412681007,
981,1, 4.5942161179, 6.1417080307,
981,2, 5.2103540325, 5.3184344578,
981,3, 5.1378365517, 3.0293490744,
981,4, 5.9665769863, 7.3598560333,
982,0, 6.0128241491, 4.4259770107,
982,1, 4.8851454735, 3.6536685371,
982,2, 5.1854068947, 7.2215228939,
982,3, 5.9982579327, 5.9775630379,
982,4, 6.0622750187, 5.0339682961,
983,0, 5.4661694241, 4.7346605110,
983,1, 6.0942526913, 5.9167444229,
983,2, 6.2788330173, 7.5971481133,
983,3, 5.4393430233, 3.8152553225,
983,4, 5.4887710285, 4.0179989529,
984,0, 4.9583239079, 4.2108271122,
984,1, 4.0442369080, 5.5274809647,
984,2, 4.8436534405, 5.9533945942,
984,3, 5.2460075283, 4.7423175716,
984,4, 5.4566423416, 4.5327663136,
985,0, 5.8588588142, 6.9507697678,
985,1, 4.4100973320, 6.2329665661,
985,2, 6.4682552147, 4.0159591675,
985,3, 4.9707083416, 4.5478603172,
985,4, 5.4659672117, 7.1953800201,
986,0, 4.7880965424, 4.9638912106,
986,1, 5.6877232361, 6.6665937233,
986,2, 5.8878002930, 4.6998506927,
986,3, 5.2696535110, 7.3721966362,
986,4, 5.2060548878, 5.7034260845,
987,0, 6.3974093628, 4.7049310970,
987,1, 4.5215860558, 4.6115428162,
987,2, 5.2084583473, 5.2555587578,
987,3, 6.3463377476, 6.1513666916,
987,4, 4.6802942562, 3.3151048851,
988,0, 4.4483585358, 4.0519251823,
988,1, 5.1175082302, 6.0765644550,
988,2, 6.0339532185, 6.5806749916,
988,3, 4.7896053600, 6.6729397392,
988,4, 5.6558098412, 6.4099337482,
989,0, 4.4800393534, 5.0403074455,
989,1, 4.6893322086, 6.1144420433,
989,2, 6.2005583763, 6.8570220757,
989,3, 5.1353436661, 4.7432400513,
989,4, 5.4793353367, 5.6871787643,
990,0, 5.8835199308, 8.2406290817,
990,1, 5.9476084709, 6.1895385456,
990,2, 5.7034080029, 5.7019300461,
990,3, 5.1410658741, 6.7336071873,
990,4, 4.3635544300, 3.1951290035,
991,0, 5.4666610575, 7.5287007141,
991,1, 5.2045308399, 6.2803816700,
991,2, 4.8330711174, 3.3139539957,
991,3, 5.7444214725, 4.8553507233,
991,4, 5.4846115398, 3.8541281414,
992,0, 4.7569627094, 4.2634682035,
992,1, 6.0315099335, 4.5892263508,
992,2, 6.0959590626, 5.8629287529,
992,3, 5.2668841839, 5.1586387539,
992,4, 5.1707561302, 3.7539714146,
993,0, 4.6161029720, 4.9426807022,
993,1, 4.8704957008, 5.2552616692,
993,2, 5.3057988214, 6.9631244469,
993,3, 5.2122619724, 4.3965474796,
993,4, 5.3117587471, 3.7863862038,
994,0, 6.8202730751, 5.7525357819,
994,1, 5.6577803564, 5.0206812859,
994,2, 4.9432612801, 3.4022979736,
994,3, 4.0332831717, 3.7209223461,
994,4, 5.6977812672, 4.8104616356,
995,0, 4.9951527786, 4.8501682758,
995,1, 5.3389621544, 8.3110373688,
995,2, 5.1756511402, 5.1888237286,
995,3, 5.6859210110, 4.6131731319,
995,4, 4.0198495579, 4.1703810215,
996,0, 4.4205902863, 4.4537424755,
996,1, 5.1035103607, 4.1290744400,
996,2, 4.3117409039, 4.5102289104,
996,3, 4.9477497101, 3.9807762814,
996,4, 5.1520968628, 7.9595013618,
997,0, 4.1920653629, 7.3421587372,
997,1, 4.7299574375, 4.0434170818,
997,2, 5.0730420828, 5.1721142673,
997,3, 5.2175927830, 4.4628603649,
997,4, 4.6957059860, 4.8460056591,
998,0, 6.0589796925, 7.2800165939,
998,1, 5.3818262672, 4.3955421734,
998,2, 5.2547602749, 4.0336361504,
998,3, 5.6145864487, 4.9043342686,
998,4, 5.0692806244, 6.1938678551,
999,0, 5.6200638390, 4.3276157379,
999,1, 5.2618751144, 5.5190517616,
999,2, 5.8349890518, 6.3232132530,
999,3, 5.2912926388, 6.1127857399,
999,4, 5.3427266598, 4.4839085960,
1000,0, 4.6146492481, 4.8386310673,
1000,1, 4.6075300312, 3.8455259228,
1000,2, 7.1714568710, 4.5181448650,
1000,3, 4.7094455910, 6.1807452965,
1000,4, 5.4338773155, 4.4006174564,
1001,0, 5.1259622669, 4.3014053154,
1001,1, 4.1361443043, 3.4062840176,
1001,2, 6.1654623890, 5.1482104778,
1001,3, 6.0961757565, 6.6133774662,
1001,4, 5.0815068340, 3.5898956871,
1002,0, 4.9374741411, 3.7011083508,
1002,1, 5.7662913322, 5.2970562172,
1002,2, 6.5016201210, 5.5354009724,
1002,3, 5.4995589256, 4.5777586269,
1002,4, 7.3343262196, 8.2224158478,
1003,0, 4.9433628559, 6.1583789539,
1003,1, 6.1586253548, 5.9543825817,
1003,2, 6.1633693886, 4.0893726254,
1003,3, 5.0223318863, 3.4293447495,
1003,4, 5.3492197418, 5.5420249081,
1004,0, 4.9045035791, 3.6378878641,
1004,1, 5.0391129017, 3.2424475002,
1004,2, 5.6257226181, 4.7102132797,
1004,3, 7.5154810333, 6.6432888603,
1004,4, 5.5690923500, 5.3787819099,
1005,0, 5.6036223698, 4.1405871201,
1005,1, 5.9207440281, 9.7432050514,
1005,2, 5.0970493603, 3.7568152714,
1005,3, 4.7498108196, 3.9484696102,
1005,4, 4.8354250908, 4.2045139503,
1006,0, 4.2977558994, 4.2566942024,
1006,1, 5.3526435947, 5.1568983078,
1006,2, 5.9620875168, 7.6178320122,
1006,3, 5.6242469978, 7.5043100357,
1006,4, 5.5476448154, 5.9594285297,
1007,0, 6.4377919912, 7.9103001595,
1007,1, 5.6673720741, 3.2497921562,
1007,2, 5.2919787502, 4.4349744987,
1007,3, 5.1480609035, 3.1209632969,
1007,4, 5.5768810272, 3.8680252457,
1008,0, 6.0477276325, 5.5631741428,
1008,1, 5.6197556496, 5.1909309864,
1008,2, 4.9061157608, 3.5497889328,
1008,3, 6.0861461067, 5.1476259518,
1008,4, 6.4018092442, 6.3391010857,
1009,0, 5.9048571682, 7.8040446663,
1009,1, 4.8256751442, 3.6363295507,
1009,2, 4.5634583139, 4.7379389572,
1009,3, 4.9666408730, 4.6480622864,
1009,4, 5.2879709196, 4.2878524399,
1010,0, 4.7627544689, 4.3592935753,
1010,1, 4.6578454781, 5.8040276051,
1010,2, 4.3055920506, 5.3127331066,
1010,3, 5.6997260571, 6.9532838440,
1010,4, 5.4609645367, 5.6071712017,
1011,0, 4.6192899370, 6.2382533169,
1011,1, 5.0059160328, 4.3681124496,
1011,2, 5.2846713543, 6.4285454559,
1011,3, 4.4908159351, 4.2726007366,
1011,4, 5.0188584518, 4.2118961334,
1012,0, 5.0998695278, 4.9723854351,
1012,1, 5.1261794090, 4.9836453152,
1012,2, 5.7101110744, 5.7353685760,
1012,3, 5.2630416584, 5.6722239971,
1012,4, 5.0414956760, 5.2109483337,
1013,0, 4.7900375175, 5.1317197990,
1013,1, 4.8623585892, 4.4197425652,
1013,2, 5.1208229256, 5.1181270313,
1013,3, 6.4087030411, 4.2919174767,
1013,4, 4.4919303799, 3.4862502956,
1014,0, 4.6762888908, 3.1550249243,
1014,1, 5.1997332191, 7.0111105537,
1014,2, 7.4888507938, 5.3675581169,
1014,3, 5.3599288654, 5.4439281940,
1014,4, 5.4838634586, 5.1027583599,
1015,0, 4.8073723030, 5.7270717430,
1015,1, 4.8679666424, 5.2005840206,
1015,2, 5.5840810394, 5.4181752300,
1015,3, 4.2593722153, 4.3161135292,
1015,4, 5.1744288254, 3.3958181953,
1016,0, 5.9374264812, 5.4495419025,
1016,1, 6.0706484509, 4.8878198719,
1016,2, 5.3435927963, 5.9554883766,
1016,3, 5.1512189674, 8.6590996933,
1016,4, 4.0911944580, 4.1569638824,
1017,0, 5.3742159653, 4.9340251160,
1017,1, 4.6486612320, 3.9037823486,
1017,2, 4.2165437269, 6.3868199921,
1017,3, 6.4334020233, 5.1223186874,
1017,4, 5.5552325630, 4.2093653774,
1018,0, 5.9964156055, 4.3625960159,
1018,1, 4.4826392460, 5.0597571850,
1018,2, 5.5952448845, 5.1710882282,
1018,3, 4.9932847691, 5.8491207695,
1018,4, 4.3557531214, 5.1052844620,
1019,0, 4.4968857002, 4.2830346584,
1019,1, 5.4323050642, 8.1203965759,
1019,2, 4.5676217651, 5.0794674778,
1019,3, 5.0340834332, 5.4005580902,
1019,4, 4.4415792465, 5.4912463284,
1020,0, 5.2648881435, 7.2647408867,
1020,1, 10.9124634933, 10.0375196838,
1020,2, 5.7018123436, 6.5065650749,
1020,3, 5.5183814144, 5.3186216164,
1020,4, 4.5783878231, 5.6115216255,
1021,0, 5.3527240705, 6.2665121078,
1021,1, 5.4577048540, 4.4846348667,
1021,2, 5.1073977852, 6.4560280704,
1021,3, 5.1097447681, 4.6309127140,
1021,4, 4.9511092663, 4.4282334423,
1022,0, 5.1121873665, 4.0906123638,
1022,1, 5.3744109917, 9.2169846344,
1022,2, 4.2786530685, 4.6080381393,
1022,3, 5.8953294468, 8.2373327065,
1022,4, 5.8742923737, 4.1818932247,
1023,0, 5.3334363699, 3.2804574394,
1023,1, 4.2032365322, 5.2498013592,
1023,2, 5.3046374416, 3.6922731400,
1023,3, 5.0725958633, 7.0460698700,
1023,4, 5.7842250347, 4.5687543011,
1024,0, 4.5359992599, 3.5169108582,
1024,1, 5.3434946251, 7.6572900009,
1024,2, 5.8366396713, 4.4103109360,
1024,3, 5.2157451153, 6.1259609222,
1024,4, 5.7795126438, 6.4929705524,
1025,0, 5.6994099236, 7.6243974304,
1025,1, 5.2897535181, 4.8721906948,
1025,2, 4.8091701603, 4.1559418869,
1025,3, 5.5468801117, 5.2848955154,
1025,4, 5.6052335644, 3.9045329857,
1026,0, 4.2913183069, 4.5494785881,
1026,1, 7.2823969460, 7.9498015785,
1026,2, 4.9850661469, 4.8049335241,
1026,3, 4.6471433544, 4.4568957138,
1026,4, 5.4631822205, 4.8513574219,
1027,0, 5.6583223534, 3.2070979452,
1027,1, 4.8526684093, 6.3497913361,
1027,2, 4.9459236145, 5.8825005150,
1027,3, 5.2144798851, 4.0579243183,
1027,4, 5.4639549065, 6.0237511158,
1028,0, 5.3728256607, 4.1492598152,
1028,1, 5.2199538326, 4.3342787933,
1028,2, 5.3737721539, 4.1122077179,
1028,3, 4.8712713909, 3.4827485180,
1028,4, 4.6922935534, 5.8068094826,
1029,0, 4.0384887886, 3.1648921490,
1029,1, 5.1378308582, 7.5439710808,
1029,2, 5.1427394676, 5.3872563171,
1029,3, 5.1001029205, 6.6525088310,
1029,4, 5.7106880665, 5.7861560059,
1030,0, 4.9902279949, 6.2340325928,
1030,1, 5.9119771481, 5.6040511322,
1030,2, 5.3195055389, 5.0122339344,
1030,3, 6.0653048897, 5.7289710522,
1030,4, 5.6491322613, 5.5042422295,
1031,0, 4.5902262402, 5.9586735344,
1031,1, 5.9285330296, 4.8502259636,
1031,2, 4.6885385704, 3.6128029537,
1031,3, 4.4317637634, 3.4779637527,
1031,4, 4.6610598373, 3.8623773193,
1032,0, 6.3329820061, 4.5269628620,
1032,1, 6.6965186071, 6.0695736027,
1032,2, 6.0100564098, 4.3595570755,
1032,3, 5.6295512104, 6.1663316536,
1032,4, 5.7178807354, 6.2360058403,
1033,0, 5.7012281895, 5.9497966099,
1033,1, 4.7933183146, 5.4150477791,
1033,2, 4.9908873177, 5.8257479095,
1033,3, 5.2417139912, 3.3226268959,
1033,4, 4.9023199844, 4.6427127838,
1034,0, 4.7677931786, 4.2275481892,
1034,1, 5.0944525003, 5.5315471077,
1034,2, 7.0771939945, 9.6179977417,
1034,3, 6.1924941826, 8.3108829117,
1034,4, 4.9988092804, 5.3504619884,
1035,0, 7.3834419441, 7.4616497040,
1035,1, 7.7718928051, 5.7100301933,
1035,2, 4.7927600861, 5.3518329811,
1035,3, 5.2317903709, 7.4199771595,
1035,4, 4.7330927181, 6.2225111771,
1036,0, 5.6399041367, 5.7633477974,
1036,1, 4.9178624058, 5.4387833691,
1036,2, 6.0506355810, 9.0489375114,
1036,3, 5.2999909115, 5.1597331047,
1036,4, 4.6743013763, 4.4156474113,
1037,0, 5.7027755833, 6.8093721199,
1037,1, 4.7038781643, 6.1886244488,
1037,2, 5.6284875584, 3.4937852955,
1037,3, 5.2202933407, 7.2323750305,
1037,4, 4.6812159491, 4.0399794769,
1038,0, 5.0792741680, 5.1586741924,
1038,1, 8.3867029667, 5.9301220989,
1038,2, 5.4861850834, 5.2319674969,
1038,3, 5.4857902908, 5.0724465561,
1038,4, 4.5250443268, 6.5607950783,
1039,0, 5.0928377199, 4.9273945236,
1039,1, 5.0687605190, 5.2187610722,
1039,2, 5.4725302315, 3.4467872524,
1039,3, 4.9126299286, 6.7681935692,
1039,4, 5.6148086023, 6.9641529274,
1040,0, 6.0271435070, 5.1453452969,
1040,1, 5.6970071411, 6.4114992237,
1040,2, 4.9812742901, 4.7234661007,
1040,3, 5.8945402288, 6.5162471390,
1040,4, 4.5412129879, 4.9870538235,
1041,0, 5.2057321453, 4.7895828915,
1041,1, 4.8721268511, 6.5377529144,
1041,2, 5.2991180134, 3.9957492447,
1041,3, 4.3544502068, 4.9122164154,
1041,4, 5.9531294632, 5.0707856846,
1042,0, 4.7546382236, 5.9857661247,
1042,1, 7.8514425373, 6.4975226879,
1042,2, 9.5854870033, 12.8725544357,
1042,3, 5.1249355412, 7.0751609421,
1042,4, 5.0953984547, 4.8346848488,
1043,0, 5.1706409931, 4.6064805984,
1043,1, 4.9437832165, 6.2806441593,
1043,2, 5.0218681622, 6.5449146366,
1043,3, 5.5721412277, 5.8202152061,
1043,4, 4.6263636589, 5.9416936207,
1044,0, 5.9582296085, 9.5187256622,
1044,1, 5.3187468338, 4.0330991077,
1044,2, 4.5551961994, 6.2527010155,
1044,3, 5.4425985146, 4.3563174343,
1044,4, 4.9722137117, 6.3820621109,
1045,0, 4.8510490990, 6.2602065659,
1045,1, 5.4875955296, 7.0379821587,
1045,2, 5.8444750023, 5.7920013809,
1045,3, 5.5742714167, 6.9572427177,
1045,4, 5.4283024502, 6.7246796894,
1046,0, 5.3433511066, 4.5806628323,
1046,1, 4.8742383766, 5.9137893772,
1046,2, 6.4164808178, 6.8122606659,
1046,3, 5.1297071648, 4.5442692375,
1046,4, 5.2755530167, 4.6933983135,
1047,0, 5.4689297104, 5.1344619465,
1047,1, 5.7916244602, 5.3074829674,
1047,2, 4.5740761852, 3.8839203453,
1047,3, 5.1836682653, 6.0153019810,
1047,4, 4.5833630562, 4.2253287888,
1048,0, 5.4071605921, 3.6904901314,
1048,1, 5.1830114555, 5.4900941658,
1048,2, 6.9340900517, 6.2431066799,
1048,3, 4.7051099873, 4.0776509190,
1048,4, 5.2737772465, 5.8630314255,
1049,0, 4.6769917393, 5.0532321453,
1049,1, 5.4850923824, 4.5881177330,
1049,2, 5.3598486567, 5.6999101543,
1049,3, 5.2123573971, 3.9198992443,
1049,4, 4.4500875950, 5.8666895771,
1050,0, 4.5836213684, 5.4437927437,
1050,1, 5.7992229843, 7.7558912849,
1050,2, 4.5050404501, 4.1962443638,
1050,3, 6.0947044086, 5.3381777573,
1050,4, 5.9152538204, 7.9326896381,
1051,0, 5.7492798233, 5.4017967510,
1051,1, 4.6686763477, 6.3181667805,
1051,2, 4.7395649719, 4.9823503017,
1051,3, 5.9108037758, 5.0300814915,
1051,4, 5.1078237915, 4.3992206764,
1052,0, 5.5003447914, 8.1406423569,
1052,1, 5.7363436508, 5.3225448704,
1052,2, 4.5872290277, 6.0267229652,
1052,3, 4.4822306633, 5.1508894634,
1052,4, 4.9313102055, 3.3928328419,
1053,0, 5.4020379305, 4.5446668148,
1053,1, 5.4235637951, 5.5924076271,
1053,2, 5.4315386248, 6.8410437012,
1053,3, 5.4027407169, 5.9406845760,
1053,4, 5.1041856956, 4.2856494617,
1054,0, 5.3498591709, 4.4538420582,
1054,1, 5.0509557343, 5.5345596027,
1054,2, 4.9149165964, 4.1703417873,
1054,3, 5.2357804394, 4.5073919868,
1054,4, 7.3634273052, 3.7313968658,
1055,0, 5.6524748325, 5.5832110119,
1055,1, 4.8223383427, 5.3205867195,
1055,2, 5.6299285316, 6.9022512436,
1055,3, 4.9798338890, 4.8099487972,
1055,4, 5.3955466127, 4.1705841637,
1056,0, 4.4850657845, 4.6098823357,
1056,1, 4.3944974041, 4.8217263794,
1056,2, 5.3624756622, 4.7336266136,
1056,3, 3.9146923542, 4.6215154743,
1056,4, 4.8818670750, 5.5057174778,
1057,0, 5.1186096859, 4.0501624489,
1057,1, 5.5613610220, 6.1604540443,
1057,2, 6.1176528072, 7.7251404762,
1057,3, 6.1332957220, 6.7974215889,
1057,4, 5.0735577679, 5.8129995155,
1058,0, 7.0154827404, 8.0544357872,
1058,1, 5.0756785870, 5.2532395554,
1058,2, 5.2914061928, 4.3109173298,
1058,3, 5.1826269531, 3.9445094776,
1058,4, 4.7896145439, 5.3827437019,
1059,0, 4.4496010876, 5.4770390987,
1059,1, 4.6674760056, 4.3455686855,
1059,2, 4.6025791550, 4.7314625835,
1059,3, 4.9212093639, 4.8344249916,
1059,4, 5.5042570210, 5.6787065411,
1060,0, 5.0782609844, 5.0925274563,
1060,1, 6.2800267982, 6.9689629364,
1060,2, 4.0418616629, 4.9481283474,
1060,3, 5.0554951668, 5.9053554726,
1060,4, 4.0642707539, 2.3028043461,
1061,0, 5.6486501694, 4.7456705952,
1061,1, 4.2753930426, 3.5963347626,
1061,2, 3.8668837357, 4.5555988312,
1061,3, 4.3653138161, 3.5114610767,
1061,4, 4.9822640324, 3.1220715523,
1062,0, 5.0615924263, 6.4732070541,
1062,1, 5.0243652153, 4.1961860466,
1062,2, 4.5281641197, 4.0767043591,
1062,3, 5.3173231792, 5.8899164486,
1062,4, 5.8190772533, 3.6109406948,
1063,0, 5.9346944714, 8.4458298874,
1063,1, 5.1284217405, 4.7443106365,
1063,2, 5.0653831482, 4.2665118408,
1063,3, 4.4598734856, 6.5240170765,
1063,4, 4.6210696507, 4.8653068638,
1064,0, 4.7964956379, 4.6505301476,
1064,1, 4.6925527287, 5.9225509262,
1064,2, 5.1756368828, 6.1637575245,
1064,3, 4.9073310661, 4.2184835339,
1064,4, 5.7682124805, 4.9272285748,
1065,0, 6.5877808762, 4.1044129181,
1065,1, 4.4545856285, 5.9714292812,
1065,2, 5.6218355942, 6.2400886345,
1065,3, 5.4933886909, 5.4151274204,
1065,4, 4.8548950768, 4.1184331894,
1066,0, 4.7384705734, 5.8203188896,
1066,1, 5.0540075731, 4.0619440126,
1066,2, 5.1374885845, 5.6411144638,
1066,3, 5.0067220211, 3.7701989174,
1066,4, 4.9241209888, 4.6353291321,
1067,0, 5.0704514885, 6.0634932137,
1067,1, 5.1095687103, 7.8472935104,
1067,2, 7.1426209641, 7.1607311916,
1067,3, 5.1677667809, 6.8577810097,
1067,4, 5.6243655777, 5.3679526138,
1068,0, 4.9911534691, 3.7968722630,
1068,1, 4.4456268358, 5.2366370964,
1068,2, 4.9776717234, 4.5897231579,
1068,3, 5.1796483707, 4.8576308727,
1068,4, 5.1474781990, 7.5131828499,
1069,0, 5.6924258614, 4.8677693176,
1069,1, 5.5384099197, 5.3270092964,
1069,2, 5.6399810886, 5.5910854244,
1069,3, 4.9872475815, 4.8531140041,
1069,4, 4.6686703300, 5.5209571075,
1070,0, 5.5380530262, 3.4884321976,
1070,1, 5.3589378166, 4.4445984077,
1070,2, 5.2942832279, 4.9792578316,
1070,3, 4.4231034756, 4.8823360252,
1070,4, 5.0153584719, 4.8280747318,
1071,0, 4.5249881363, 4.1055089903,
1071,1, 5.1504274464, 5.2514941597,
1071,2, 5.2822725964, 3.6880399323,
1071,3, 4.0870795536, 4.0558669949,
1071,4, 5.2759175062, 5.0345873165,
1072,0, 4.5976257420, 5.3312672234,
1072,1, 4.8211910772, 4.2755559444,
1072,2, 5.2915881824, 6.3454215050,
1072,3, 4.7374715042, 6.0710641766,
1072,4, 4.2627981710, 6.7717803574,
1073,0, 5.3712084007, 4.0051363659,
1073,1, 5.2796737289, 5.0233813763,
1073,2, 5.1901838970, 5.1833042240,
1073,3, 5.9706209183, 4.7159557915,
1073,4, 4.7530862331, 5.7736105919,
1074,0, 5.3114725971, 4.4758995724,
1074,1, 4.7185670185, 4.5112916279,
1074,2, 4.9577010250, 5.0401515102,
1074,3, 4.4470569992, 5.4491893864,
1074,4, 4.8595406818, 4.6463168144,
1075,0, 5.2140742779, 8.5960101128,
1075,1, 4.6416019726, 3.9229231739,
1075,2, 6.5082644749, 4.9657437801,
1075,3, 5.0826458168, 3.9478712225,
1075,4, 6.2700023222, 6.7626801682,
1076,0, 4.8805116749, 4.5458289528,
1076,1, 4.7353542137, 4.0487512112,
1076,2, 4.5028364658, 4.3239252472,
1076,3, 5.0427035999, 5.8612783241,
1076,4, 5.3716793728, 5.5374813366,
1077,0, 4.6382841492, 5.2143518066,
1077,1, 6.7231055450, 6.6997889042,
1077,2, 4.9832456064, 4.0651731396,
1077,3, 4.7588617897, 7.3872404671,
1077,4, 7.7406787968, 4.7223720741,
1078,0, 5.6820741081, 4.7273122025,
1078,1, 5.6364241600, 5.4319445896,
1078,2, 4.5258564758, 4.6235375023,
1078,3, 5.8160799265, 3.9465589809,
1078,4, 4.3653891373, 4.0943007374,
1079,0, 5.4426223087, 5.1976694965,
1079,1, 4.0687637091, 4.9718917465,
1079,2, 5.3117470932, 6.3512545586,
1079,3, 4.3733003235, 4.5451261520,
1079,4, 5.4793650055, 5.7203695011,
1080,0, 4.4347703409, 4.1474540234,
1080,1, 5.2278258228, 4.1890707970,
1080,2, 4.6199195957, 5.3261972904,
1080,3, 5.3374404716, 5.0839723110,
1080,4, 5.9632577896, 4.4924521542,
1081,0, 5.7814588833, 6.0937051582,
1081,1, 5.0989312649, 5.0193372059,
1081,2, 5.6607884407, 4.8760588169,
1081,3, 5.2211833906, 5.4581094170,
1081,4, 4.5951234865, 4.0657008648,
1082,0, 5.5136513138, 4.7767389774,
1082,1, 4.3697214603, 4.2999187374,
1082,2, 4.5266070557, 3.6331121635,
1082,3, 4.3859426022, 5.8001414204,
1082,4, 4.0768754101, 4.2826791954,
1083,0, 6.2472106552, 4.5413552570,
1083,1, 4.2604246902, 4.3102523804,
1083,2, 5.2448667049, 6.6192648506,
1083,3, 4.8512892628, 5.2588736248,
1083,4, 5.4817476082, 4.8176099968,
1084,0, 5.3464158916, 5.1645272160,
1084,1, 6.5876224422, 5.9342903042,
1084,2, 4.4371602821, 3.6089975071,
1084,3, 5.0509601593, 5.3513327122,
1084,4, 5.0953977585, 4.1235802364,
1085,0, 5.1219795704, 4.1685296535,
1085,1, 4.7686898470, 4.3293103981,
1085,2, 4.9006613731, 4.7465138626,
1085,3, 4.8760035896, 7.6561047363,
1085,4, 5.2371147156, 6.8072121048,
1086,0, 4.0057728863, 4.9144778347,
1086,1, 5.4800178146, 4.6478381729,
1086,2, 5.2051304817, 6.6216034508,
1086,3, 5.6873494148, 7.5291788673,
1086,4, 4.4827778149, 4.4033431625,
1087,0, 5.5473009777, 4.5730832481,
1087,1, 5.2858227682, 6.8287923717,
1087,2, 4.8547829628, 5.6121325684,
1087,3, 4.7666459846, 6.3077472019,
1087,4, 5.4436559391, 5.7572860813,
1088,0, 5.1498186207, 6.1946539021,
1088,1, 4.8659294987, 5.3181711388,
1088,2, 5.3897131634, 4.9062260818,
1088,3, 5.1899422264, 5.0150639153,
1088,4, 5.0337784767, 5.7117126560,
1089,0, 5.9636133099, 4.4211999607,
1089,1, 5.1277130508, 5.5806616688,
1089,2, 4.3676154613, 5.4485946465,
1089,3, 5.9010359955, 6.6725407982,
1089,4, 5.3240269375, 5.0764938545,
1090,0, 4.8600293541, 3.9947733307,
1090,1, 4.3823595810, 5.6300307083,
1090,2, 5.8316697931, 5.4885670757,
1090,3, 6.0565709305, 6.4075660896,
1090,4, 4.9149571371, 3.1248143005,
1091,0, 4.6729986191, 4.3467546177,
1091,1, 5.9007793045, 5.7578864574,
1091,2, 5.2383019924, 4.0045261192,
1091,3, 5.0716147709, 5.9000151730,
1091,4, 5.1144965649, 5.9848915195,
1092,0, 6.0913979912, 7.1026534653,
1092,1, 5.3929271317, 5.3104166698,
1092,2, 4.3288782787, 3.9907745743,
1092,3, 5.5565489101, 6.6079906368,
1092,4, 5.0644996357, 5.9110750961,
1093,0, 6.2610623360, 4.7765665245,
1093,1, 4.7384639072, 7.1706974125,
1093,2, 4.9860332012, 5.4065872097,
1093,3, 5.7240212154, 6.6403783035,
1093,4, 4.7982297897, 4.7465091705,
1094,0, 6.6785895348, 8.1993217850,
1094,1, 4.7387053013, 6.0484134293,
1094,2, 3.9881430817, 3.7334479427,
1094,3, 5.8205031204, 6.0342679310,
1094,4, 5.3792129230, 6.1808696938,
1095,0, 5.1528006172, 4.6678313446,
1095,1, 4.1717238331, 6.5773292542,
1095,2, 5.3928536320, 4.8576442528,
1095,3, 5.9301881027, 6.0515306759,
1095,4, 4.2449206877, 3.6179713821,
1096,0, 4.3121139574, 4.3374119377,
1096,1, 7.2158865833, 7.6569530869,
1096,2, 4.9521635437, 5.7661307907,
1096,3, 4.8963496590, 3.9828548908,
1096,4, 5.9690433025, 4.6788601398,
1097,0, 4.8650885773, 4.7493845081,
1097,1, 5.4536963272, 3.0771101332,
1097,2, 5.1945673847, 4.3731489658,
1097,3, 5.2127036953, 4.2299685287,
1097,4, 4.2033329487, 4.5230906010,
1098,0, 4.7727948093, 4.0763476181,
1098,1, 4.9776018143, 6.0958554077,
1098,2, 5.0879336357, 5.2321484947,
1098,3, 4.1799973726, 5.1355814743,
1098,4, 5.4742250061, 3.4855800438,
1099,0, 5.2856161594, 5.7534020233,
1099,1, 4.6529363251, 5.7720947838,
1099,2, 4.8136437416, 5.5155847168,
1099,3, 4.9300949574, 6.6580804729,
1099,4, 5.0031799316, 4.0334819698,
1100,0, 5.0190049267, 4.2580640602,
1100,1, 4.0308414555, 7.1454954338,
1100,2, 4.6442335320, 4.6238631630,
1100,3, 5.1527459812, 6.2373673248,
1100,4, 5.0109481525, 7.3448558426,
1101,0, 4.1849236727, 3.6892858839,
1101,1, 4.5640080309, 4.9170252991,
1101,2, 5.3210050774, 4.0849970627,
1101,3, 5.2844600534, 5.6017067814,
1101,4, 6.1199222565, 4.7487707520,
1102,0, 5.1045795679, 5.2297097778,
1102,1, 5.0295009375, 4.9717127705,
1102,2, 4.6542747593, 4.8470504570,
1102,3, 6.2830797386, 4.9965832710,
1102,4, 4.5988186741, 5.0187161350,
1103,0, 4.5806138134, 3.5045131016,
1103,1, 5.2104415512, 5.1255830002,
1103,2, 4.7437825680, 4.2580162907,
1103,3, 5.7548834705, 3.7580155563,
1103,4, 4.4524184132, 5.1834063625,
1104,0, 4.9902621651, 5.5675771809,
1104,1, 4.4431059122, 4.3277956581,
1104,2, 4.4555429935, 6.2302919197,
1104,3, 5.8580178070, 8.9061783791,
1104,4, 4.9349161148, 3.2592177010,
1105,0, 5.3201196003, 3.9291070366,
1105,1, 6.2693324852, 6.6503444290,
1105,2, 4.4133067703, 4.7204661465,
1105,3, 4.8402655411, 6.4439911079,
1105,4, 5.1794790554, 4.9405833530,
1106,0, 4.4441167641, 5.6939369774,
1106,1, 4.5582838058, 4.5153983021,
1106,2, 5.1107797146, 6.8439301300,
1106,3, 4.2713626337, 3.1929803133,
1106,4, 4.7647225380, 5.8900760651,
1107,0, 5.8560702324, 5.8379995155,
1107,1, 5.4630857563, 4.8298880482,
1107,2, 4.9131437397, 4.2203478241,
1107,3, 4.7547283173, 5.2458502674,
1107,4, 3.8743970728, 5.5341168880,
1108,0, 5.2723553801, 4.8368791389,
1108,1, 5.0531231308, 4.4942793560,
1108,2, 5.1013777542, 5.3120261574,
1108,3, 5.3735741234, 2.9555037165,
1108,4, 4.9157198954, 5.2274153805,
1109,0, 4.8605784702, 7.2513031769,
1109,1, 5.4751949167, 5.0822562790,
1109,2, 5.2886221790, 4.3565819645,
1109,3, 6.1027883768, 5.1923948765,
1109,4, 7.6155620670, 6.9579843330,
1110,0, 4.5274844742, 3.9810880852,
1110,1, 5.0432088280, 3.9040134430,
1110,2, 4.6570069790, 4.3425175762,
1110,3, 5.6309649086, 3.9546678257,
1110,4, 5.1006603909, 6.3308913326,
1111,0, 4.9175491095, 5.4212960052,
1111,1, 4.5980884457, 6.1115967941,
1111,2, 4.9361149979, 4.3372435188,
1111,3, 5.0751160812, 4.5058319759,
1111,4, 5.0522942829, 5.1129853058,
1112,0, 5.3411197996, 4.0244291973,
1112,1, 5.2987132549, 3.0753641558,
1112,2, 4.8456144905, 5.1758226395,
1112,3, 5.4290404415, 6.2006079102,
1112,4, 5.2126171112, 9.2655511665,
1113,0, 4.9376246405, 6.2576142406,
1113,1, 4.8834178448, 5.4670350933,
1113,2, 5.2514681435, 5.3576077747,
1113,3, 4.1267720318, 5.9528555012,
1113,4, 5.4302466869, 5.3766275311,
1114,0, 3.8493451786, 3.6880375481,
1114,1, 5.4625087643, 6.0061558056,
1114,2, 5.3401481533, 4.3837025833,
1114,3, 4.5527525711, 4.0159461784,
1114,4, 4.7492066526, 6.2165832806,
1115,0, 5.2260767937, 5.8075472927,
1115,1, 4.6303866100, 6.4106489944,
1115,2, 5.8112067413, 6.7982003784,
1115,3, 4.6909133577, 3.5860531330,
1115,4, 6.0572007275, 5.0227250099,
1116,0, 4.7936780548, 4.9979683113,
1116,1, 5.2732290077, 4.9974813652,
1116,2, 4.3176724339, 6.8221081734,
1116,3, 5.9746306133, 4.1779579163,
1116,4, 6.0183771420, 6.6789441872,
1117,0, 4.7891587353, 5.7845690060,
1117,1, 6.9467373419, 8.5182313919,
1117,2, 6.2841066170, 6.5330432606,
1117,3, 5.5887115002, 5.2903548050,
1117,4, 4.5522374916, 4.7344369030,
1118,0, 4.8121623898, 5.1979408360,
1118,1, 6.0738005161, 3.9237742519,
1118,2, 5.3037874317, 7.1677193260,
1118,3, 5.7104155874, 5.2043373013,
1118,4, 4.9586661148, 6.0029558372,
1119,0, 7.0547554970, 10.4247363472,
1119,1, 5.3032996750, 6.6799814415,
1119,2, 4.8544263554, 4.9171797562,
1119,3, 5.6287250423, 4.0605290985,
1119,4, 4.6385673094, 4.0533098221,
1120,0, 4.7857545662, 4.5782956028,
1120,1, 6.3609815025, 5.3781923294,
1120,2, 5.3754206562, 5.4793057251,
1120,3, 5.0480128384, 4.6944950676,
1120,4, 4.4210172272, 4.7474174500,
1121,0, 5.9919233227, 5.7811390400,
1121,1, 8.6198907185, 9.1904648018,
1121,2, 4.9010440254, 4.5447934341,
1121,3, 4.8441884327, 3.9324151993,
1121,4, 5.3488954449, 5.4177806568,
1122,0, 5.4698812866, 4.7061661530,
1122,1, 4.7921980381, 5.4203139019,
1122,2, 5.6680385876, 5.1414221859,
1122,3, 4.9315385246, 7.5092753410,
1122,4, 7.2594560528, 7.7320315552,
1123,0, 4.6010433292, 6.3098081970,
1123,1, 6.3443003654, 5.4017332840,
1123,2, 5.5184413481, 4.7380600929,
1123,3, 6.2204531479, 4.0525026608,
1123,4, 7.2300938225, 5.6206217384,
1124,0, 4.7988352871, 5.2096346474,
1124,1, 4.6599272108, 4.8336157799,
1124,2, 4.1063528156, 5.4442376995,
1124,3, 4.9185140324, 4.1231785870,
1124,4, 4.4796216488, 5.7218696880,
1125,0, 5.1436836720, 4.2592302608,
1125,1, 4.3464989424, 3.9926174545,
1125,2, 5.5587038994, 5.1615069294,
1125,3, 4.6723522186, 4.3669031525,
1125,4, 5.1084062767, 4.2208525276,
1126,0, 5.7863968372, 5.4031011009,
1126,1, 5.4393490887, 6.0442954445,
1126,2, 4.3784643650, 5.0503890419,
1126,3, 4.9240680885, 4.8044253731,
1126,4, 5.7779566860, 4.7372866821,
1127,0, 4.5220567608, 4.9743478870,
1127,1, 5.0580978584, 5.3354492569,
1127,2, 5.1254987335, 4.4781728458,
1127,3, 5.5973665619, 7.9342307091,
1127,4, 5.0789622641, 4.8819441223,
1128,0, 5.1653068399, 5.0777604008,
1128,1, 4.3996832371, 4.8465302849,
1128,2, 5.0795299244, 4.0286110783,
1128,3, 5.0449741268, 4.7810432339,
1128,4, 5.4058648205, 4.6189533234,
1129,0, 4.6985407829, 5.3742765522,
1129,1, 4.7329283333, 6.9285345650,
1129,2, 5.5919215775, 4.0108860207,
1129,3, 4.4730686855, 4.8561780548,
1129,4, 5.5957570744, 5.3994826126,
1130,0, 5.6870821285, 3.8254496288,
1130,1, 5.3697699928, 4.3047412586,
1130,2, 5.8085885429, 4.7866903305,
1130,3, 4.9470557308, 3.1830533218,
1130,4, 6.4579895782, 5.1377577019,
1131,0, 5.5508201981, 8.3383283997,
1131,1, 4.2594597530, 3.7654182434,
1131,2, 5.0561806393, 4.4267467690,
1131,3, 4.8228294849, 6.2028677177,
1131,4, 5.0043964958, 3.9696684551,
1132,0, 4.6795946264, 3.1072006226,
1132,1, 4.1304737282, 4.6141619110,
1132,2, 4.4577614307, 5.8949811077,
1132,3, 4.7936538029, 5.5964488602,
1132,4, 4.9489155579, 5.5352882481,
1133,0, 5.8855232334, 7.8967459869,
1133,1, 3.8683116150, 3.5210942650,
1133,2, 5.2517973900, 5.8836207104,
1133,3, 4.4626074648, 4.8690573025,
1133,4, 4.7572086239, 4.6001012039,
1134,0, 4.8000038528, 5.8214520073,
1134,1, 4.4190299034, 3.6326583481,
1134,2, 4.5114875126, 5.5212248611,
1134,3, 5.7460737896, 5.5456513119,
1134,4, 4.9630419445, 4.5137411785,
1135,0, 4.6199665833, 5.6967841434,
1135,1, 5.2113216019, 5.7139896297,
1135,2, 5.0853455687, 3.9714914322,
1135,3, 4.3273487091, 5.5033873272,
1135,4, 5.8197877121, 6.7412012482,
1136,0, 3.9595036888, 6.2696137428,
1136,1, 5.3384037209, 4.5739432716,
1136,2, 5.8633411217, 6.1492304611,
1136,3, 10.6453598595, 6.8669449425,
1136,4, 4.6011374903, 4.1390431786,
1137,0, 4.9163474464, 4.3735946560,
1137,1, 4.9728052235, 6.5468478012,
1137,2, 4.8170997620, 5.5138797569,
1137,3, 4.7649774551, 5.1377412701,
1137,4, 5.1374627399, 5.3631845474,
1138,0, 4.5058884668, 4.5625061417,
1138,1, 4.0317457819, 7.6188351059,
1138,2, 5.2073472500, 7.6275237465,
1138,3, 5.6596962070, 8.2578793907,
1138,4, 4.4481379700, 6.5430778217,
1139,0, 5.1354748631, 5.6702190495,
1139,1, 15.4780618572, 3.3710898113,
1139,2, 4.9770342541, 7.3604809761,
1139,3, 4.0583283043, 4.4012061214,
1139,4, 5.6301853371, 5.4083730316,
1140,0, 6.1643036938, 6.1930686569,
1140,1, 4.8505556011, 4.4635335636,
1140,2, 5.0581038952, 3.9078846407,
1140,3, 5.6907245445, 5.6542840862,
1140,4, 6.5823665428, 7.6780624390,
1141,0, 4.4869929314, 8.4341479492,
1141,1, 5.2439454269, 5.6359578037,
1141,2, 4.9574376822, 5.4974652863,
1141,3, 5.0008496666, 4.9946500301,
1141,4, 4.6491772747, 4.8397540665,
1142,0, 6.6216602325, 6.3941317749,
1142,1, 5.3758219004, 7.7986451530,
1142,2, 4.8596221542, 5.4323231888,
1142,3, 5.3038083458, 6.1617656136,
1142,4, 3.4709225702, 3.4514379978,
1143,0, 4.5902373981, 3.8077386475,
1143,1, 4.7438759995, 4.2001742744,
1143,2, 6.5187794399, 5.9328606510,
1143,3, 5.0342130470, 4.2703411961,
1143,4, 5.3863024807, 6.6288235474,
1144,0, 5.0327800608, 5.5232233620,
1144,1, 4.6611529064, 4.6585724926,
1144,2, 5.0008619976, 4.3842887592,
1144,3, 5.0828398418, 5.7071133137,
1144,4, 4.7170995617, 4.1509242821,
1145,0, 4.3156836557, 4.0229167366,
1145,1, 5.0805532932, 4.6746275806,
1145,2, 6.1872549152, 3.9654631901,
1145,3, 5.3467688751, 4.8960773468,
1145,4, 4.6849843407, 4.8876506042,
1146,0, 4.8050520897, 4.4154843235,
1146,1, 4.9808228683, 4.7932678986,
1146,2, 5.1921416140, 4.2908162117,
1146,3, 5.6088831425, 4.7238531876,
1146,4, 5.4840056038, 7.3643046379,
1147,0, 5.5113356495, 7.7126741600,
1147,1, 4.4685998249, 5.4024166965,
1147,2, 4.5207809734, 4.1853199959,
1147,3, 5.2543935776, 4.4265727234,
1147,4, 5.2904529095, 5.8057406807,
1148,0, 4.9342088318, 5.2135216522,
1148,1, 8.4529380989, 6.9901906586,
1148,2, 5.3425313282, 5.2303600788,
1148,3, 6.1817223454, 5.7172715950,
1148,4, 4.9948279953, 5.4159635353,
1149,0, 5.0273806858, 3.8831642723,
1149,1, 5.2409255505, 5.0217906952,
1149,2, 4.9905790806, 4.0744151974,
1149,3, 5.4429264164, 7.0893921852,
1149,4, 4.9183586454, 4.8188960743,
1150,0, 6.2288816929, 6.3897083282,
1150,1, 5.4039943886, 4.4521666622,
1150,2, 5.9649101543, 4.9631720161,
1150,3, 4.8482121897, 4.8598405552,
1150,4, 5.1200814438, 4.3128381443,
1151,0, 4.9133757305, 4.0132035446,
1151,1, 5.3350796223, 5.9172745323,
1151,2, 5.7098624134, 6.6317807198,
1151,3, 5.2851206875, 4.1285394287,
1151,4, 4.8046343136, 5.5031372833,
1152,0, 5.1929943275, 3.6112282372,
1152,1, 5.0846599579, 5.0203938866,
1152,2, 5.0287028790, 6.5636610413,
1152,3, 4.3607417297, 4.6599454975,
1152,4, 4.8297262192, 4.6139423752,
1153,0, 4.3554926014, 3.7403940582,
1153,1, 5.5011448765, 7.1608707047,
1153,2, 4.3492926741, 3.8387160397,
1153,3, 5.4950824642, 4.6604748344,
1153,4, 5.0686119843, 7.3017163086,
1154,0, 4.7444957447, 4.3320869255,
1154,1, 4.6897548008, 7.2469371796,
1154,2, 5.1375126171, 5.8538561249,
1154,3, 4.6431429958, 6.0642039776,
1154,4, 4.9824964428, 3.8645871449,
1155,0, 5.0470635223, 4.8187154484,
1155,1, 5.4922158957, 6.7955003357,
1155,2, 6.5568382931, 5.2395201874,
1155,3, 6.5460538960, 5.1354745102,
1155,4, 5.0043640471, 4.7782488155,
1156,0, 4.1569908142, 4.2230105495,
1156,1, 5.2215852928, 5.1870387840,
1156,2, 6.0580615139, 4.0980296230,
1156,3, 4.6614089870, 4.6994764614,
1156,4, 4.8839530373, 5.3848746109,
1157,0, 5.1482361507, 3.8837195969,
1157,1, 5.1073340178, 5.3372599220,
1157,2, 4.8610998726, 4.8667816830,
1157,3, 4.8052426529, 4.7011760044,
1157,4, 5.7898455811, 4.4556749058,
1158,0, 5.3634149742, 6.1692777824,
1158,1, 4.8042346287, 4.6682997513,
1158,2, 5.2928505516, 5.2239682388,
1158,3, 4.2053250456, 4.4539863491,
1158,4, 4.7684035540, 5.0998755741,
1159,0, 6.0461883402, 4.6959392834,
1159,1, 4.8051406479, 5.4716888237,
1159,2, 5.8023216915, 6.7320134544,
1159,3, 5.1712105370, 4.5144487858,
1159,4, 4.2010339260, 5.5666500187,
1160,0, 4.8538302183, 3.5584784698,
1160,1, 4.0776433706, 5.1177739906,
1160,2, 5.0658017254, 4.3771974373,
1160,3, 4.9192850590, 5.4512586498,
1160,4, 5.3717528343, 5.0270439720,
1161,0, 5.2402547646, 5.2976642036,
1161,1, 4.4995433331, 6.6171571732,
1161,2, 4.7985405922, 4.9997888947,
1161,3, 5.3762416649, 4.5256208611,
1161,4, 4.3133181667, 6.3668025017,
1162,0, 4.2166727161, 4.3501477146,
1162,1, 5.0129959011, 3.5660152531,
1162,2, 4.9206917381, 5.2781250381,
1162,3, 4.9564816284, 8.2649012280,
1162,4, 5.2948523903, 4.8152398491,
1163,0, 6.3534362888, 4.7902164936,
1163,1, 4.9655846119, 6.2524975777,
1163,2, 5.2506447220, 5.9896131325,
1163,3, 4.2172613335, 3.3259541225,
1163,4, 5.2717618370, 4.1164890575,
1164,0, 5.3423070192, 4.2583624935,
1164,1, 5.5823239326, 4.3850358009,
1164,2, 4.7324221420, 4.9040584803,
1164,3, 5.0543675327, 3.5576562309,
1164,4, 6.8652797222, 8.0809267998,
1165,0, 4.9558840275, 4.3610764027,
1165,1, 5.4393634415, 3.6221057653,
1165,2, 4.6199071550, 3.9491926384,
1165,3, 5.6107561493, 5.7201927567,
1165,4, 4.1249590254, 3.5844406605,
1166,0, 5.6555713940, 5.5606813049,
1166,1, 5.4901605892, 4.9129707050,
1166,2, 4.5448634768, 4.4903886223,
1166,3, 4.4931872463, 4.6864014244,
1166,4, 4.4634137344, 3.7159419060,
1167,0, 5.3043119669, 5.9702369976,
1167,1, 5.4756039047, 5.8879967213,
1167,2, 5.8741616297, 5.5050980568,
1167,3, 5.0490164280, 5.1721311378,
1167,4, 5.2732881355, 7.2372052765,
1168,0, 4.8374607754, 5.9966811466,
1168,1, 4.5107834768, 4.5990578651,
1168,2, 5.1543727016, 4.3011267185,
1168,3, 4.1771759987, 5.9894691467,
1168,4, 4.4256528950, 5.2377477551,
1169,0, 4.3275558281, 4.3047577190,
1169,1, 4.8667893553, 8.1328262520,
1169,2, 6.2197290754, 6.5532264519,
1169,3, 5.0165612411, 6.2189368343,
1169,4, 5.0278186035, 7.9844839287,
1170,0, 5.1801865339, 6.9514320564,
1170,1, 3.8283000278, 5.5359820461,
1170,2, 4.6266508198, 4.1401235962,
1170,3, 4.0459425592, 3.8111526489,
1170,4, 4.1350762081, 4.1512834167,
1171,0, 5.2290916157, 5.3637028599,
1171,1, 4.6626750755, 6.0993612957,
1171,2, 4.2909560299, 5.4137131786,
1171,3, 4.6284086561, 5.5040189362,
1171,4, 5.1482489014, 6.0093159771,
1172,0, 5.9578086281, 7.2022390366,
1172,1, 5.4520168781, 7.5936412048,
1172,2, 5.7478304100, 5.7440179348,
1172,3, 5.2589160538, 5.5800502777,
1172,4, 7.3872657108, 7.6804919815,
1173,0, 5.1137424278, 5.2477670574,
1173,1, 6.0846254826, 3.8277184772,
1173,2, 4.9554085159, 4.9484280968,
1173,3, 3.9313817024, 4.8225470257,
1173,4, 4.9534139442, 3.7319506359,
1174,0, 5.8325425243, 4.8880078125,
1174,1, 6.0991551971, 7.7246317101,
1174,2, 5.3643930149, 5.7635945606,
1174,3, 8.8875114250, 6.2296208382,
1174,4, 4.8123502350, 6.0502657509,
1175,0, 4.1574635458, 4.4354350090,
1175,1, 4.6211047459, 5.2594685555,
1175,2, 4.9018924952, 7.8475568199,
1175,3, 4.7853447151, 4.9304935360,
1175,4, 4.1705880547, 5.3806623650,
1176,0, 4.9873286247, 4.0695314503,
1176,1, 4.4680593443, 5.7192912292,
1176,2, 4.6104212284, 5.2053355980,
1176,3, 5.9346782398, 11.5600175095,
1176,4, 5.9534339333, 6.7343193245,
1177,0, 4.6957200909, 6.2076035976,
1177,1, 6.2539556503, 6.2388289261,
1177,2, 5.1166563034, 4.7792956066,
1177,3, 4.7038837242, 4.1684300327,
1177,4, 5.3215649128, 5.0067727184,
1178,0, 4.5823368025, 4.8696782017,
1178,1, 5.5003664112, 6.3208517456,
1178,2, 4.7665399361, 5.1568251896,
1178,3, 4.3613934040, 5.2419091988,
1178,4, 4.7908453560, 4.6729694271,
1179,0, 4.7097222662, 6.2379384041,
1179,1, 4.0535725594, 4.1541844559,
1179,2, 4.7507204533, 2.9208368635,
1179,3, 4.7555805492, 6.1818407822,
1179,4, 4.8990584850, 4.4483162689,
1180,0, 5.8783119535, 6.1463940144,
1180,1, 5.6252028942, 9.1062899208,
1180,2, 4.8971279335, 7.1554340553,
1180,3, 5.6004789352, 5.9860065842,
1180,4, 4.4638990498, 5.0479216671,
1181,0, 4.4946197748, 4.9528114796,
1181,1, 5.2488858366, 4.5697229671,
1181,2, 4.4798833752, 4.4477904510,
1181,3, 5.3182341385, 7.1704687595,
1181,4, 5.7138143253, 4.1961666965,
1182,0, 5.5262466145, 3.7987634563,
1182,1, 6.2226573896, 5.5847167110,
1182,2, 4.2418224573, 4.4392206097,
1182,3, 4.7240987158, 5.8786395741,
1182,4, 4.7180641270, 5.5589753437,
1183,0, 4.4825795984, 5.2580237961,
1183,1, 4.9758928394, 6.8608014107,
1183,2, 4.7718236256, 4.7076563931,
1183,3, 5.1076586342, 6.5527963638,
1183,4, 4.1452887821, 4.0163427162,
1184,0, 5.0494044733, 4.8426439285,
1184,1, 4.1839583206, 6.0459996700,
1184,2, 5.6128531456, 3.9775408745,
1184,3, 5.2928703403, 4.7211656094,
1184,4, 5.2313784695, 5.8416742039,
1185,0, 4.6823393250, 4.7674404716,
1185,1, 5.2253186512, 5.8573274040,
1185,2, 5.7347279072, 6.7852470779,
1185,3, 4.5214770412, 3.8146893692,
1185,4, 5.8534407139, 4.3532333374,
1186,0, 4.3791270733, 4.1032639790,
1186,1, 4.3125609636, 4.7200440216,
1186,2, 4.6735143948, 2.7391475868,
1186,3, 4.4028199863, 3.7737150478,
1186,4, 4.5787715435, 4.4979986668,
1187,0, 4.6547369671, 3.9437413692,
1187,1, 4.6856283236, 3.8413883305,
1187,2, 4.0967361641, 3.5923165131,
1187,3, 4.5036483431, 3.0912992668,
1187,4, 4.7574983215, 4.9174377966,
1188,0, 5.2251558781, 6.8980962849,
1188,1, 4.2311412621, 6.7146693420,
1188,2, 4.7367022038, 4.0755077839,
1188,3, 5.3577735424, 5.2059612656,
1188,4, 4.8583811474, 4.7737845612,
1189,0, 4.2364178228, 5.4213062191,
1189,1, 8.6645254898, 10.5872334671,
1189,2, 5.2264449310, 4.9908875370,
1189,3, 4.9753071690, 4.3302074242,
1189,4, 3.8615434074, 4.5748277569,
1190,0, 6.0949042082, 5.1008650875,
1190,1, 5.1293858051, 4.2439706802,
1190,2, 5.6657419205, 6.4125500298,
1190,3, 4.9306401825, 3.6692099762,
1190,4, 4.8086009312, 5.7991279697,
1191,0, 4.9721895504, 3.7279470539,
1191,1, 5.0304444599, 6.4570346642,
1191,2, 5.0190165043, 4.2396066189,
1191,3, 6.4983633518, 6.2508973312,
1191,4, 4.1934206200, 5.4952783966,
1192,0, 5.2271790791, 7.5797377205,
1192,1, 4.8112886524, 6.0193511868,
1192,2, 4.8607373810, 3.9913680840,
1192,3, 5.2102098083, 4.3105738640,
1192,4, 6.4873792648, 5.5699680614,
1193,0, 6.1757766533, 6.2421867943,
1193,1, 5.0763702202, 4.2098369122,
1193,2, 4.3157442284, 4.6189578438,
1193,3, 4.4268895054, 7.6595207787,
1193,4, 4.1216174126, 3.5863858128,
1194,0, 5.2000398254, 5.7699633884,
1194,1, 5.0950388336, 4.9786436176,
1194,2, 5.5257167244, 6.6959939957,
1194,3, 5.6621286726, 4.1749797916,
1194,4, 5.0962408638, 5.6624151707,
1195,0, 5.8451100254, 5.8543765736,
1195,1, 4.4842660284, 4.3034567547,
1195,2, 5.8089737797, 4.5465121555,
1195,3, 5.8135130310, 6.5341437054,
1195,4, 4.7286845398, 4.1665889454,
1196,0, 5.1598940849, 5.9432415485,
1196,1, 4.1109335566, 5.5251895618,
1196,2, 4.4362009335, 4.2427956104,
1196,3, 5.9022842789, 5.3333473587,
1196,4, 4.1027826834, 5.8523486900,
1197,0, 4.9751612663, 4.7014142227,
1197,1, 4.6940295506, 4.6035604954,
1197,2, 5.6164192343, 5.2384522057,
1197,3, 5.2941416073, 3.2125295067,
1197,4, 4.5759773540, 7.4806212425,
1198,0, 5.2694613743, 4.4119547939,
1198,1, 5.1950302267, 4.0461666298,
1198,2, 4.1574018049, 4.3588702869,
1198,3, 4.9044128704, 4.3882123375,
1198,4, 5.5683744431, 5.6416770935,
1199,0, 6.1282014561, 6.8105114937,
1199,1, 5.4591309834, 4.8027465153,
1199,2, 4.4526190186, 6.1399642372,
1199,3, 4.5547010756, 5.5740400219,
1199,4, 5.8393129158, 8.3672075272,
1200,0, 5.8901659107, 4.8128973293,
1200,1, 5.4158815289, 6.6593173790,
1200,2, 4.2384329462, 4.0096022415,
1200,3, 4.5385579872, 4.8123107243,
1200,4, 4.3389597940, 4.3357800770,
1201,0, 4.4367375851, 6.0058896255,
1201,1, 4.6473781872, 6.0701812744,
1201,2, 4.6843678188, 4.2782746792,
1201,3, 5.1367133808, 4.7370615005,
1201,4, 4.9757497978, 4.0362841892,
1202,0, 4.8524400759, 2.9478452063,
1202,1, 5.0850911713, 4.0358089733,
1202,2, 5.4312884426, 7.2753580189,
1202,3, 4.2703342819, 6.0813877678,
1202,4, 5.1968711233, 5.6539687824,
1203,0, 4.0454673195, 3.4100441074,
1203,1, 4.2724589729, 4.1596084213,
1203,2, 4.7599618053, 4.3820637417,
1203,3, 4.7616085529, 4.7440717125,
1203,4, 4.6622417688, 6.8413423729,
1204,0, 6.0214315605, 5.1920253563,
1204,1, 5.6455826664, 4.7878276539,
1204,2, 6.0687790871, 6.6523724842,
1204,3, 3.9960380888, 5.3264065170,
1204,4, 4.9524178505, 3.7769899368,
1205,0, 4.9995146847, 5.2813959980,
1205,1, 5.0629756355, 4.7022450924,
1205,2, 5.3925768566, 3.9618249702,
1205,3, 5.1638827276, 5.9191018867,
1205,4, 4.1623345089, 3.5768149376,
1206,0, 4.3417586708, 4.1910110855,
1206,1, 4.9613162041, 5.2570191002,
1206,2, 4.4271215057, 5.6077977943,
1206,3, 4.3739834023, 5.5908164120,
1206,4, 6.7157609653, 5.5179406548,
1207,0, 5.5203326416, 5.4079464245,
1207,1, 5.0479130173, 5.2521878910,
1207,2, 4.3481306028, 3.7691946602,
1207,3, 6.0561805725, 4.3187003517,
1207,4, 5.7368588638, 4.4324607944,
1208,0, 5.8258017540, 8.2833896065,
1208,1, 4.9092233133, 3.9713723516,
1208,2, 4.8298910236, 4.7745654297,
1208,3, 5.1593356848, 4.8528229809,
1208,4, 4.2703282833, 5.6938919640,
1209,0, 5.5509195042, 4.4138418102,
1209,1, 4.8527274418, 3.4937262821,
1209,2, 5.4616970730, 5.3082769203,
1209,3, 5.1636361313, 4.2533928394,
1209,4, 4.6440841007, 3.9940322495,
1210,0, 4.5017692518, 3.8569000435,
1210,1, 5.4535554790, 7.3305958748,
1210,2, 4.3192133045, 4.2500258636,
1210,3, 4.1861514187, 3.5809340954,
1210,4, 4.9133250904, 4.2501432705,
1211,0, 5.9053164196, 7.4161443901,
1211,1, 3.9011641216, 5.1389713478,
1211,2, 5.2208987904, 4.3512578773,
1211,3, 4.6525581360, 4.1908801842,
1211,4, 4.7996967793, 3.0506394815,
1212,0, 5.8731489468, 5.8804209232,
1212,1, 4.8860334110, 3.7688575935,
1212,2, 4.8778519535, 5.8781914616,
1212,3, 4.8802606773, 5.6106603909,
1212,4, 4.4374675035, 3.9281782246,
1213,0, 4.5164525318, 5.1231155491,
1213,1, 6.0655773544, 5.3389201927,
1213,2, 4.5625709152, 5.5817036819,
1213,3, 5.0548029709, 3.8280815411,
1213,4, 4.5101996326, 4.7798855782,
1214,0, 4.7667527437, 5.8391321850,
1214,1, 5.0702882099, 5.8149447823,
1214,2, 5.5051599026, 5.6464162445,
1214,3, 4.6188397217, 4.7210285378,
1214,4, 4.8935573435, 5.4033584881,
1215,0, 5.2887609386, 6.7635439873,
1215,1, 4.1343095541, 5.2543474197,
1215,2, 4.6170156097, 4.1664566231,
1215,3, 4.7128694725, 4.6653979778,
1215,4, 4.1492787266, 5.5135589218,
1216,0, 4.3206241226, 3.8434489632,
1216,1, 4.8407354212, 4.3931334782,
1216,2, 5.0071026373, 5.4126505947,
1216,3, 5.7163577461, 4.9621977806,
1216,4, 5.3982297611, 3.9951883888,
1217,0, 5.1731662750, 3.8964044666,
1217,1, 5.1312101650, 6.4031728745,
1217,2, 5.7608694744, 4.6021269703,
1217,3, 4.2927566004, 3.8122535038,
1217,4, 4.6305052948, 4.2887168980,
1218,0, 5.3156958294, 4.3601566410,
1218,1, 4.7744841290, 2.7562378740,
1218,2, 5.4038300896, 5.1598775291,
1218,3, 5.3940612030, 5.0175650406,
1218,4, 5.5195222282, 5.5528541565,
1219,0, 4.1856998825, 5.3649710655,
1219,1, 4.6188971615, 2.9659799814,
1219,2, 4.4514048862, 3.9479147911,
1219,3, 5.9662102509, 4.7398952770,
1219,4, 5.2089895439, 4.3569107628,
1220,0, 4.5900266123, 5.5811844921,
1220,1, 4.7131751442, 4.5783229637,
1220,2, 4.1361296034, 4.4067633343,
1220,3, 4.5133360100, 4.1407408142,
1220,4, 5.8122300863, 4.5381188011,
1221,0, 5.1165212059, 4.2748835468,
1221,1, 9.3062433910, 6.2334888554,
1221,2, 4.8222842979, 5.8226218033,
1221,3, 4.6703701973, 5.3816959858,
1221,4, 4.5917787123, 4.8460349464,
1222,0, 5.3562246275, 3.6767475510,
1222,1, 4.5244827604, 4.9015443707,
1222,2, 5.9526952028, 4.6848705578,
1222,3, 5.4306258678, 5.7633668804,
1222,4, 4.6319819450, 4.6331188011,
1223,0, 4.8241610432, 6.7746957397,
1223,1, 4.8531639004, 4.2623863697,
1223,2, 4.6860172272, 5.0099765491,
1223,3, 5.5883775663, 6.4643882751,
1223,4, 4.6820685387, 4.3583240891,
1224,0, 4.4966217518, 5.6272089672,
1224,1, 4.6254281569, 5.1132162476,
1224,2, 5.5776890755, 4.2513232231,
1224,3, 4.4569991684, 5.1600028229,
1224,4, 4.6307457829, 4.5399379730,
1225,0, 5.3539280605, 5.6398533344,
1225,1, 3.9779114056, 4.1751301956,
1225,2, 4.6598100662, 5.3337489796,
1225,3, 4.2214943600, 3.8874196529,
1225,4, 5.5869970703, 5.7774637604,
1226,0, 4.8910142040, 5.4257827663,
1226,1, 4.6302144909, 4.9275624466,
1226,2, 5.5733429432, 6.1588721561,
1226,3, 6.5539236546, 7.1069799519,
1226,4, 4.9253831100, 5.3045066452,
1227,0, 6.2990645790, 5.2290656948,
1227,1, 5.6998283386, 6.0325924873,
1227,2, 5.9080420589, 6.4166008949,
1227,3, 4.5524028111, 5.0182988358,
1227,4, 4.2043856096, 5.3412472248,
1228,0, 4.7964687157, 5.4867584991,
1228,1, 5.0787463951, 3.4769056273,
1228,2, 4.9009113932, 3.5141317987,
1228,3, 5.3309582138, 6.4912937927,
1228,4, 3.9414705658, 4.1985898209,
1229,0, 4.5718673992, 4.9211439896,
1229,1, 4.6968023920, 6.3645164490,
1229,2, 4.5260482502, 5.1013152027,
1229,3, 4.3741168785, 5.9138012600,
1229,4, 4.0651534081, 4.6237649918,
1230,0, 4.7942741013, 4.2168360996,
1230,1, 4.5898297882, 4.8373866558,
1230,2, 5.7468371677, 6.7240867996,
1230,3, 4.5531789780, 6.7651102257,
1230,4, 5.1694894505, 6.0320285416,
1231,0, 4.1152170086, 5.1932665443,
1231,1, 4.3648874474, 4.6915621376,
1231,2, 5.4447058678, 6.7146526527,
1231,3, 5.6236566162, 6.4508202934,
1231,4, 4.8206622410, 6.3609334183,
1232,0, 4.8086309290, 3.4288818932,
1232,1, 5.4082097244, 6.9001429558,
1232,2, 4.7758395958, 5.2470387554,
1232,3, 5.1162616539, 5.1531404114,
1232,4, 5.0669677782, 8.0070021820,
1233,0, 4.9131705856, 7.5415386772,
1233,1, 5.3284977055, 3.8602189541,
1233,2, 6.8818532753, 5.3665708447,
1233,3, 4.3336386251, 7.0177237511,
1233,4, 4.5556149292, 5.2001048088,
1234,0, 5.8283512306, 4.1723577213,
1234,1, 4.7294930506, 3.6378393459,
1234,2, 4.8529923153, 5.2243292427,
1234,3, 5.7898952103, 6.1092333794,
1234,4, 4.1970702744, 4.0412196541,
1235,0, 5.3613690281, 4.6289451313,
1235,1, 4.4624553204, 4.3019057751,
1235,2, 4.4353056526, 5.2756839848,
1235,3, 4.7644156742, 6.6526538086,
1235,4, 4.7688639069, 4.6786249828,
1236,0, 5.3564406490, 5.5450067329,
1236,1, 4.4542336655, 4.7605820370,
1236,2, 4.9483924961, 7.7840759659,
1236,3, 5.7114165783, 3.5111636639,
1236,4, 4.8197264624, 4.9435439682,
1237,0, 4.4467635918, 4.4483589554,
1237,1, 4.7998046494, 5.8501672745,
1237,2, 4.7897447491, 6.1636182404,
1237,3, 5.2095625114, 4.3898437023,
1237,4, 4.3927951336, 6.0941679764,
1238,0, 5.4076486111, 5.9458666992,
1238,1, 5.4589302063, 7.9187942886,
1238,2, 5.0783877373, 5.1962877655,
1238,3, 4.3033393192, 6.0600877571,
1238,4, 5.1241602993, 4.2740233612,
1239,0, 4.5590339851, 5.6288064861,
1239,1, 5.0073702621, 4.2815142632,
1239,2, 4.7211923790, 6.2676704025,
1239,3, 5.1643050098, 3.0515997553,
1239,4, 4.7700581551, 5.8388331699,
1240,0, 4.8565610123, 5.9489351940,
1240,1, 5.7490048885, 6.3393625450,
1240,2, 4.8221045399, 5.0713002968,
1240,3, 4.9413982201, 6.0760197163,
1240,4, 4.2569910336, 4.5165830421,
1241,0, 6.0185125828, 4.8470852184,
1241,1, 4.8729614735, 5.4286074162,
1241,2, 5.4283455086, 4.4591874981,
1241,3, 4.9624000263, 5.7627537346,
1241,4, 5.2844305611, 6.0698558807,
1242,0, 4.9614567375, 5.3971366119,
1242,1, 4.4099595690, 4.5874618340,
1242,2, 5.1548398399, 4.0723121834,
1242,3, 4.4601450062, 4.1851390266,
1242,4, 4.2253325939, 4.5318825722,
1243,0, 5.1411348343, 5.9184873867,
1243,1, 4.9387935209, 4.4481376171,
1243,2, 4.6052620745, 9.4418572617,
1243,3, 4.7358789587, 4.2303826046,
1243,4, 5.0108552647, 4.6122863674,
1244,0, 4.8166427469, 5.9522167683,
1244,1, 4.4411729622, 4.5512672329,
1244,2, 5.0705030060, 6.1602371502,
1244,3, 5.1932479191, 5.2208662891,
1244,4, 6.1578637791, 5.4818354034,
1245,0, 4.8116253662, 3.9411482143,
1245,1, 4.6738443661, 3.5001982975,
1245,2, 4.3901253748, 5.7788443375,
1245,3, 4.5225659943, 5.1252474403,
1245,4, 4.6869784260, 5.0882290840,
1246,0, 4.4935444069, 4.4144718075,
1246,1, 5.5822855759, 6.0251490307,
1246,2, 4.6882667065, 6.9463104439,
1246,3, 4.6982788944, 4.6941940784,
1246,4, 4.5606111717, 5.3155909729,
1247,0, 7.0125331116, 6.3939452553,
1247,1, 3.9770492649, 5.2060797787,
1247,2, 5.0604106760, 5.1909129810,
1247,3, 5.0328177929, 6.5852569866,
1247,4, 4.9194328785, 4.8056812191,
1248,0, 4.4474767208, 4.6227023602,
1248,1, 4.9211705875, 6.1508064461,
1248,2, 5.4608523846, 4.2287162781,
1248,3, 5.0857902241, 5.7170669651,
1248,4, 4.8212246943, 4.9858809090,
1249,0, 4.9364804029, 6.1917410660,
1249,1, 6.2225428391, 5.3412144566,
1249,2, 4.3690100288, 5.2655582047,
1249,3, 4.4221573639, 5.6344013214,
1249,4, 5.8486440945, 4.6990093517,
1250,0, 5.7475900650, 4.1561067200,
1250,1, 5.4702812862, 4.5085948563,
1250,2, 4.5064799261, 4.5650576782,
1250,3, 6.4614069271, 5.0752266884,
1250,4, 4.6964636898, 3.6191968250,
1251,0, 4.6704396105, 5.3517469406,
1251,1, 4.2197946739, 5.4015617371,
1251,2, 4.4646333122, 5.5031365681,
1251,3, 5.3189124012, 5.1531581593,
1251,4, 4.5509352303, 4.7583472347,
1252,0, 4.6529498005, 4.8160653400,
1252,1, 4.9398272705, 5.6643412590,
1252,2, 5.0014810848, 3.4783460999,
1252,3, 4.2567318630, 5.1260680580,
1252,4, 4.2417737389, 5.7002052879,
1253,0, 3.8845081425, 4.7541726208,
1253,1, 4.3367112637, 5.2684972191,
1253,2, 6.5195232105, 6.6249232006,
1253,3, 4.4901858521, 5.1598904228,
1253,4, 4.9163079834, 5.5859307766,
1254,0, 4.3651188183, 5.0946256542,
1254,1, 4.0730804253, 4.6162492180,
1254,2, 5.3472737980, 3.6366031265,
1254,3, 4.7782486057, 5.4957172394,
1254,4, 4.5504504585, 4.7405109596,
1255,0, 4.9208003712, 3.8895900059,
1255,1, 4.9265206003, 7.9746618843,
1255,2, 5.8963447094, 4.1055792236,
1255,3, 4.2102317572, 4.1834546185,
1255,4, 4.8374478817, 4.1035243034,
1256,0, 4.8092627525, 3.5719757557,
1256,1, 6.1759214211, 5.7217595100,
1256,2, 5.3552526760, 4.7556979084,
1256,3, 5.3143663263, 5.4348663998,
1256,4, 5.1611378956, 5.7543804169,
1257,0, 4.7728207874, 5.5405262661,
1257,1, 4.2659659195, 7.1716163731,
1257,2, 4.3866950512, 5.0427996349,
1257,3, 4.6813267946, 4.0668247890,
1257,4, 4.6106593466, 6.0973757362,
1258,0, 7.8335858870, 8.7394178772,
1258,1, 5.3889508724, 4.6786864471,
1258,2, 5.2385595703, 3.3462214661,
1258,3, 4.5961069918, 4.3148747826,
1258,4, 4.7230349493, 5.0316297340,
1259,0, 4.9487257195, 4.3190555382,
1259,1, 4.9302056789, 5.7316114044,
1259,2, 4.6109864712, 5.1257518196,
1259,3, 5.1114319801, 6.5221603680,
1259,4, 6.1116553116, 6.7001129913,
1260,0, 4.7859420490, 6.8340032291,
1260,1, 5.0175268459, 5.5454718781,
1260,2, 4.6101785469, 3.6848003292,
1260,3, 5.1986725330, 4.7195809174,
1260,4, 5.7777380753, 5.6191100216,
1261,0, 5.4200982857, 3.6555435276,
1261,1, 5.6388437080, 5.4013122749,
1261,2, 4.4372141981, 4.1729423046,
1261,3, 5.6547817230, 7.6700331879,
1261,4, 4.2522675180, 5.1721214104,
1262,0, 5.0146018028, 5.8936594677,
1262,1, 5.1976362514, 3.5854269505,
1262,2, 4.1471732712, 4.3123621559,
1262,3, 4.7850712156, 4.8537677765,
1262,4, 4.7789303684, 3.9261976242,
1263,0, 4.1762655258, 4.1814196110,
1263,1, 5.0166132259, 5.0049630165,
1263,2, 4.4637472725, 4.6201519775,
1263,3, 5.0674156046, 5.5981842422,
1263,4, 4.0847103882, 5.2748168564,
1264,0, 5.0014057827, 4.7794295883,
1264,1, 4.2270934486, 3.7930627060,
1264,2, 5.2327424812, 4.8211487007,
1264,3, 5.0464010811, 4.5688581371,
1264,4, 5.7936005068, 4.8943913555,
1265,0, 6.1476795435, 6.6080128479,
1265,1, 5.1521051884, 4.7265815639,
1265,2, 6.6591446972, 6.9591021252,
1265,3, 4.7288765240, 6.1321646881,
1265,4, 4.4239918661, 5.8956634998,
1266,0, 4.8375919724, 5.1876626015,
1266,1, 5.3237110806, 7.1341044807,
1266,2, 4.3951246738, 3.7334796333,
1266,3, 4.7031581783, 5.1387285137,
1266,4, 5.4090935135, 5.8839365673,
1267,0, 5.6114063931, 6.2166913986,
1267,1, 4.8063364506, 4.8649800014,
1267,2, 5.2647546864, 5.5948495674,
1267,3, 4.3505057621, 3.5935463428,
1267,4, 6.5220243931, 6.5903081512,
1268,0, 5.1070836353, 3.6072693348,
1268,1, 4.5146394730, 5.0713557243,
1268,2, 4.4825069523, 8.8905110359,
1268,3, 5.0471606255, 6.5101161957,
1268,4, 4.2621220875, 5.5864930439,
1269,0, 5.8013518429, 6.7605570602,
1269,1, 5.8176167583, 5.0294312763,
1269,2, 5.3891370249, 4.8690299416,
1269,3, 6.0171086597, 6.6978373528,
1269,4, 4.4439508533, 5.8148512840,
1270,0, 4.2794114685, 4.1054813671,
1270,1, 5.4258194351, 5.6594743156,
1270,2, 5.0382845592, 3.6268085480,
1270,3, 4.4857789087, 5.8537871933,
1270,4, 4.8088132572, 5.3305211735,
1271,0, 4.2952172327, 4.7001232052,
1271,1, 4.9929092312, 7.1062503052,
1271,2, 4.5258949041, 3.3261724663,
1271,3, 4.6879017353, 5.1721363068,
1271,4, 4.5281297398, 5.8476475239,
1272,0, 4.2524590874, 5.0041467190,
1272,1, 5.1799854469, 6.0599577618,
1272,2, 4.4723872280, 4.5927841663,
1272,3, 4.5507716084, 5.6458567810,
1272,4, 4.5228784561, 4.7661396217,
1273,0, 3.9718149757, 4.5786202431,
1273,1, 5.3480478477, 4.4003453064,
1273,2, 5.5391208267, 6.0451443386,
1273,3, 4.2647499084, 4.8119096184,
1273,4, 4.0199200153, 4.5119457150,
1274,0, 6.1347332859, 4.1764032173,
1274,1, 4.9551337147, 6.4264571285,
1274,2, 5.4656493664, 5.3148036480,
1274,3, 4.0141868877, 5.0712726498,
1274,4, 4.7008898497, 5.8386637688,
1275,0, 5.1129034710, 5.2907383156,
1275,1, 5.1651763344, 4.4801999283,
1275,2, 4.9771776104, 7.0484299755,
1275,3, 4.3686355782, 5.6745619965,
1275,4, 4.1859309101, 5.6608258915,
1276,0, 5.9590579796, 7.6479090118,
1276,1, 5.2239015675, 6.9564529610,
1276,2, 4.0510557652, 5.0808813763,
1276,3, 4.2078542614, 4.7545807457,
1276,4, 4.6468405437, 4.3982072639,
1277,0, 5.3038293839, 6.7715403080,
1277,1, 4.6096002579, 4.1509622574,
1277,2, 5.1095913982, 3.6224746609,
1277,3, 4.3229974747, 3.8282516766,
1277,4, 4.4880182934, 5.8465885639,
1278,0, 4.8270524359, 4.7257630157,
1278,1, 4.8214707947, 5.1599370384,
1278,2, 4.5819216919, 4.6850980759,
1278,3, 5.4822481251, 4.8950111008,
1278,4, 5.3779071903, 4.4722571373,
1279,0, 4.0904488182, 5.6272628498,
1279,1, 4.6322316456, 6.7545075607,
1279,2, 4.1369443321, 3.7492543793,
1279,3, 5.9076819229, 5.9697345543,
1279,4, 4.7205851364, 3.9700325966,
1280,0, 4.7277952957, 5.1392010021,
1280,1, 4.2646108150, 6.3931227398,
1280,2, 5.0208416843, 6.1922330475,
1280,3, 5.4514679909, 4.9381921482,
1280,4, 5.2332407951, 4.0737069225,
1281,0, 4.7919868183, 3.9190035725,
1281,1, 6.3193120098, 5.7011444950,
1281,2, 4.6381586647, 4.3019383621,
1281,3, 4.9135075951, 4.6720275211,
1281,4, 5.3379050922, 4.8570361137,
1282,0, 5.1560328197, 6.4551038551,
1282,1, 4.7644519615, 3.4418980980,
1282,2, 4.3456360722, 5.2012542057,
1282,3, 4.9868291092, 4.7085616302,
1282,4, 5.5516311264, 8.3104183960,
1283,0, 5.2012381268, 6.3637111092,
1283,1, 4.8971822166, 3.6429657078,
1283,2, 4.8501111889, 3.8855040073,
1283,3, 4.6654835129, 3.4506825638,
1283,4, 5.1109825802, 5.2356414890,
1284,0, 3.8382591581, 4.1549257374,
1284,1, 5.4305682278, 5.0671003342,
1284,2, 4.6867500114, 5.8247515774,
1284,3, 4.8204299068, 5.4375697041,
1284,4, 3.9256903839, 4.3123429203,
1285,0, 4.7677141380, 8.2416012764,
1285,1, 4.7376125622, 5.2532596684,
1285,2, 4.9178292942, 3.6588822842,
1285,3, 4.4769347429, 5.0087672043,
1285,4, 4.5320469379, 6.2342225885,
1286,0, 6.9797723484, 3.2207917786,
1286,1, 5.1761390352, 4.8459601784,
1286,2, 5.1262169218, 4.8776138496,
1286,3, 4.8222773552, 7.5269577408,
1286,4, 4.2340972900, 4.4995534039,
1287,0, 4.9720582151, 4.2305413818,
1287,1, 4.1469824123, 3.2835870552,
1287,2, 3.7797028780, 4.6767467403,
1287,3, 5.3872057486, 3.5371616840,
1287,4, 4.2440089989, 5.7484618855,
1288,0, 4.0624331760, 4.5841261101,
1288,1, 4.7316856194, 5.9840541172,
1288,2, 4.3859924984, 5.5755752945,
1288,3, 5.3651010513, 5.6047784424,
1288,4, 4.6928265762, 5.6142562485,
1289,0, 4.3060547447, 5.2900322056,
1289,1, 4.3964360714, 5.4539470100,
1289,2, 5.3682030964, 7.1731929398,
1289,3, 5.2408295918, 4.8221996975,
1289,4, 4.7421200752, 3.9367158794,
1290,0, 5.3799155855, 3.4606561089,
1290,1, 5.2470740604, 5.5303410816,
1290,2, 4.5240939999, 6.6036627579,
1290,3, 5.4192253017, 6.2646154404,
1290,4, 5.0330728388, 4.2301984406,
1291,0, 5.0162884140, 6.1940038204,
1291,1, 5.2437064075, 8.0806857491,
1291,2, 4.4960197687, 3.9811870766,
1291,3, 5.1602526760, 5.1733605289,
1291,4, 5.1779021025, 4.8007202053,
1292,0, 4.1422166252, 4.3614109612,
1292,1, 4.9893724537, 5.7934349442,
1292,2, 5.0902669525, 3.8519461727,
1292,3, 4.7474356747, 3.9313470650,
1292,4, 4.1049649334, 4.1085123158,
1293,0, 4.8873230553, 4.0691157818,
1293,1, 4.5943597507, 3.4476013565,
1293,2, 5.3389717531, 5.0620294857,
1293,3, 4.3765065575, 4.4296564579,
1293,4, 4.4062167454, 4.7015043163,
1294,0, 4.3968748474, 4.1404013729,
1294,1, 4.1017498302, 5.6218263721,
1294,2, 5.2773874807, 6.0815211105,
1294,3, 4.7457391834, 5.2360273457,
1294,4, 4.9995270538, 6.4972717857,
1295,0, 4.1881780958, 3.5467045403,
1295,1, 4.8042493010, 4.3480473900,
1295,2, 4.2435175657, 3.6926298714,
1295,3, 5.0628017139, 5.3702993965,
1295,4, 4.0214021730, 5.5393769550,
1296,0, 4.3337748718, 5.5766098499,
1296,1, 5.9154810619, 12.0151759911,
1296,2, 4.7586993408, 6.5952050972,
1296,3, 5.7123926926, 7.6168507957,
1296,4, 4.2222441769, 5.1151049614,
1297,0, 4.0190603542, 4.8668183708,
1297,1, 4.6474355030, 4.6777726173,
1297,2, 4.3496218491, 5.3277065659,
1297,3, 4.7202543497, 5.4376940155,
1297,4, 5.9729253197, 8.8511411858,
1298,0, 6.4639402533, 2.6714302301,
1298,1, 5.8501560593, 4.1776784897,
1298,2, 5.4092165279, 5.2076748466,
1298,3, 4.3768083382, 5.6630069733,
1298,4, 4.3990211248, 3.3038888407,
1299,0, 4.8168590546, 6.8458963394,
1299,1, 4.5968428802, 4.3342474651,
1299,2, 6.2516445923, 5.5784911728,
1299,3, 4.7852046871, 5.6249963760,
1299,4, 4.7479318428, 4.9250377750,
1300,0, 4.6159570026, 8.8421416664,
1300,1, 5.5322273636, 6.1910508537,
1300,2, 4.9912348223, 5.9822702980,
1300,3, 4.8463587379, 4.2722821808,
1300,4, 4.8561883450, 5.0714873886,
1301,0, 4.5383037663, 4.4226950645,
1301,1, 5.3169775963, 4.8736047840,
1301,2, 4.4006783390, 5.5157467651,
1301,3, 5.6404552746, 6.0958944130,
1301,4, 5.0898544979, 6.0934867954,
1302,0, 5.6751718521, 5.4071651173,
1302,1, 4.6273231888, 4.5414162731,
1302,2, 3.6786275101, 4.4701993465,
1302,3, 4.3507782459, 5.3292410755,
1302,4, 4.5238201809, 6.1302411079,
1303,0, 4.1839085102, 3.4472216129,
1303,1, 5.4547616482, 5.1104322529,
1303,2, 4.7211190796, 5.0545891190,
1303,3, 4.5024321222, 4.1265355968,
1303,4, 4.2729526806, 5.5728026962,
1304,0, 5.0640793610, 5.1372987461,
1304,1, 5.4132232714, 5.1500021076,
1304,2, 4.8253148842, 4.3079291248,
1304,3, 5.3390995598, 7.6692512894,
1304,4, 4.4306189299, 5.9360780334,
1305,0, 4.6621398306, 4.9452992725,
1305,1, 4.3509217930, 4.9897676945,
1305,2, 4.7603515005, 6.3685320663,
1305,3, 5.1062074471, 5.3302349472,
1305,4, 5.4940560007, 6.2618590260,
1306,0, 4.7628633213, 4.3984074402,
1306,1, 4.4541914034, 3.6672836018,
1306,2, 4.9658251953, 5.0163296509,
1306,3, 5.6973956108, 5.7044101334,
1306,4, 4.9344357109, 6.5529345417,
1307,0, 4.3261559677, 3.9439955044,
1307,1, 7.0370178032, 5.1200676250,
1307,2, 4.5658434582, 4.2197476101,
1307,3, 5.0249884033, 5.5087267399,
1307,4, 4.9416268492, 5.9891801929,
1308,0, 4.2705789471, 4.0177226543,
1308,1, 5.2057174873, 4.3292012691,
1308,2, 4.5277612782, 6.4215401649,
1308,3, 5.1642147923, 5.5204963303,
1308,4, 6.0150813007, 5.9937654781,
1309,0, 4.6891999531, 4.7656643963,
1309,1, 4.1832797527, 5.9338327980,
1309,2, 5.1154671860, 4.7512238884,
1309,3, 4.6513500881, 5.6445344925,
1309,4, 3.9969330692, 7.7712892532,
1310,0, 4.4221600437, 7.0052785206,
1310,1, 4.2882122278, 5.3701678944,
1310,2, 4.4132016325, 4.9655290508,
1310,3, 5.3893063641, 5.7558610535,
1310,4, 5.7327409077, 4.3289895821,
1311,0, 4.6740703058, 4.2349027061,
1311,1, 4.3650228786, 4.1552023220,
1311,2, 4.3898403692, 4.1475361729,
1311,3, 4.4949921703, 3.9945713329,
1311,4, 5.3645823383, 5.0315466022,
1312,0, 4.3880274963, 3.3859195805,
1312,1, 5.4871146965, 5.7006478310,
1312,2, 4.7952205563, 4.9857618713,
1312,3, 4.9652629232, 4.1674695396,
1312,4, 4.0814548111, 3.6923954487,
1313,0, 4.8386983490, 7.2164532471,
1313,1, 4.4041371536, 3.5550856876,
1313,2, 5.2110363913, 4.9055795765,
1313,3, 4.9590513134, 6.0845162964,
1313,4, 5.8480489349, 4.0268566036,
1314,0, 5.4446861267, 4.0694943333,
1314,1, 4.2519893646, 4.8197634125,
1314,2, 4.2050748825, 3.0328337145,
1314,3, 5.1328868866, 5.0177556229,
1314,4, 4.9414072657, 4.4569479942,
1315,0, 5.0078791332, 5.3013289738,
1315,1, 6.2903903055, 6.9938899040,
1315,2, 5.2488320637, 5.7001457214,
1315,3, 3.9016611862, 4.1062689209,
1315,4, 4.5055467224, 3.9576310062,
1316,0, 4.2839878559, 4.3590848446,
1316,1, 7.4989452410, 6.6603212166,
1316,2, 5.6605586052, 5.9755050850,
1316,3, 4.9077376366, 4.1097644901,
1316,4, 4.9329536819, 4.3483462906,
1317,0, 3.9238630056, 4.6340592480,
1317,1, 4.7030155659, 5.9879610729,
1317,2, 4.8749639416, 6.4395547104,
1317,3, 4.3379099464, 3.8867786694,
1317,4, 4.6933675289, 5.3990537357,
1318,0, 4.3582033634, 4.9053169823,
1318,1, 4.8223279667, 5.3390791607,
1318,2, 4.2158847523, 4.5137111568,
1318,3, 4.7939653683, 4.6350137997,
1318,4, 4.2074195671, 4.1002888489,
1319,0, 4.7588261271, 3.8996130085,
1319,1, 4.3809415483, 3.5338492107,
1319,2, 5.7366161346, 5.9129728317,
1319,3, 4.5649191475, 4.9562149811,
1319,4, 4.4186648560, 4.1797953033,
1320,0, 4.2908381081, 4.9055997181,
1320,1, 5.1220931625, 4.7146315193,
1320,2, 5.0436922264, 3.8733642769,
1320,3, 4.7403643036, 4.8157488823,
1320,4, 5.0360129356, 3.9265929890,
1321,0, 4.4348819733, 6.1029986477,
1321,1, 4.5011956596, 4.1604511690,
1321,2, 4.2465829754, 6.9456763458,
1321,3, 5.1202221441, 4.1293893528,
1321,4, 4.3057002401, 3.5579250050,
1322,0, 5.6477385044, 5.1028271484,
1322,1, 5.0290054989, 6.5904877472,
1322,2, 5.7601195431, 6.2745200443,
1322,3, 5.0433331108, 5.0315109348,
1322,4, 3.9434845972, 3.5303473282,
1323,0, 5.8147931623, 5.1245992756,
1323,1, 4.9560845470, 5.3814867210,
1323,2, 4.2055347633, 7.3855857277,
1323,3, 4.9411744261, 4.5360567951,
1323,4, 4.7421687412, 4.1232780838,
1324,0, 5.0741516876, 5.3184149075,
1324,1, 5.7448421812, 7.9946558571,
1324,2, 6.4811154366, 6.9282491684,
1324,3, 4.6482839870, 5.4840195465,
1324,4, 5.2890510845, 3.6256789970,
1325,0, 4.6469914436, 4.8381696701,
1325,1, 5.0101695585, 7.8140815926,
1325,2, 5.6773355007, 5.7350234795,
1325,3, 5.9451561069, 5.9695105267,
1325,4, 5.1858314037, 5.0839579773,
1326,0, 4.6820263386, 5.2602639103,
1326,1, 4.5416471148, 4.8486586952,
1326,2, 4.1021621943, 3.9016142750,
1326,3, 4.5283262444, 4.6526415825,
1326,4, 4.2469260550, 5.7107138348,
1327,0, 4.6394299364, 4.6025341225,
1327,1, 5.7623077154, 6.0417397118,
1327,2, 4.6928050232, 3.9471467400,
1327,3, 4.4752851582, 5.0631074619,
1327,4, 5.2126967525, 4.6718087196,
1328,0, 5.6916934252, 6.1749657249,
1328,1, 4.9530653000, 5.2923956871,
1328,2, 5.4215117931, 6.4401178551,
1328,3, 4.2474099874, 4.7576403999,
1328,4, 4.2900301123, 5.0139270210,
1329,0, 5.1461377382, 4.7270955849,
1329,1, 5.6835519123, 6.5686299038,
1329,2, 6.0303526354, 6.5483983898,
1329,3, 4.3611146545, 5.4210914993,
1329,4, 4.5502955341, 7.2222263336,
1330,0, 4.8081159687, 5.8917670345,
1330,1, 4.4399994612, 6.2797836113,
1330,2, 5.9708376980, 6.2656801510,
1330,3, 4.3871619320, 4.7131924915,
1330,4, 4.6229315376, 4.2844370270,
1331,0, 4.2410900879, 5.1189637756,
1331,1, 4.4848519087, 3.2537721157,
1331,2, 5.3551682472, 6.3258225155,
1331,3, 4.0063003635, 5.4207977009,
1331,4, 4.5621206951, 3.7603797817,
1332,0, 4.9340867233, 7.3260984421,
1332,1, 4.3427124643, 4.2441154861,
1332,2, 5.5637000561, 5.1485574532,
1332,3, 5.3104270554, 4.7207074547,
1332,4, 4.8865296173, 5.3939061928,
1333,0, 4.5251640368, 4.1428441811,
1333,1, 4.1856637192, 4.8849506950,
1333,2, 4.0134200954, 4.7912139225,
1333,3, 5.1184647942, 5.3739631367,
1333,4, 4.5400830460, 5.6894596767,
1334,0, 5.6858786201, 5.9682374668,
1334,1, 5.0358639240, 3.8833373928,
1334,2, 4.3262890863, 3.9026490593,
1334,3, 4.4220870209, 4.7496759129,
1334,4, 4.5055217934, 5.8264897823,
1335,0, 5.1262246990, 4.9473252201,
1335,1, 4.6339271879, 4.0616116428,
1335,2, 4.8369362068, 6.1591400719,
1335,3, 4.5535682678, 5.6390484619,
1335,4, 5.3120873880, 6.9679015923,
1336,0, 4.2918202400, 5.8802174377,
1336,1, 4.6710742760, 4.5233534527,
1336,2, 5.7720573902, 4.3807071495,
1336,3, 4.9994556046, 6.0386237812,
1336,4, 5.6264380741, 5.8164187145,
1337,0, 4.8704612112, 4.5634525299,
1337,1, 5.0656059361, 5.0991613388,
1337,2, 4.8965829229, 3.8207179451,
1337,3, 5.5177721214, 4.5141691494,
1337,4, 5.2249908733, 3.7291231251,
1338,0, 4.8409853840, 5.8188178539,
1338,1, 5.2535127258, 8.3888134766,
1338,2, 7.0368053532, 3.8006623459,
1338,3, 5.0431662083, 6.1296281338,
1338,4, 5.5444679832, 4.6378437424,
1339,0, 6.6376244354, 6.7608592224,
1339,1, 4.3922797871, 2.9449219608,
1339,2, 4.0148288727, 5.0897462559,
1339,3, 5.1344305038, 5.6100356674,
1339,4, 4.8861523247, 4.5490682888,
1340,0, 4.4173125887, 4.4277330875,
1340,1, 4.4259379673, 5.6252427197,
1340,2, 5.2157435322, 6.5356653881,
1340,3, 5.0442744827, 4.2546188450,
1340,4, 4.4767078304, 4.7649952888,
1341,0, 4.5391125822, 5.7719039345,
1341,1, 4.8717791462, 3.6266092587,
1341,2, 5.6488812351, 6.9827505302,
1341,3, 4.3910296059, 4.8746305752,
1341,4, 4.9787536669, 3.6661311054,
1342,0, 5.7078355408, 4.1079505157,
1342,1, 5.2215622234, 4.4830026722,
1342,2, 5.5788501263, 5.8255904484,
1342,3, 4.8809620762, 4.8438583946,
1342,4, 4.5426379013, 4.7922343063,
1343,0, 4.9340053749, 5.0362348938,
1343,1, 5.1423469543, 3.8668816280,
1343,2, 4.4856309700, 5.2096366501,
1343,3, 4.7180751991, 5.1704666042,
1343,4, 4.3556247854, 4.3346587658,
1344,0, 6.4974184990, 5.5880467892,
1344,1, 5.6959304810, 4.6089155102,
1344,2, 4.4173696804, 5.5199807358,
1344,3, 4.4085696316, 5.3952113914,
1344,4, 3.8946125603, 3.1281868410,
1345,0, 5.1291999722, 4.1881811237,
1345,1, 4.4680664778, 3.3399684525,
1345,2, 4.6138202763, 3.8448199081,
1345,3, 4.2625420475, 3.4322376490,
1345,4, 5.5032426071, 4.0762454891,
1346,0, 4.1902915955, 4.6811937332,
1346,1, 4.1877500916, 3.8802641201,
1346,2, 5.7453244305, 4.0244713116,
1346,3, 3.9287666512, 5.7934106159,
1346,4, 4.2935314560, 3.3253624630,
1347,0, 4.1450748539, 4.5452937889,
1347,1, 5.3160951519, 6.9366639900,
1347,2, 5.0935293484, 4.4228397274,
1347,3, 5.6627737617, 5.3882014465,
1347,4, 4.7687609768, 6.0825078773,
1348,0, 4.8888688946, 7.1555570984,
1348,1, 4.5001360416, 4.2164692688,
1348,2, 4.5092606163, 5.0099151230,
1348,3, 6.2210890007, 6.4624457455,
1348,4, 4.2855804443, 5.8425372410,
1349,0, 4.1118851566, 7.4853077126,
1349,1, 4.4130104160, 4.2718696308,
1349,2, 4.2850754738, 4.2985404015,
1349,3, 4.6606673956, 3.9760724449,
1349,4, 4.3636803532, 4.9722192574,
1350,0, 5.3565160561, 6.0593333626,
1350,1, 4.9403135443, 5.9753659248,
1350,2, 5.0124520111, 4.2928247833,
1350,3, 4.0797860193, 4.2519393826,
1350,4, 4.4373235655, 4.8930290031,
1351,0, 4.5295921230, 3.5870617771,
1351,1, 4.1953831291, 5.6535130596,
1351,2, 4.2323938370, 5.0906785202,
1351,3, 4.6777891922, 5.3739569950,
1351,4, 5.0905973864, 5.2778082657,
1352,0, 4.4550143957, 6.5431333828,
1352,1, 3.8375830555, 3.9112271595,
1352,2, 5.5100348091, 4.0369778824,
1352,3, 4.4098132896, 5.2912582302,
1352,4, 4.0003652143, 4.0268051338,
1353,0, 5.1888502884, 3.9703527355,
1353,1, 4.5213152027, 5.2202497196,
1353,2, 4.8165199566, 3.7158448124,
1353,3, 5.6729149008, 5.8839737225,
1353,4, 4.4883404589, 6.6580209351,
1354,0, 4.3444957495, 3.8589404011,
1354,1, 5.1339650154, 4.0550119019,
1354,2, 4.5246025085, 4.7535278988,
1354,3, 4.9121750498, 5.2586409378,
1354,4, 4.9531899881, 3.8312473774,
1355,0, 3.6938475513, 4.3660267544,
1355,1, 4.7877530003, 4.3855277061,
1355,2, 5.0776158905, 5.0160521317,
1355,3, 5.3654813766, 6.5695883751,
1355,4, 4.6223033714, 3.5393928337,
1356,0, 4.2285144520, 5.2461404896,
1356,1, 5.1349969339, 4.1785524940,
1356,2, 4.2139804840, 5.2243426037,
1356,3, 5.2926003456, 7.5505544090,
1356,4, 4.9569987822, 4.0972242641,
1357,0, 4.6794978333, 3.3993899918,
1357,1, 5.7963871765, 4.8713310909,
1357,2, 4.4993937397, 7.0970100689,
1357,3, 5.7378280115, 5.0060511208,
1357,4, 4.7630167294, 4.1482262230,
1358,0, 4.5901724434, 5.5301474667,
1358,1, 5.2930483437, 4.3828255463,
1358,2, 4.6566568184, 6.3761468601,
1358,3, 5.3879053164, 3.3640254211,
1358,4, 4.9800074005, 6.3095833874,
1359,0, 5.0361007595, 4.6498965740,
1359,1, 4.4015629768, 6.3717140102,
1359,2, 4.5275733662, 5.9496559429,
1359,3, 5.3137468910, 4.2600789928,
1359,4, 4.4608274460, 4.5292109680,
1360,0, 4.5797862339, 4.0025393200,
1360,1, 5.6331190681, 7.4232878876,
1360,2, 4.4861672974, 5.1793516064,
1360,3, 4.4406031322, 4.9261329746,
1360,4, 6.3259209538, 7.2920943451,
1361,0, 4.3155464315, 4.9673423958,
1361,1, 4.6649929476, 6.9006868362,
1361,2, 4.9319254541, 6.3584114838,
1361,3, 4.5516225910, 4.7425254631,
1361,4, 3.8654731560, 4.5216593552,
1362,0, 4.1478574657, 4.3433081722,
1362,1, 5.0070288754, 4.2834579372,
1362,2, 4.4710834408, 4.1549394703,
1362,3, 6.3444465876, 5.2395245743,
1362,4, 4.3052077389, 7.2951872635,
1363,0, 4.8463679600, 7.4791427803,
1363,1, 4.6200146484, 3.8843479061,
1363,2, 5.2832536840, 4.5781265640,
1363,3, 5.0155850077, 5.5571227932,
1363,4, 4.8533078003, 4.3284130478,
1364,0, 4.2310041428, 4.6911942482,
1364,1, 5.1281981182, 5.2408154297,
1364,2, 4.6789348412, 5.4864798641,
1364,3, 4.7506538200, 6.3333562946,
1364,4, 5.3110799408, 7.0280725288,
1365,0, 5.2736202335, 6.1348031998,
1365,1, 4.9540187311, 4.0206317806,
1365,2, 5.2308439922, 4.7736438465,
1365,3, 4.7886247873, 5.6515698528,
1365,4, 4.9492099714, 6.0663927650,
1366,0, 4.2869118214, 4.4563430309,
1366,1, 5.0644613934, 6.6933180714,
1366,2, 5.2071826363, 5.3502998066,
1366,3, 4.7838279390, 3.8359167290,
1366,4, 4.5522955894, 4.5034505081,
1367,0, 4.6525783348, 6.3626980877,
1367,1, 5.4562408972, 4.4792241478,
1367,2, 5.1210056734, 4.0273567390,
1367,3, 4.9491655636, 5.8201528645,
1367,4, 4.7303382683, 7.1781379223,
1368,0, 4.9113452816, 5.1216491508,
1368,1, 4.5288883114, 6.7311655331,
1368,2, 4.2926057720, 6.4008013535,
1368,3, 4.6158165359, 6.7848632812,
1368,4, 4.4204080391, 5.3337579727,
1369,0, 3.6371179008, 4.9774444866,
1369,1, 4.2141928864, 4.6344219017,
1369,2, 4.6891106701, 5.7557021141,
1369,3, 4.9905375290, 3.2088320160,
1369,4, 4.4068188000, 6.1090313148,
1370,0, 4.4859103203, 3.9889675808,
1370,1, 5.2384057140, 6.0350548840,
1370,2, 4.9580647039, 3.6596627045,
1370,3, 4.9049933767, 3.6829273415,
1370,4, 4.7423270893, 5.2533789825,
1371,0, 5.5482160854, 4.9888611126,
1371,1, 4.5231852436, 5.5531143761,
1371,2, 4.2335625172, 5.1548997021,
1371,3, 4.3307368946, 7.1838247585,
1371,4, 4.7314520073, 3.5080738354,
1372,0, 4.8370055676, 4.6991696930,
1372,1, 4.3227273464, 4.3246309471,
1372,2, 4.6675157642, 4.1136752605,
1372,3, 4.3877087402, 6.7483104420,
1372,4, 4.6653593159, 4.8074546337,
1373,0, 5.7809483910, 6.7739745998,
1373,1, 5.6326024771, 4.2226730537,
1373,2, 4.2092259121, 4.4180012703,
1373,3, 5.3185293770, 4.9832809162,
1373,4, 6.6093575668, 6.3981978512,
1374,0, 4.3367612600, 6.5165980721,
1374,1, 5.1010489178, 5.8683599377,
1374,2, 3.9807509804, 5.3786017895,
1374,3, 6.3899611664, 5.7605786133,
1374,4, 4.7049042749, 3.8990311337,
1375,0, 4.4856176138, 4.7664479923,
1375,1, 4.3695410061, 3.6677241373,
1375,2, 5.5129060411, 5.1072037792,
1375,3, 5.9131376171, 6.4961713600,
1375,4, 4.7642004585, 5.2575575924,
1376,0, 4.5753704643, 3.5700783730,
1376,1, 5.1179154587, 5.4039540672,
1376,2, 4.8562483978, 5.6135609913,
1376,3, 6.0076343632, 5.9079505730,
1376,4, 4.8231355095, 6.9262294579,
1377,0, 4.4844712210, 6.2202391624,
1377,1, 4.0895062590, 5.2001976585,
1377,2, 4.8693972063, 3.7651494026,
1377,3, 4.5221202755, 5.0837249660,
1377,4, 4.7910898209, 4.2889095020,
1378,0, 5.4525495291, 4.8000194168,
1378,1, 4.9780631447, 4.4924754143,
1378,2, 4.5790563488, 5.0294224358,
1378,3, 4.1648558140, 4.4151358604,
1378,4, 4.6538826847, 5.7723128510,
1379,0, 4.1384181881, 4.4490785885,
1379,1, 4.7861821079, 4.9819393921,
1379,2, 5.1815082026, 6.2791605377,
1379,3, 4.9600684452, 7.5149783325,
1379,4, 4.7051366901, 8.1167891121,
1380,0, 4.8357045460, 5.1198009586,
1380,1, 5.5734273052, 6.0204631519,
1380,2, 4.3926854753, 5.3649192238,
1380,3, 4.4121202707, 6.2088940144,
1380,4, 4.7439222336, 3.6095472527,
1381,0, 5.4085728407, 5.3967775631,
1381,1, 4.7862844372, 4.5891786385,
1381,2, 5.8681896782, 5.5453682423,
1381,3, 4.6639585495, 5.6254858875,
1381,4, 5.3790624762, 6.3586781693,
1382,0, 4.9595112133, 5.5175028038,
1382,1, 4.4175914955, 6.2293322563,
1382,2, 4.4627104425, 4.1046916008,
1382,3, 5.4912873077, 5.4285325050,
1382,4, 4.4784342575, 3.8867516136,
1383,0, 4.3308751869, 4.7490479183,
1383,1, 3.9874711800, 7.2713347816,
1383,2, 6.0182643604, 4.2229615211,
1383,3, 4.6108130074, 4.5622782421,
1383,4, 3.5218454456, 3.6341988945,
1384,0, 4.6943194389, 6.1586919212,
1384,1, 5.5864941502, 5.7721636677,
1384,2, 4.6688226986, 6.0817839813,
1384,3, 4.8676779747, 4.1896542549,
1384,4, 5.0809769821, 9.3660277939,
1385,0, 3.8539082909, 4.0970062637,
1385,1, 4.7695954418, 4.1328467083,
1385,2, 4.2762196445, 5.4234002018,
1385,3, 6.0686076260, 5.3021904373,
1385,4, 5.4411875725, 5.0812409496,
1386,0, 5.6232720470, 6.0519853973,
1386,1, 5.0935825634, 4.5407385540,
1386,2, 5.8000346661, 8.8963356209,
1386,3, 4.9745627975, 6.4337622452,
1386,4, 4.6355690861, 4.2898211575,
1387,0, 4.3893621969, 3.7820085716,
1387,1, 3.9935168266, 3.6708656359,
1387,2, 4.5854275179, 4.5070399284,
1387,3, 4.6239459515, 4.3109484482,
1387,4, 5.3348840237, 7.1681822300,
1388,0, 5.3622842598, 6.6311088753,
1388,1, 5.4411766529, 6.5852153969,
1388,2, 4.9093041039, 4.4982258892,
1388,3, 4.3553616142, 7.2334152985,
1388,4, 5.0399108982, 6.2990292168,
1389,0, 6.3860292339, 4.6429555607,
1389,1, 5.4149470854, 6.1114239311,
1389,2, 4.7755841589, 6.5589278507,
1389,3, 4.4450229359, 3.4472254181,
1389,4, 4.4713380432, 5.1579877949,
1390,0, 4.6007697725, 5.6292312527,
1390,1, 5.2142735958, 5.4814668369,
1390,2, 5.0266220999, 3.4890992832,
1390,3, 4.6120115089, 4.4219981956,
1390,4, 5.1529983425, 3.6983538055,
1391,0, 5.8599894619, 4.7660457516,
1391,1, 6.1913228798, 6.5426972580,
1391,2, 4.1908490467, 4.2336046028,
1391,3, 4.4110330391, 5.1958154202,
1391,4, 4.7722894764, 4.0952418518,
1392,0, 4.9183203030, 5.6727066994,
1392,1, 5.4018402767, 4.5030381680,
1392,2, 4.7962789440, 4.2861282539,
1392,3, 5.1386233807, 6.3862597466,
1392,4, 4.8471107864, 4.8159699059,
1393,0, 5.4444830894, 5.3889445877,
1393,1, 4.8361468506, 4.4063400269,
1393,2, 5.1014375305, 6.4371098518,
1393,3, 5.1144415283, 5.8994381428,
1393,4, 4.1273208141, 3.4649684906,
1394,0, 4.8288896847, 5.7168077946,
1394,1, 4.4131147051, 6.1378368187,
1394,2, 5.5368793869, 6.0052564621,
1394,3, 4.0607460117, 5.4062231064,
1394,4, 6.8041316605, 5.5205171394,
1395,0, 5.6673551941, 4.5004526043,
1395,1, 4.6375050163, 5.0581730652,
1395,2, 4.2899127007, 4.9717086697,
1395,3, 5.6170847034, 5.7281077576,
1395,4, 4.8899145699, 5.0217983723,
1396,0, 5.9706981373, 4.4624797821,
1396,1, 4.7744049549, 5.4140741634,
1396,2, 4.9858382940, 4.4990981865,
1396,3, 4.7850604820, 7.5344908524,
1396,4, 4.6731652260, 5.3086222553,
1397,0, 4.3998264122, 4.4567298794,
1397,1, 6.1882720852, 6.2452921200,
1397,2, 4.8135686207, 6.5102289772,
1397,3, 5.2336739540, 6.3908937263,
1397,4, 5.5298175240, 3.9027042103,
1398,0, 4.7364880705, 5.8825013351,
1398,1, 4.7366096210, 6.6242279625,
1398,2, 5.5993457508, 4.1578003979,
1398,3, 4.3979012871, 5.4117299271,
1398,4, 4.7415237141, 4.1937289906,
1399,0, 4.8670484447, 6.6155432224,
1399,1, 4.7343148136, 4.8254603767,
1399,2, 5.1886819410, 5.4292414093,
1399,3, 4.8491840458, 5.3942877007,
1399,4, 5.7059732914, 5.1147591114,
1400,0, 4.1339624977, 6.2420663357,
1400,1, 4.5077911282, 4.7065064716,
1400,2, 4.7744908333, 4.5410050869,
1400,3, 5.1418171024, 6.8024250984,
1400,4, 4.4086114120, 4.5027306175,
1401,0, 5.2950131464, 6.8566679955,
1401,1, 4.5369606066, 4.4818012619,
1401,2, 4.8240707874, 4.7593941116,
1401,3, 5.0994749546, 6.4027331161,
1401,4, 4.3930599022, 4.3022605705,
1402,0, 4.8563318253, 5.1209394646,
1402,1, 5.3760644913, 5.4998398972,
1402,2, 4.7974732685, 6.8243915749,
1402,3, 4.5844634962, 4.7647441101,
1402,4, 5.9473384380, 4.7194497871,
1403,0, 5.0917442131, 4.1570118713,
1403,1, 3.8892565060, 5.2247406769,
1403,2, 4.6719197178, 5.3238349438,
1403,3, 4.4682464123, 4.0102906322,
1403,4, 4.4822976017, 5.1318551826,
1404,0, 4.8997463512, 5.1225121117,
1404,1, 4.5462618637, 6.4734029579,
1404,2, 4.8844576454, 5.8455437946,
1404,3, 5.4778077984, 4.9387610722,
1404,4, 4.4674846935, 4.1684730530,
1405,0, 4.6827916622, 4.4583394909,
1405,1, 4.4561204433, 3.7841724014,
1405,2, 6.5075699425, 6.8539239788,
1405,3, 4.9106225395, 6.0739755917,
1405,4, 4.5736244726, 4.3707323265,
1406,0, 4.8328059912, 4.1809829807,
1406,1, 5.8767118216, 5.0150911522,
1406,2, 4.1723931789, 4.0186338425,
1406,3, 4.0777730179, 4.2495955467,
1406,4, 6.5790552139, 6.6441289711,
1407,0, 4.9690205669, 5.3354739189,
1407,1, 4.6663014412, 5.3860061073,
1407,2, 4.7050714588, 4.7844225025,
1407,3, 4.2379740810, 3.9937432003,
1407,4, 5.3321043110, 3.9076244926,
1408,0, 5.2164253902, 4.8550098896,
1408,1, 4.2737364197, 4.1035349464,
1408,2, 5.1796408272, 6.8696278572,
1408,3, 4.4226262665, 6.6673239899,
1408,4, 5.1562534761, 6.9637903786,
1409,0, 4.8087785339, 5.9787183285,
1409,1, 4.3068128681, 3.9179851627,
1409,2, 4.6349608326, 4.9409603500,
1409,3, 4.0703120613, 5.1813580036,
1409,4, 5.9595058632, 5.7150792789,
1410,0, 5.8823313618, 4.9748923779,
1410,1, 4.1982014036, 3.8598304701,
1410,2, 5.1718538332, 4.4489261627,
1410,3, 4.0865468979, 4.9907987690,
1410,4, 5.4959872913, 5.1659422398,
1411,0, 4.8795218277, 5.5726214695,
1411,1, 5.2516341972, 7.5124776173,
1411,2, 4.2099797535, 7.1505680656,
1411,3, 4.6096564293, 5.1739325237,
1411,4, 4.9008531570, 5.2887050724,
1412,0, 5.0390913391, 4.1754980564,
1412,1, 5.4440118885, 3.6377352333,
1412,2, 5.0372710514, 4.7849426937,
1412,3, 5.4921804476, 5.5949235249,
1412,4, 4.8478295517, 4.1851340199,
1413,0, 4.6450055265, 3.6343595695,
1413,1, 4.8928374386, 4.8159141636,
1413,2, 5.2731153870, 7.5357297134,
1413,3, 4.5132405090, 5.4586102390,
1413,4, 5.9937336159, 6.0539487743,
1414,0, 4.8544509125, 4.7818974876,
1414,1, 4.3756242085, 4.8949260521,
1414,2, 4.7263951492, 4.0342955112,
1414,3, 4.4420876312, 4.8029693317,
1414,4, 4.8069115543, 4.7381183720,
1415,0, 5.0182717228, 5.2057230854,
1415,1, 5.4442540836, 7.5742633820,
1415,2, 4.8872493649, 4.5184919167,
1415,3, 4.8359788322, 4.2798580551,
1415,4, 5.2689952707, 5.7249204540,
1416,0, 5.2699184036, 6.5041699600,
1416,1, 4.3317050648, 5.6552749920,
1416,2, 4.9897900391, 4.4051556396,
1416,3, 5.1118717861, 4.6474049091,
1416,4, 4.0802370167, 4.5431856155,
1417,0, 4.3719103146, 4.3528736973,
1417,1, 5.4850992441, 6.6120355701,
1417,2, 5.0473433304, 4.6840136147,
1417,3, 4.6782959700, 4.3181622410,
1417,4, 4.3440380383, 6.1656206703,
1418,0, 4.8728733826, 4.3747752666,
1418,1, 4.4104386902, 4.7207186031,
1418,2, 4.4433189297, 3.8894308949,
1418,3, 4.9242283201, 4.9085178280,
1418,4, 3.9539175415, 4.4087132072,
1419,0, 4.7584372997, 5.9034785080,
1419,1, 5.3513207531, 6.3171621513,
1419,2, 5.3756858921, 5.3861465263,
1419,3, 5.1532459831, 5.3930337811,
1419,4, 5.3053608322, 5.8585337067,
1420,0, 4.3330117464, 3.7623010731,
1420,1, 4.9465651131, 6.1283831596,
1420,2, 4.3166393089, 6.7195967388,
1420,3, 5.2847718859, 6.1853853321,
1420,4, 5.4748240185, 6.2361574936,
1421,0, 4.4704646730, 4.8337345123,
1421,1, 4.8284751129, 5.9183520985,
1421,2, 5.5699383831, 6.2411777306,
1421,3, 4.7595963049, 3.4775914288,
1421,4, 4.3771174049, 4.9623334217,
1422,0, 4.5081494284, 3.7033275318,
1422,1, 5.0739855528, 4.4167814445,
1422,2, 4.5375230885, 6.0747965431,
1422,3, 4.8516650438, 4.3343816090,
1422,4, 4.8793347740, 4.6355046749,
1423,0, 4.8434094429, 4.4363109112,
1423,1, 4.8882909536, 4.5905074120,
1423,2, 4.7013292694, 4.1586988544,
1423,3, 3.9388659096, 5.1615165043,
1423,4, 5.7564491749, 6.7197309780,
1424,0, 4.1493491697, 6.0553466892,
1424,1, 4.6518747282, 4.9783888531,
1424,2, 4.1172113419, 4.8788312149,
1424,3, 5.1254722977, 4.4507113075,
1424,4, 4.6240990162, 6.1203982449,
1425,0, 4.3683520699, 3.8340540314,
1425,1, 4.0859582043, 4.5697646141,
1425,2, 5.7362005329, 6.1497341633,
1425,3, 4.6522391224, 4.4574713993,
1425,4, 4.9075793266, 4.2814623356,
1426,0, 4.6100247622, 3.6359913445,
1426,1, 4.5036547136, 4.1487275934,
1426,2, 4.7680855656, 5.0824446964,
1426,3, 4.5864767551, 6.5560443211,
1426,4, 4.9686216593, 6.1340979099,
1427,0, 5.2111662388, 4.9135266972,
1427,1, 3.9380162811, 4.9910541821,
1427,2, 4.0674342489, 4.1196289349,
1427,3, 5.8779524136, 6.9890062523,
1427,4, 4.7612653303, 4.0786233711,
1428,0, 4.3050608730, 5.1072597980,
1428,1, 6.1536355782, 3.9999059868,
1428,2, 4.5993394566, 5.7883191967,
1428,3, 4.2142901707, 4.9697767353,
1428,4, 4.6358118439, 5.2385385799,
1429,0, 5.0651752090, 4.2198121834,
1429,1, 5.2574453211, 4.4940825844,
1429,2, 4.8090064669, 3.6319940758,
1429,3, 4.1702414036, 4.2093354034,
1429,4, 5.5253018427, 5.0600850296,
1430,0, 3.9858653212, 3.9430315018,
1430,1, 4.5339479542, 3.6655408049,
1430,2, 5.0873971176, 4.6274867535,
1430,3, 5.3067129230, 4.4543276978,
1430,4, 4.5968015194, 5.3148807144,
1431,0, 4.6704895258, 4.8549385357,
1431,1, 4.9202231407, 5.7039105225,
1431,2, 4.4168979216, 4.7773737812,
1431,3, 5.2583249569, 4.4202954006,
1431,4, 4.4699084568, 4.6475614166,
1432,0, 4.8630547905, 4.0998993969,
1432,1, 5.1435066175, 7.4881148148,
1432,2, 5.7856228828, 4.9030548096,
1432,3, 5.3792823124, 7.3240991783,
1432,4, 4.9873801231, 6.2202538300,
1433,0, 4.9490065575, 7.0847377586,
1433,1, 4.1881198120, 5.4759783745,
1433,2, 5.9715362549, 5.5498989964,
1433,3, 5.4342644119, 5.2018598366,
1433,4, 4.6173795033, 5.5274385738,
1434,0, 5.0913303566, 6.2540970707,
1434,1, 4.4150238800, 4.6310998058,
1434,2, 4.5686235332, 4.7184614658,
1434,3, 4.5717469025, 4.9016514683,
1434,4, 5.8571175575, 7.1124061203,
1435,0, 5.0479771709, 6.0895265007,
1435,1, 4.7579941845, 5.7033903599,
1435,2, 6.2242017746, 7.8685185242,
1435,3, 4.8018972778, 5.3309064960,
1435,4, 4.8775096607, 4.7205350971,
1436,0, 4.9900416851, 5.1739657497,
1436,1, 4.6170331526, 7.0836436653,
1436,2, 3.9238204193, 4.1554490185,
1436,3, 4.9506093979, 4.3924266624,
1436,4, 4.0151231861, 3.7900706673,
1437,0, 4.7915962029, 5.6387156582,
1437,1, 6.2415633488, 7.5308347130,
1437,2, 4.9515241957, 5.4353306293,
1437,3, 5.0164407349, 5.8220235062,
1437,4, 4.5853444004, 4.1151939487,
1438,0, 3.7985786295, 4.6166708755,
1438,1, 4.6887090206, 3.9794996548,
1438,2, 5.1069044781, 5.7021508217,
1438,3, 4.5879416466, 4.5134247875,
1438,4, 6.1656259441, 7.9661495781,
1439,0, 4.2724815702, 3.8750701714,
1439,1, 4.4407347965, 4.4400638103,
1439,2, 5.1102640724, 4.7421779823,
1439,3, 5.3600377750, 7.6821729851,
1439,4, 4.5709949112, 4.9355503941,
1440,0, 5.1668988609, 4.5738643551,
1440,1, 5.1407944012, 4.4464913177,
1440,2, 6.0956266975, 6.8554792213,
1440,3, 4.3574616289, 5.0103021717,
1440,4, 4.6789214611, 4.7642466450,
1441,0, 4.4748224926, 4.5237494850,
1441,1, 4.8322814751, 5.5227010822,
1441,2, 4.6659230328, 4.6698917389,
1441,3, 6.8550800753, 6.8060892773,
1441,4, 4.3639313221, 4.4040178299,
1442,0, 4.1297643089, 5.1626490307,
1442,1, 4.4394186926, 4.2096484184,
1442,2, 4.2911032200, 4.4805811119,
1442,3, 4.9057548428, 4.8824238110,
1442,4, 4.9878451538, 5.2539863396,
1443,0, 4.7745501471, 5.0065225697,
1443,1, 5.2011934376, 6.2864759922,
1443,2, 4.8414070129, 4.7511308575,
1443,3, 5.4290303707, 4.4428965759,
1443,4, 3.7323300362, 4.3325205994,
1444,0, 4.3914387894, 4.2611972141,
1444,1, 4.5864676666, 4.9778055000,
1444,2, 6.1194660854, 6.8731488609,
1444,3, 4.0368225002, 5.0556319904,
1444,4, 4.0647950792, 3.6362437153,
1445,0, 5.6956413364, 5.8075609112,
1445,1, 4.5837109280, 5.4080246353,
1445,2, 4.5360865879, 3.8835877800,
1445,3, 4.4739764786, 5.0092978477,
1445,4, 5.3709735203, 4.2481700420,
1446,0, 3.9728990555, 4.2681672764,
1446,1, 5.8563799000, 5.4841159916,
1446,2, 4.7976617718, 6.1454203224,
1446,3, 4.4833702087, 5.8669541931,
1446,4, 5.3510978794, 5.4253966522,
1447,0, 4.7767529964, 3.7462361002,
1447,1, 4.7061100197, 5.3584625530,
1447,2, 4.3089876652, 4.3568141556,
1447,3, 5.0626851797, 6.5005756187,
1447,4, 5.8507583714, 5.7706393623,
1448,0, 4.5155498886, 4.4178152657,
1448,1, 5.2203226376, 4.5905983829,
1448,2, 4.4497619438, 4.3466197491,
1448,3, 4.6298237610, 5.9356456661,
1448,4, 4.7845774126, 3.6056161880,
1449,0, 5.0908757687, 4.3104697895,
1449,1, 4.8991967154, 5.0171104431,
1449,2, 4.8551861572, 5.8047070408,
1449,3, 4.5395966721, 3.7752177429,
1449,4, 4.7701355124, 4.4872886467,
1450,0, 4.7455806446, 6.1364339828,
1450,1, 4.5561329746, 5.1773310280,
1450,2, 4.3730052805, 4.4209112930,
1450,3, 5.4087325764, 5.4526970005,
1450,4, 4.3926936531, 3.9322859192,
1451,0, 4.4062158012, 5.9290630341,
1451,1, 4.7893728733, 4.5593622589,
1451,2, 5.3760467625, 5.9189335442,
1451,3, 5.0528566599, 4.2588711834,
1451,4, 4.3854406452, 5.0548948956,
1452,0, 5.2021809196, 7.0138485909,
1452,1, 5.6944812489, 4.2771819687,
1452,2, 5.3233801556, 4.1656608105,
1452,3, 4.7063797474, 4.2042399883,
1452,4, 4.2155016232, 4.7861567211,
1453,0, 5.1742203140, 5.1228806210,
1453,1, 5.0332843447, 5.8415128994,
1453,2, 5.3125943661, 13.7917794037,
1453,3, 4.9680576324, 6.2753295708,
1453,4, 4.9415717793, 9.1093201256,
1454,0, 5.8036265945, 3.6884759998,
1454,1, 4.7488779259, 4.6057927990,
1454,2, 4.7155205345, 5.3287573338,
1454,3, 5.4306950331, 6.0836590481,
1454,4, 3.9187987614, 4.7869034672,
1455,0, 4.4116611385, 4.0992263889,
1455,1, 5.2595791435, 3.0645095158,
1455,2, 5.1728305817, 4.4193740559,
1455,3, 4.3130819654, 4.3815727425,
1455,4, 4.7876535320, 4.4495684433,
1456,0, 4.8619534397, 4.7365672493,
1456,1, 4.7797402287, 6.2860513592,
1456,2, 4.2109354258, 5.8585392952,
1456,3, 4.1119307804, 4.2885140419,
1456,4, 4.6455264378, 4.7633931351,
1457,0, 4.0966488695, 4.1939755154,
1457,1, 5.7131678247, 5.2263259220,
1457,2, 4.7772379589, 4.9823159599,
1457,3, 4.2748687410, 5.4744576073,
1457,4, 4.1488375664, 5.0271582508,
1458,0, 4.6371325874, 4.6392175484,
1458,1, 4.4747600079, 5.7214248848,
1458,2, 5.9344015980, 3.7522124195,
1458,3, 5.3061525154, 5.6537901688,
1458,4, 8.0903269005, 5.5541610527,
1459,0, 4.5805966377, 5.7210611725,
1459,1, 5.3401158619, 4.6638235283,
1459,2, 4.9191405678, 5.7709854221,
1459,3, 5.4139563560, 6.2923442936,
1459,4, 4.5567245007, 3.5224796581,
1460,0, 5.2758656216, 4.9417345142,
1460,1, 4.4551917696, 4.3590341854,
1460,2, 4.6528254032, 4.1028653431,
1460,3, 4.9559498978, 3.8608219719,
1460,4, 5.2429401493, 5.5107834339,
1461,0, 5.1955556965, 6.7472771645,
1461,1, 5.1659016895, 5.5790467262,
1461,2, 4.8749013329, 4.2457746887,
1461,3, 3.8410961533, 3.9890503216,
1461,4, 4.3539990187, 7.7458402824,
1462,0, 4.7566662693, 5.2741153526,
1462,1, 4.4436852360, 7.4092725372,
1462,2, 5.4825980902, 5.9732107162,
1462,3, 5.3989008999, 4.9144325829,
1462,4, 4.4774335337, 5.1222961235,
1463,0, 3.9998580551, 4.5043899345,
1463,1, 5.2300008488, 4.9386969662,
1463,2, 5.1083053017, 5.8134717274,
1463,3, 4.3357801008, 5.0555697441,
1463,4, 4.2095055676, 5.1592943954,
1464,0, 4.3971575785, 5.6251805305,
1464,1, 4.0575427818, 3.4812583065,
1464,2, 5.7321022606, 6.6164690208,
1464,3, 5.1228094673, 5.2147885036,
1464,4, 3.7317225838, 5.5329220009,
1465,0, 5.1125580549, 3.8458545494,
1465,1, 5.4009857368, 4.3004453945,
1465,2, 5.1486629772, 5.0035443115,
1465,3, 4.7946153831, 4.4743639088,
1465,4, 4.1793477964, 3.3306338787,
1466,0, 5.3298978043, 5.7012110424,
1466,1, 3.6699726629, 6.4648783588,
1466,2, 5.5439065170, 6.8829173660,
1466,3, 5.0790283489, 3.8648397350,
1466,4, 4.8047825527, 5.2952685261,
1467,0, 4.4308588696, 4.8565553856,
1467,1, 4.1109641361, 4.0121868134,
1467,2, 5.3793883896, 5.9273888397,
1467,3, 4.1370908070, 4.5605978680,
1467,4, 4.1498198032, 4.8163545513,
1468,0, 4.8910448551, 5.6676731110,
1468,1, 4.4548711061, 3.6654760265,
1468,2, 4.8570865726, 4.9348729229,
1468,3, 4.7941464233, 4.6987535858,
1468,4, 4.9163244247, 5.9346162319,
1469,0, 5.1905100346, 3.5335509729,
1469,1, 4.1319297028, 5.5954556370,
1469,2, 4.4073587132, 5.0486538124,
1469,3, 5.1029253960, 5.4584391785,
1469,4, 17.0004199791, 9.3289813423,
1470,0, 5.0815518904, 6.4763920116,
1470,1, 5.9800118160, 5.0342786026,
1470,2, 3.9647790527, 4.0395022202,
1470,3, 4.6673677349, 4.7545116901,
1470,4, 4.9699799776, 6.0508747768,
1471,0, 5.4331590939, 6.9054281425,
1471,1, 4.5782348776, 4.4367059612,
1471,2, 4.7045235634, 4.3996269226,
1471,3, 5.6054343939, 7.4747751808,
1471,4, 4.1515227604, 4.5418439388,
1472,0, 4.7103995514, 5.2138075256,
1472,1, 4.7952228642, 4.9362546444,
1472,2, 5.8344974995, 5.1602091503,
1472,3, 5.0132851696, 5.2999610329,
1472,4, 4.5230437851, 3.4626566172,
1473,0, 4.7655588102, 5.2776166153,
1473,1, 4.6592271996, 4.1335742664,
1473,2, 4.4709780025, 4.5547880459,
1473,3, 4.7543942928, 7.5433315277,
1473,4, 4.2876208210, 4.0005235672,
1474,0, 5.3547401285, 4.9876324940,
1474,1, 4.6582272863, 4.7274508476,
1474,2, 4.7160591984, 4.9948023033,
1474,3, 4.7146700191, 5.7320922756,
1474,4, 5.1321082115, 5.6273504257,
1475,0, 4.7098920727, 5.1301407719,
1475,1, 4.7166009951, 7.2713816261,
1475,2, 5.6376933861, 5.5602358723,
1475,3, 4.6660062599, 5.0646521568,
1475,4, 5.1943320751, 5.8296036339,
1476,0, 4.8891350937, 7.1408840752,
1476,1, 4.5924876738, 3.9921144009,
1476,2, 5.1820935965, 5.9732452202,
1476,3, 3.7742424679, 5.0952207088,
1476,4, 3.9652362347, 4.4266810989,
1477,0, 5.1332714462, 8.4162374306,
1477,1, 4.5051817989, 4.6705305576,
1477,2, 5.0943521833, 3.9800183105,
1477,3, 5.4946958733, 6.0095365238,
1477,4, 5.2293119240, 5.6352580929,
1478,0, 4.5591857815, 4.6999030495,
1478,1, 4.2078943253, 3.8225147820,
1478,2, 4.3032557440, 4.4627719498,
1478,3, 4.4943430710, 4.9646665287,
1478,4, 5.3491061020, 5.6773011398,
1479,0, 4.6971579838, 5.4181944275,
1479,1, 4.4244216633, 5.0667965317,
1479,2, 4.6260714579, 3.6892424011,
1479,3, 4.7749558449, 5.8153466225,
1479,4, 4.5989567852, 3.7849531555,
1480,0, 5.5357924366, 7.1715494919,
1480,1, 5.2699408913, 4.0269880676,
1480,2, 4.2875979614, 5.3522967815,
1480,3, 4.2188282490, 4.5767833710,
1480,4, 5.1592437744, 3.7328455830,
1481,0, 4.3000543356, 5.1448642540,
1481,1, 4.6659334660, 4.8655609417,
1481,2, 4.9274248028, 3.7328227425,
1481,3, 5.7406762695, 8.2546210670,
1481,4, 4.7584657764, 6.0565124893,
1482,0, 4.8559571648, 4.8946800995,
1482,1, 5.3369787979, 5.0401470470,
1482,2, 4.2671443987, 4.4588173389,
1482,3, 5.3928956795, 6.4441230583,
1482,4, 5.2190301657, 5.0914521408,
1483,0, 5.3145304585, 7.0280242634,
1483,1, 5.6347149611, 4.4268437099,
1483,2, 4.1867110395, 4.9896957016,
1483,3, 4.0240692711, 4.6285355854,
1483,4, 5.8392553616, 6.4426744747,
1484,0, 4.9067091179, 5.6556444645,
1484,1, 5.2589722109, 4.8077723789,
1484,2, 4.7226585770, 6.5717818451,
1484,3, 4.6155942822, 3.8638338470,
1484,4, 4.6890988159, 6.1767322731,
1485,0, 4.7125088024, 5.0889016151,
1485,1, 3.7507863760, 4.9336024761,
1485,2, 4.1742564297, 4.8039492607,
1485,3, 5.0107414007, 6.8445314407,
1485,4, 5.7372569656, 3.8827367592,
1486,0, 4.6031879520, 5.8347325230,
1486,1, 4.9406914139, 3.6380185986,
1486,2, 5.2508598709, 5.7423354626,
1486,3, 4.1046772337, 3.4976603889,
1486,4, 4.8499380016, 4.2352361774,
1487,0, 4.4593943405, 4.5461384773,
1487,1, 4.3821113157, 4.7160517502,
1487,2, 8.1228445244, 7.1255401802,
1487,3, 4.7824095774, 5.3952819252,
1487,4, 5.6390035057, 5.0482249928,
1488,0, 5.6530816555, 5.2552475834,
1488,1, 4.4639559984, 7.1191522026,
1488,2, 4.2768236399, 5.8607121658,
1488,3, 4.9398195744, 5.3686253166,
1488,4, 4.4730317593, 5.9164123249,
1489,0, 4.3057064342, 3.8489530849,
1489,1, 4.6044098663, 4.5588512039,
1489,2, 6.2998616266, 7.1278101349,
1489,3, 4.7469739437, 5.0284123898,
1489,4, 4.7026492977, 4.2171634579,
1490,0, 3.8779435205, 4.5077850723,
1490,1, 4.5571506214, 5.4163685894,
1490,2, 4.8700612497, 7.6842541122,
1490,3, 4.9331420040, 5.2209887600,
1490,4, 4.3104022598, 3.8432532501,
1491,0, 5.1881367779, 5.1128157997,
1491,1, 4.0369057608, 4.3018323231,
1491,2, 6.1298219728, 3.1848581743,
1491,3, 6.3938670206, 6.9859223938,
1491,4, 6.8280685091, 6.4214045334,
1492,0, 5.0873996305, 7.1484585571,
1492,1, 4.3249467564, 5.7412991238,
1492,2, 6.1555246258, 5.2073033714,
1492,3, 4.4739987659, 3.8384822750,
1492,4, 4.8874309444, 6.2350047874,
1493,0, 4.2989569521, 4.7908218193,
1493,1, 4.7222225952, 4.5009496307,
1493,2, 5.0843131876, 6.0386264324,
1493,3, 5.2782432413, 5.7985280514,
1493,4, 5.1483749437, 5.8911548710,
1494,0, 4.8580316830, 3.5880495262,
1494,1, 4.8564123678, 4.5130135155,
1494,2, 5.6146376038, 7.2738640594,
1494,3, 4.8104000807, 3.8815107441,
1494,4, 5.3419130039, 7.6498659134,
1495,0, 5.5652995777, 5.4985188580,
1495,1, 4.7605478764, 6.5474677086,
1495,2, 4.5464354038, 5.2848021507,
1495,3, 4.6252673817, 4.1056318569,
1495,4, 4.8239720488, 4.1427649879,
1496,0, 4.8566454411, 4.0256883049,
1496,1, 5.1040186977, 5.4947332859,
1496,2, 6.5612863588, 6.3339156151,
1496,3, 4.3643480587, 3.6801023960,
1496,4, 4.5592625904, 4.4164030552,
1497,0, 4.8428387022, 4.1790331650,
1497,1, 4.4987145901, 5.4751505089,
1497,2, 5.5308194494, 6.5160532665,
1497,3, 4.2824314833, 5.8860432053,
1497,4, 4.3598245478, 5.2501049232,
1498,0, 4.6814708233, 4.9180491257,
1498,1, 5.2329446983, 4.6652114964,
1498,2, 4.7964373207, 4.3637289333,
1498,3, 4.5726110125, 5.3214985657,
1498,4, 4.4996505308, 3.8704672337,
1499,0, 4.9871504021, 6.4453336620,
1499,1, 4.7929642773, 6.5373870468,
1499,2, 5.7674309158, 5.6966965675,
1499,3, 5.0329086828, 4.6725498295,
1499,4, 4.9409533882, 4.3160346889,
1500,0, 5.9753598881, 6.4456396961,
1500,1, 4.5085869694, 4.2251358318,
1500,2, 4.3340825081, 3.4334147835,
1500,3, 4.5418403912, 5.7886349678,
1500,4, 5.8453501558, 5.5373485374,
1501,0, 3.8802892208, 3.3289557457,
1501,1, 4.4061013031, 6.8926214218,
1501,2, 4.2350928402, 5.4709449577,
1501,3, 5.3114501667, 14.9499226761,
1501,4, 5.0347661781, 5.8815314484,
1502,0, 5.6787802076, 5.4524593735,
1502,1, 3.4709397745, 3.8402290916,
1502,2, 5.5750194263, 4.5643865013,
1502,3, 4.5272033882, 6.8779695892,
1502,4, 4.8411979961, 4.5886192608,
1503,0, 5.1673489189, 7.2390811157,
1503,1, 5.0837729836, 6.6631980133,
1503,2, 4.5566109657, 4.7920183945,
1503,3, 6.3889854145, 6.8634325790,
1503,4, 3.9445519924, 3.8653444958,
1504,0, 3.8294563961, 4.2280039978,
1504,1, 4.4029980278, 4.5552382946,
1504,2, 4.6609104633, 4.0405004215,
1504,3, 6.2058961105, 5.8675989819,
1504,4, 4.9391300488, 4.6780683041,
1505,0, 4.4958773804, 4.8146037769,
1505,1, 3.9336200142, 4.0361805439,
1505,2, 4.3909661865, 4.1792055893,
1505,3, 5.8328756189, 6.1904907417,
1505,4, 4.5595947552, 6.1635593224,
1506,0, 3.8916145706, 4.1586754322,
1506,1, 4.3124692535, 5.8930520535,
1506,2, 4.5952404737, 4.3887487602,
1506,3, 5.1161096954, 6.8142183304,
1506,4, 5.0591464710, 4.8322690868,
1507,0, 4.8646051979, 5.4760823441,
1507,1, 5.4317715740, 5.2336348438,
1507,2, 4.1895945787, 5.3676122665,
1507,3, 5.4167812729, 5.7860048008,
1507,4, 4.7784539223, 3.7350373554,
1508,0, 5.1931770515, 6.2612355804,
1508,1, 4.6728439331, 4.0440409851,
1508,2, 4.6835367584, 4.9310715103,
1508,3, 4.8141058826, 4.0104256439,
1508,4, 4.8096847630, 3.9178074837,
1509,0, 4.6014731216, 5.2271327114,
1509,1, 4.8431314945, 3.8347968388,
1509,2, 4.8680944252, 4.3185430622,
1509,3, 5.4372294712, 4.7494738960,
1509,4, 4.7530546284, 6.6797114849,
1510,0, 4.0648645115, 3.4756244516,
1510,1, 5.5011525440, 5.2590091038,
1510,2, 4.7111628962, 3.5854601860,
1510,3, 5.0491260910, 5.0311271286,
1510,4, 4.3911383152, 7.6644181061,
1511,0, 6.3303340054, 8.6224042320,
1511,1, 4.9759545517, 7.6670986366,
1511,2, 5.2646214104, 6.5077023697,
1511,3, 4.4597783279, 4.9427916241,
1511,4, 4.5713681793, 5.6065144920,
1512,0, 4.3291916275, 3.7168916512,
1512,1, 4.6290116882, 3.8361087132,
1512,2, 4.8613806200, 5.7956596947,
1512,3, 4.6612127113, 4.4452670288,
1512,4, 5.2925005627, 6.7432711124,
1513,0, 5.6376520348, 4.2317510128,
1513,1, 5.5460749340, 5.8839054966,
1513,2, 3.9573381901, 4.3385863304,
1513,3, 5.5660050488, 4.8062138844,
1513,4, 5.0271271038, 4.7856109810,
1514,0, 4.7476654005, 4.8781579208,
1514,1, 4.9457490921, 5.4192559433,
1514,2, 4.4494689465, 5.7208652687,
1514,3, 5.0223364639, 4.9372171879,
1514,4, 5.0818467188, 5.8056438351,
1515,0, 4.6910754871, 4.6808854103,
1515,1, 4.6280422735, 6.3545360374,
1515,2, 4.6275625706, 4.9717069530,
1515,3, 5.6865015507, 8.7298608589,
1515,4, 4.6820674467, 5.3321599293,
1516,0, 5.1356911373, 6.7259050274,
1516,1, 4.3584872532, 6.8908522129,
1516,2, 4.9010143232, 4.3697727203,
1516,3, 5.3984356689, 4.6320552063,
1516,4, 5.0314517307, 7.3328622246,
1517,0, 5.0099057341, 7.0724872398,
1517,1, 5.7377852917, 5.1092016220,
1517,2, 4.8087904501, 5.3616888809,
1517,3, 4.1833279705, 3.5026859188,
1517,4, 4.8774437714, 5.5273501778,
1518,0, 4.2119917870, 4.1546217918,
1518,1, 5.9346900082, 5.1809781647,
1518,2, 5.6357905197, 4.5310861206,
1518,3, 4.5208732271, 4.1891419792,
1518,4, 5.1150810909, 4.9569327831,
1519,0, 4.3531099796, 5.8732209873,
1519,1, 4.9516141367, 6.9756029701,
1519,2, 4.0760637665, 3.2295449829,
1519,3, 4.2613071918, 5.4631562805,
1519,4, 5.1359949780, 4.6927903175,
1520,0, 4.4650535011, 5.7818315411,
1520,1, 5.0921611309, 4.2141063023,
1520,2, 4.8690937710, 5.2502620983,
1520,3, 5.4167645025, 7.1256512833,
1520,4, 5.6024173737, 5.8002464294,
1521,0, 4.5994687319, 4.6972593975,
1521,1, 4.8450826359, 5.7721633244,
1521,2, 4.4310142088, 4.3549534607,
1521,3, 4.7558781767, 4.8047509384,
1521,4, 5.1661837244, 4.1885367870,
1522,0, 5.5847708225, 5.3730708313,
1522,1, 6.6538599205, 4.3668643093,
1522,2, 3.9475340557, 7.4020094490,
1522,3, 5.0074448013, 5.0078405190,
1522,4, 4.2055101442, 3.4202073860,
1523,0, 4.7431157970, 6.0016616821,
1523,1, 4.4966443205, 4.9743868256,
1523,2, 3.9140215874, 3.8864887333,
1523,3, 5.7397411823, 6.0069940948,
1523,4, 4.1617553139, 4.5638108444,
1524,0, 4.9403063583, 5.5264269829,
1524,1, 17.3183758068, 9.3343828392,
1524,2, 4.6849372387, 6.3419523907,
1524,3, 4.6190929604, 4.7426096630,
1524,4, 5.1422906351, 3.4201332569,
1525,0, 4.5963222647, 6.1828412151,
1525,1, 6.0783301115, 12.2253181458,
1525,2, 7.7475648260, 8.8971537209,
1525,3, 5.4452897930, 4.7616441441,
1525,4, 4.8193992043, 4.8989068604,
1526,0, 4.8037392426, 4.4711558151,
1526,1, 4.8832973766, 4.1995416832,
1526,2, 7.0788431072, 5.3027544117,
1526,3, 5.4586918163, 5.0882719421,
1526,4, 4.9142862415, 8.2155339050,
1527,0, 5.1974813366, 7.0185050678,
1527,1, 5.0274660683, 5.6876001167,
1527,2, 4.8890134811, 9.7350279999,
1527,3, 4.7557166576, 4.5736257744,
1527,4, 5.9643838596, 4.9335579395,
1528,0, 5.2178200197, 7.3771060562,
1528,1, 4.9698764324, 5.9964928532,
1528,2, 5.1362088203, 4.9956385136,
1528,3, 7.3505216885, 8.3190110970,
1528,4, 5.2676820660, 6.9852922821,
1529,0, 4.6410698652, 4.8922181892,
1529,1, 5.0310228252, 7.9947640800,
1529,2, 4.6450350285, 5.0190503788,
1529,3, 4.7673552322, 5.3273804855,
1529,4, 4.4130914688, 3.8954529095,
1530,0, 5.3391211033, 4.3834727955,
1530,1, 4.9610924196, 7.4433360767,
1530,2, 4.3029986811, 3.7643365669,
1530,3, 5.1582299137, 4.8083882332,
1530,4, 5.9084143400, 7.4640096664,
1531,0, 5.2559579134, 5.8445468044,
1531,1, 4.5538042068, 6.9281489563,
1531,2, 4.8346100998, 4.2460252476,
1531,3, 4.3949314213, 5.1224937725,
1531,4, 5.7954013252, 8.5364162254,
1532,0, 5.6171000195, 4.9730262947,
1532,1, 4.5299969625, 4.0005386734,
1532,2, 5.3918984699, 3.8237424850,
1532,3, 5.6768316460, 5.9160293961,
1532,4, 4.6721235657, 7.8244552994,
1533,0, 4.9895055580, 7.9541681862,
1533,1, 4.7649154568, 4.3495959759,
1533,2, 5.1172709942, 5.6966411877,
1533,3, 4.0894263315, 4.2903247261,
1533,4, 4.7013175392, 6.0800579071,
1534,0, 5.1527955627, 6.5567278481,
1534,1, 3.7813886118, 4.5115934753,
1534,2, 4.6152952290, 5.9081452942,
1534,3, 4.6485574245, 4.0168805122,
1534,4, 4.8038513470, 3.8850581646,
1535,0, 4.6895921898, 4.5997655201,
1535,1, 4.6964320660, 3.5003114128,
1535,2, 4.3301222706, 5.9900870419,
1535,3, 4.7336926460, 4.5167787647,
1535,4, 5.9268928909, 6.8078851986,
1536,0, 4.2433614826, 5.0653492069,
1536,1, 6.1910020161, 5.6017973137,
1536,2, 4.6059591198, 5.0225747395,
1536,3, 5.5852178097, 5.4102247143,
1536,4, 5.2013179874, 5.5378343773,
1537,0, 4.3014319658, 5.5769792461,
1537,1, 4.7011111641, 3.6893140411,
1537,2, 4.9565047741, 6.0569709778,
1537,3, 4.5653532028, 5.1947639179,
1537,4, 5.5413081932, 5.6614666080,
1538,0, 5.3085478687, 5.0008340073,
1538,1, 4.5353562641, 4.2842007542,
1538,2, 5.5110500479, 5.8869861031,
1538,3, 5.0237004662, 5.6391118717,
1538,4, 4.9282277489, 4.5252488613,
1539,0, 3.4710676289, 3.1258319235,
1539,1, 7.7194836426, 9.8375543213,
1539,2, 4.8792380238, 4.0438452578,
1539,3, 5.3971252155, 3.9273187256,
1539,4, 4.7142496204, 6.6796918488,
1540,0, 4.4679150009, 5.0815054226,
1540,1, 5.1131331158, 5.5823436737,
1540,2, 4.4747438717, 4.6313276482,
1540,3, 5.0059359884, 5.9010960579,
1540,4, 5.0897500753, 5.9946662521,
1541,0, 4.0044731522, 3.5281128216,
1541,1, 4.9436932468, 6.7795023537,
1541,2, 4.9433189297, 4.3888852024,
1541,3, 3.6827915764, 4.2720268822,
1541,4, 4.8859680176, 5.3939789581,
1542,0, 5.3879220629, 6.0332521820,
1542,1, 4.6208612585, 5.8311641121,
1542,2, 4.9315673733, 3.5839131927,
1542,3, 4.5463211727, 5.9394234657,
1542,4, 5.3708849478, 5.8581341553,
1543,0, 4.4274962091, 3.2878825998,
1543,1, 4.4971197510, 5.1794913006,
1543,2, 4.0842903137, 4.6362449741,
1543,3, 5.2516977978, 8.0910874081,
1543,4, 4.1704525805, 5.0827031136,
1544,0, 5.2971844006, 5.9358662510,
1544,1, 5.1831280994, 4.7421213722,
1544,2, 4.5817010212, 4.1259030724,
1544,3, 4.8544373846, 4.9034402657,
1544,4, 4.6019330215, 5.3722072983,
1545,0, 4.7365380859, 3.9399107075,
1545,1, 4.0952960205, 4.8373716450,
1545,2, 5.4189547682, 5.8089120007,
1545,3, 4.4241252518, 4.2384001255,
1545,4, 5.0548119307, 4.1047076607,
1546,0, 4.5388920307, 5.7220357513,
1546,1, 4.3238835955, 4.3712500858,
1546,2, 4.5962649202, 5.4736690807,
1546,3, 5.4459500456, 5.4793653584,
1546,4, 5.6354737329, 5.6518362522,
1547,0, 5.6905251122, 5.9371028900,
1547,1, 5.0110276604, 4.3454747772,
1547,2, 8.8487608004, 3.9523528099,
1547,3, 4.2919138622, 3.5775761795,
1547,4, 4.7855249882, 4.3534605217,
1548,0, 5.1876606083, 6.1325614166,
1548,1, 5.3997231102, 4.1307351589,
1548,2, 4.0327452993, 3.2712080956,
1548,3, 4.8498515320, 5.7543932819,
1548,4, 4.4435657263, 6.7046456432,
1549,0, 3.9346262550, 5.3792227840,
1549,1, 4.7673743296, 5.6996328449,
1549,2, 5.3105271673, 7.4679115868,
1549,3, 5.4194475269, 5.2044615269,
1549,4, 5.0760216522, 7.5737917900,
1550,0, 4.6009549093, 5.2395734310,
1550,1, 4.2781077862, 4.9728405285,
1550,2, 5.3356518126, 4.2125346184,
1550,3, 5.3268775368, 5.0987528896,
1550,4, 5.1729630327, 4.6282395172,
1551,0, 5.4215637112, 5.8809446144,
1551,1, 4.7336818743, 4.4035044193,
1551,2, 5.6050431919, 5.6425067425,
1551,3, 4.6393451023, 5.9212683296,
1551,4, 5.1747730637, 4.8996222019,
1552,0, 4.5486904621, 6.5239667702,
1552,1, 4.7441554546, 5.4003753281,
1552,2, 8.4201709700, 10.3382268524,
1552,3, 4.7764803553, 5.5850880051,
1552,4, 4.8648534870, 3.4376300144,
1553,0, 4.2256651592, 3.6993750191,
1553,1, 4.4603693867, 4.3402981758,
1553,2, 5.0248335028, 6.6111938286,
1553,3, 4.7840459347, 3.8603036976,
1553,4, 5.2566110897, 4.1276246929,
1554,0, 4.2548140955, 4.6620182514,
1554,1, 4.5111598396, 4.8985808277,
1554,2, 4.6611380291, 4.7434202862,
1554,3, 5.9680103493, 7.6663830566,
1554,4, 5.1226151848, 4.6154401207,
1555,0, 6.0116199017, 6.2250241947,
1555,1, 4.4204648209, 4.4578045845,
1555,2, 5.0405927372, 6.3998966885,
1555,3, 4.8865233231, 4.1659438324,
1555,4, 4.7382333803, 4.4902980614,
1556,0, 4.0982207775, 4.5318219757,
1556,1, 4.2800152874, 3.7350459862,
1556,2, 4.5753885555, 4.9578536320,
1556,3, 4.4945828629, 5.6315597820,
1556,4, 4.3219387722, 3.9042224026,
1557,0, 4.7280971146, 4.2926939297,
1557,1, 4.8898450661, 5.4753218937,
1557,2, 4.1389854431, 5.5391639709,
1557,3, 4.3340140438, 7.3810962677,
1557,4, 4.8198963833, 5.9467032242,
1558,0, 4.1300095654, 4.1605129910,
1558,1, 5.0956094170, 5.1796031380,
1558,2, 4.4054075432, 6.9000786400,
1558,3, 5.0016589832, 4.3582069016,
1558,4, 4.4183941269, 4.9374909401,
1559,0, 4.0939949608, 4.6829125690,
1559,1, 4.6468206596, 6.1895416832,
1559,2, 5.0856070614, 3.3836586332,
1559,3, 4.3606734753, 5.8782574558,
1559,4, 4.7891380262, 5.5104530621,
1560,0, 4.6250613499, 5.6518948269,
1560,1, 5.4212703753, 5.1941145039,
1560,2, 4.2577748060, 5.1816110325,
1560,3, 4.1979388618, 5.0751754093,
1560,4, 4.4652681875, 3.7738796997,
1561,0, 5.0395368576, 6.7338215446,
1561,1, 4.1439881229, 4.4688475895,
1561,2, 5.2701891327, 5.7799841595,
1561,3, 4.1861728811, 4.3157141876,
1561,4, 4.3507241297, 4.4708799171,
1562,0, 4.1404064989, 6.2765577507,
1562,1, 4.5937886381, 4.5008923435,
1562,2, 4.5562483978, 4.2640785694,
1562,3, 4.6294544697, 3.7237156487,
1562,4, 4.6993517494, 4.9684363651,
1563,0, 4.2339094114, 5.1265345860,
1563,1, 4.8086821222, 5.3553124046,
1563,2, 5.9992891979, 7.1430917931,
1563,3, 4.5863141346, 5.0124022293,
1563,4, 5.4757426834, 5.3273139668,
1564,0, 5.2747766638, 3.6553571224,
1564,1, 4.4031762218, 6.9892919350,
1564,2, 4.2232755327, 4.1052772331,
1564,3, 4.5056694412, 6.0071980190,
1564,4, 5.0648767948, 4.5760699272,
1565,0, 5.3318490219, 8.0965377235,
1565,1, 5.6175751877, 5.5103639317,
1565,2, 4.9995347691, 4.0653312492,
1565,3, 5.1774937248, 4.4489737034,
1565,4, 4.6214450788, 5.2221564960,
1566,0, 5.1880301571, 6.1929179573,
1566,1, 4.4721592522, 4.7691026115,
1566,2, 5.2419028139, 6.4840717030,
1566,3, 3.9811618137, 3.9663693714,
1566,4, 3.8909014082, 4.0023077583,
1567,0, 5.0577505398, 5.5191781425,
1567,1, 5.2878140450, 3.8560865116,
1567,2, 4.8533899879, 4.6708805275,
1567,3, 4.5897610998, 4.4194921970,
1567,4, 6.0675004387, 7.0092699337,
1568,0, 4.7518095207, 4.5188356304,
1568,1, 4.2409936047, 5.4097350979,
1568,2, 4.1585515928, 4.1767378235,
1568,3, 5.6043248177, 3.7950240803,
1568,4, 5.8041386795, 6.2969405746,
1569,0, 6.6755766296, 6.6882994652,
1569,1, 4.9162373114, 5.7301553535,
1569,2, 4.8497729206, 3.4934019279,
1569,3, 4.6968281174, 4.8941172981,
1569,4, 5.2565820789, 7.4403263855,
1570,0, 4.9296977329, 6.9157135773,
1570,1, 4.7722864580, 4.0706683350,
1570,2, 4.1295850992, 4.4252347183,
1570,3, 4.6393799877, 4.8758566856,
1570,4, 4.4867749786, 4.5510809517,
1571,0, 4.0948226833, 4.5139215565,
1571,1, 4.7401839304, 5.0474082565,
1571,2, 4.2784254074, 5.3834325027,
1571,3, 4.9721742630, 5.9900888920,
1571,4, 5.3205561161, 4.1435459805,
1572,0, 4.9387157154, 5.1657941151,
1572,1, 3.8398236084, 4.7402107716,
1572,2, 4.5678301907, 7.8541183662,
1572,3, 4.6925686550, 5.4385787964,
1572,4, 5.1757240534, 6.8543834305,
1573,0, 4.6168597794, 4.3101207066,
1573,1, 4.9604116154, 5.7434739971,
1573,2, 4.7639924145, 4.5950047302,
1573,3, 5.2455246544, 4.3287461758,
1573,4, 5.5204863071, 4.4709003639,
1574,0, 5.0209497833, 3.9728205776,
1574,1, 5.2760942841, 3.8896191597,
1574,2, 4.5500159311, 5.8988340569,
1574,3, 5.2082433796, 5.2189215469,
1574,4, 5.2697369003, 4.9996827888,
1575,0, 4.1577788067, 5.0820689964,
1575,1, 5.9025468731, 6.1794165421,
1575,2, 5.0011611176, 9.7527119255,
1575,3, 4.5019832611, 5.8611583900,
1575,4, 5.9378091812, 4.3723258209,
1576,0, 5.4133701324, 5.9213495445,
1576,1, 4.7762289238, 5.8301175594,
1576,2, 5.0862038755, 3.8875868988,
1576,3, 4.8942618847, 6.1277944183,
1576,4, 4.6115454388, 4.2114278412,
1577,0, 4.4382060862, 4.5892067909,
1577,1, 4.1298196745, 5.3047287369,
1577,2, 4.4565445328, 6.7413724232,
1577,3, 3.6910703993, 5.1325117207,
1577,4, 4.7867991590, 6.2508459282,
1578,0, 4.6634813023, 4.1832828283,
1578,1, 5.0891060019, 4.6746003151,
1578,2, 4.8201982403, 3.4358847570,
1578,3, 6.3677495003, 6.8088649559,
1578,4, 4.6243670177, 6.9279061222,
1579,0, 4.7190496063, 3.8740893936,
1579,1, 5.4576745415, 5.6845530415,
1579,2, 4.3827225685, 3.7659497643,
1579,3, 4.3966616058, 5.6657645416,
1579,4, 4.7446188498, 4.9785552883,
1580,0, 4.6716004372, 5.8430884838,
1580,1, 3.9472128677, 3.8488098240,
1580,2, 4.3961842299, 4.4906195641,
1580,3, 4.5790372753, 6.1188901138,
1580,4, 5.5278634644, 4.7018043137,
1581,0, 4.2007433796, 4.3984536648,
1581,1, 5.0218957996, 5.6282876778,
1581,2, 5.1597364664, 6.3206788254,
1581,3, 4.4557785988, 3.7370468712,
1581,4, 4.3138997173, 5.8048197460,
1582,0, 4.5030124283, 6.4446077728,
1582,1, 5.8435607719, 5.1587221432,
1582,2, 4.4613756657, 4.2460197830,
1582,3, 6.2649371815, 6.9754920387,
1582,4, 5.0096363258, 4.1772207737,
1583,0, 4.5513333416, 5.9247048759,
1583,1, 5.0886938477, 5.5679379559,
1583,2, 4.5863720274, 5.3077727032,
1583,3, 4.9014530373, 3.9048784781,
1583,4, 4.8087609196, 5.7212389946,
1584,0, 7.3171513176, 9.6142012596,
1584,1, 4.9497444057, 6.3587537766,
1584,2, 4.5622755909, 5.8531257915,
1584,3, 5.0796895313, 5.7806750584,
1584,4, 5.2602207565, 4.4356336975,
1585,0, 4.7836973238, 3.7878477573,
1585,1, 4.5920676422, 5.4567063332,
1585,2, 4.9927643967, 4.4376415634,
1585,3, 5.0407452106, 5.7855365562,
1585,4, 4.5940779018, 7.1037339783,
1586,0, 4.7795063305, 6.9879481506,
1586,1, 4.8189507008, 5.9499609756,
1586,2, 5.2848943901, 4.8649547958,
1586,3, 4.2179129314, 7.3402674866,
1586,4, 7.1563299370, 5.1862123680,
1587,0, 4.0501060390, 5.2483782673,
1587,1, 4.4729458141, 4.1431177235,
1587,2, 9.3024661732, 5.9685483074,
1587,3, 5.1621414804, 4.9852804661,
1587,4, 4.5970446491, 4.1660119724,
1588,0, 4.7910561085, 5.4229933834,
1588,1, 4.0798295641, 3.6521796513,
1588,2, 4.5999119329, 3.7978809929,
1588,3, 4.5395040655, 5.0524563408,
1588,4, 4.5901905441, 5.4713060188,
1589,0, 4.0440694523, 4.1466326523,
1589,1, 4.0799754381, 4.0902837086,
1589,2, 6.2649288464, 9.1099909401,
1589,3, 4.7384345722, 5.0499134731,
1589,4, 5.3275598335, 5.1142518711,
1590,0, 4.5028933334, 3.9747384310,
1590,1, 4.5173173428, 3.6674480724,
1590,2, 4.6982618713, 5.7774370861,
1590,3, 4.8983823204, 6.0498239136,
1590,4, 4.8253948975, 5.8955207729,
1591,0, 5.7700376701, 7.3689225578,
1591,1, 4.7925056267, 6.2725465965,
1591,2, 4.7478510094, 4.7337429237,
1591,3, 5.0634754276, 6.1731866741,
1591,4, 5.7463059330, 6.6788838863,
1592,0, 5.9307849407, 9.7883682251,
1592,1, 5.6887893867, 8.6616550255,
1592,2, 5.7114629364, 4.0894362831,
1592,3, 5.2214008617, 6.2926527500,
1592,4, 6.1450015450, 7.2980893135,
1593,0, 5.2181613255, 4.9555074787,
1593,1, 10.2686173677, 5.6408679485,
1593,2, 4.7421195126, 5.2151564693,
1593,3, 5.3258051300, 3.7614769077,
1593,4, 4.2431669331, 3.9824453259,
1594,0, 4.1759020662, 4.2920455551,
1594,1, 4.3584926033, 4.4521601582,
1594,2, 5.3285812664, 6.0643014717,
1594,3, 4.5581023455, 3.7070480061,
1594,4, 5.0477256393, 5.7398402023,
1595,0, 4.3996059990, 4.1440306854,
1595,1, 4.6685759544, 4.2056012440,
1595,2, 5.8514516687, 4.5751808548,
1595,3, 5.8118525887, 3.7872249699,
1595,4, 5.0360856485, 4.7925557327,
1596,0, 5.0230783987, 5.3984157372,
1596,1, 4.8904872704, 6.4318037605,
1596,2, 4.5149400902, 4.9573406315,
1596,3, 4.5838916016, 7.7069790840,
1596,4, 4.3731430054, 4.9509586048,
1597,0, 4.5481208324, 8.7144714737,
1597,1, 4.9184192181, 4.8508915043,
1597,2, 4.4435618305, 6.7093642807,
1597,3, 4.3996397305, 3.9421953964,
1597,4, 4.0646676254, 3.8902526379,
1598,0, 4.9847907877, 6.0145319939,
1598,1, 5.4471865749, 3.9135821056,
1598,2, 4.5136209011, 5.4834072590,
1598,3, 4.2720652485, 7.4067976475,
1598,4, 5.0789656448, 4.6257509136,
1599,0, 5.0538959169, 4.7971328926,
1599,1, 5.1038988018, 5.3767526817,
1599,2, 5.3017089939, 5.7817825508,
1599,3, 4.8806710672, 4.3743801117,
1599,4, 5.0530362034, 4.1778316784,
1600,0, 4.7303537750, 4.7157448387,
1600,1, 4.6760170555, 3.7841198349,
1600,2, 4.0763368082, 3.3821223831,
1600,3, 4.2560839272, 4.7018486595,
1600,4, 4.4087618208, 5.0781298733,
1601,0, 4.3735930777, 4.3876912403,
1601,1, 4.7550824547, 5.8605229664,
1601,2, 4.6885364246, 5.1030390072,
1601,3, 3.9383397484, 4.1951049328,
1601,4, 4.4278517628, 6.0580957127,
1602,0, 7.4478486156, 6.6359018326,
1602,1, 4.3906668472, 4.3852428246,
1602,2, 4.8185518456, 4.3557467461,
1602,3, 5.5557408333, 6.0921594620,
1602,4, 4.2586148453, 5.2457526779,
1603,0, 4.4013696861, 4.4118284607,
1603,1, 4.6644165277, 3.7237275505,
1603,2, 4.3151332378, 5.8738553810,
1603,3, 5.3371849632, 6.1019252968,
1603,4, 4.6220539856, 4.4600285721,
1604,0, 4.9664817905, 4.5619522476,
1604,1, 5.0695293713, 7.1376633453,
1604,2, 5.7360000324, 5.7443342686,
1604,3, 4.1095642805, 5.5035356426,
1604,4, 4.1989176178, 4.1789781952,
1605,0, 4.4171190119, 4.7769652271,
1605,1, 4.0078810787, 5.8889357948,
1605,2, 4.9989391184, 5.0980638504,
1605,3, 4.7424798346, 4.2976964283,
1605,4, 4.1281280279, 4.1393732405,
1606,0, 4.6447333384, 6.3168815804,
1606,1, 4.8427363968, 5.8208472824,
1606,2, 5.6957695293, 4.8504476452,
1606,3, 4.9271105576, 5.8211787128,
1606,4, 5.2079641056, 6.5059337044,
1607,0, 4.1775420284, 3.9236381054,
1607,1, 4.3081927681, 3.6418046093,
1607,2, 5.6373183155, 8.0334563446,
1607,3, 4.6527617788, 4.7283505726,
1607,4, 4.4815526676, 5.0480024624,
1608,0, 4.2706744909, 5.3286229324,
1608,1, 4.5869132710, 4.1558396053,
1608,2, 3.9241268682, 4.6838578129,
1608,3, 6.6101360989, 5.2312413979,
1608,4, 3.9486370564, 4.0160874271,
1609,0, 4.1257892418, 5.8108425999,
1609,1, 4.3824470520, 4.7484053230,
1609,2, 6.1557523632, 4.0318504906,
1609,3, 4.4099195623, 5.5480807495,
1609,4, 3.9746463680, 3.2105550480,
1610,0, 4.8174901295, 6.6762946606,
1610,1, 5.5258087063, 5.7730908203,
1610,2, 4.8694615555, 3.2002773237,
1610,3, 4.6530440426, 3.4231106663,
1610,4, 4.4759444284, 3.6341542149,
1611,0, 5.2298618126, 6.2196419716,
1611,1, 5.2885491276, 5.5803835583,
1611,2, 4.1959136581, 4.0906224060,
1611,3, 5.4588962936, 5.7103332138,
1611,4, 5.6806303596, 5.4273637009,
1612,0, 5.7251712227, 5.8237598705,
1612,1, 3.8162090111, 4.5160957527,
1612,2, 4.5369303465, 6.1892761993,
1612,3, 5.1100447273, 4.6214071178,
1612,4, 4.8345085430, 4.6004236889,
1613,0, 5.9023759937, 5.6178234005,
1613,1, 4.2240914392, 4.4264603615,
1613,2, 5.0780394363, 6.1586687469,
1613,3, 4.6193929863, 4.0369936562,
1613,4, 5.0279826212, 4.8422472954,
1614,0, 5.3854696560, 4.7954072285,
1614,1, 5.3778010750, 4.1403033447,
1614,2, 4.4761565113, 3.3963121700,
1614,3, 4.8498349762, 4.8146348476,
1614,4, 5.9225936794, 6.5797731781,
1615,0, 4.5289047527, 4.2523098946,
1615,1, 5.8554449320, 6.5067652225,
1615,2, 5.6912932777, 4.3755546761,
1615,3, 4.5851513004, 6.4494860554,
1615,4, 4.8141838789, 4.6102366447,
1616,0, 5.4917607117, 5.0573321056,
1616,1, 4.8263554859, 5.0420230865,
1616,2, 4.6436744022, 5.6631061268,
1616,3, 5.3023592377, 3.9535562801,
1616,4, 4.5858578300, 4.6177975655,
1617,0, 4.4837088823, 3.5026077175,
1617,1, 4.5453753757, 4.6276835728,
1617,2, 5.2753464890, 5.5737658215,
1617,3, 4.4720882511, 4.9602973652,
1617,4, 4.9190018940, 3.9232117081,
1618,0, 4.5484898090, 5.8910931206,
1618,1, 5.2326464891, 5.9062730789,
1618,2, 5.4353547907, 4.8773460388,
1618,3, 6.0490234947, 5.6671332836,
1618,4, 5.3444128990, 3.8138409519,
1619,0, 4.8969021511, 6.2811011314,
1619,1, 4.7373490810, 4.6712098074,
1619,2, 4.4686982441, 4.8293838787,
1619,3, 4.9580340767, 5.5809910202,
1619,4, 5.1015062332, 6.4741504955,
1620,0, 5.3188307381, 5.2386780930,
1620,1, 4.5478937626, 5.7958466816,
1620,2, 4.3628163099, 6.5677253723,
1620,3, 4.1152112293, 5.5821482277,
1620,4, 4.8684697819, 4.0992923164,
1621,0, 5.0292939377, 6.1264391613,
1621,1, 5.6150675106, 5.3233697796,
1621,2, 5.7659386444, 5.6883515549,
1621,3, 4.3394481277, 3.5943079615,
1621,4, 6.9033411741, 9.5248079681,
1622,0, 6.9841562080, 5.4547174072,
1622,1, 4.7748560810, 4.8030103111,
1622,2, 4.9746949053, 5.7600523090,
1622,3, 5.1061743402, 5.4481264496,
1622,4, 4.5014742136, 4.4812268066,
1623,0, 4.0657716227, 4.5886842155,
1623,1, 4.7195653152, 4.4783905697,
1623,2, 3.7293658829, 3.8190382004,
1623,3, 4.1054049730, 3.9330564499,
1623,4, 3.7305834961, 5.4940183640,
1624,0, 4.9821978045, 4.5142839527,
1624,1, 4.3979576874, 5.8066751003,
1624,2, 4.5858064270, 5.1272845078,
1624,3, 5.1571587086, 5.7003847885,
1624,4, 4.4376726151, 4.3555384350,
1625,0, 4.8772774410, 4.8837029171,
1625,1, 4.4678804111, 4.0614701939,
1625,2, 4.6803476334, 4.9108349037,
1625,3, 5.8810906219, 6.6528972054,
1625,4, 4.7887618732, 5.7341876411,
1626,0, 5.5014968681, 5.6408103371,
1626,1, 4.9744902325, 4.0619016457,
1626,2, 4.3563018799, 6.0172952747,
1626,3, 4.8928855562, 4.8829915524,
1626,4, 4.4971255541, 5.2432357883,
1627,0, 5.1412244511, 7.4118665123,
1627,1, 5.0451327896, 5.7153238010,
1627,2, 5.3371086216, 4.8855087662,
1627,3, 4.9742192316, 8.2454529572,
1627,4, 5.1134979153, 4.6864339256,
1628,0, 4.8543207169, 6.0904080963,
1628,1, 4.8891893911, 4.3315659142,
1628,2, 5.6275441265, 5.3823815441,
1628,3, 5.3104227638, 3.8164373207,
1628,4, 4.6437847710, 7.4390552521,
1629,0, 4.7747427940, 4.4058923912,
1629,1, 5.2476105499, 4.4234883213,
1629,2, 4.3736826324, 5.1897431564,
1629,3, 5.7689215279, 5.9405510330,
1629,4, 4.4807449245, 5.4379149055,
1630,0, 4.9271106052, 4.6835383606,
1630,1, 5.3885484362, 4.6823329830,
1630,2, 4.4191368723, 3.7784765720,
1630,3, 4.6350316525, 5.2363170147,
1630,4, 5.1184243298, 5.1563097954,
1631,0, 4.7042040157, 4.6901383972,
1631,1, 5.1107329559, 3.8386871529,
1631,2, 4.4866091061, 5.0897910309,
1631,3, 4.3827735233, 4.9887747383,
1631,4, 4.7212926865, 4.8643561268,
1632,0, 5.0393862247, 4.9960491371,
1632,1, 4.4260006809, 4.8379452419,
1632,2, 5.0863459587, 6.6942854500,
1632,3, 5.8832797337, 5.2716758156,
1632,4, 4.9259902954, 6.3767504883,
1633,0, 5.3517189121, 4.1306259918,
1633,1, 5.0009325600, 5.5539036655,
1633,2, 4.1916961002, 3.9975799084,
1633,3, 4.4871159601, 4.4998223877,
1633,4, 4.6147093916, 6.0337226105,
1634,0, 5.2413681602, 7.0132511806,
1634,1, 5.1279075050, 5.0466821671,
1634,2, 4.5770957899, 4.4798277283,
1634,3, 4.4636792326, 5.2582897186,
1634,4, 4.6974648857, 6.1198511314,
1635,0, 5.3270925999, 6.0174005032,
1635,1, 4.7724305344, 5.4134737968,
1635,2, 4.3127672100, 5.1474386978,
1635,3, 4.3375161076, 4.4454226303,
1635,4, 4.7507447290, 4.8226919746,
1636,0, 4.5977255440, 4.4985569954,
1636,1, 4.4019072866, 5.7715259838,
1636,2, 4.2497262859, 5.9521133041,
1636,3, 5.2027851868, 5.2895894527,
1636,4, 4.0626992512, 4.8326280975,
1637,0, 4.4571430063, 4.2829025459,
1637,1, 4.4175282097, 4.9622502136,
1637,2, 4.7399769878, 4.1846294785,
1637,3, 5.5795694351, 4.4813903999,
1637,4, 5.1011511755, 7.5636500072,
1638,0, 4.6570216084, 4.7275426579,
1638,1, 4.1303153706, 5.9559362793,
1638,2, 5.2890242958, 5.2663924217,
1638,3, 4.4736055756, 4.0130427074,
1638,4, 5.3191707802, 4.9504123688,
1639,0, 5.0522839832, 4.6346104717,
1639,1, 4.6558506775, 6.9059756470,
1639,2, 6.4342925358, 4.6360345268,
1639,3, 5.6196773624, 6.6150904369,
1639,4, 4.3912499046, 4.1164074039,
1640,0, 5.4649582863, 6.5848169136,
1640,1, 4.3738134956, 5.5654428864,
1640,2, 4.5572505283, 5.6082997990,
1640,3, 4.6101198196, 4.1770085239,
1640,4, 4.1624082756, 5.7757730198,
1641,0, 4.7276784801, 3.9374634552,
1641,1, 4.1681004715, 4.6729541397,
1641,2, 4.2632489729, 3.2335633850,
1641,3, 3.9406307936, 5.1887362194,
1641,4, 4.3120142794, 5.2952949333,
1642,0, 4.0725735760, 6.1802755165,
1642,1, 4.4907290649, 3.8150249195,
1642,2, 5.0246873856, 4.8566927814,
1642,3, 4.3656048155, 5.5745420074,
1642,4, 3.9729432487, 6.0540894794,
1643,0, 5.1844856644, 7.1469203758,
1643,1, 4.3520463133, 3.9970092773,
1643,2, 4.0912555742, 4.0283291435,
1643,3, 5.2075089264, 3.9318155050,
1643,4, 5.4480437231, 4.9698862362,
1644,0, 4.4932821655, 6.1598633289,
1644,1, 4.7063064861, 3.7110610104,
1644,2, 4.2068844986, 6.4894003105,
1644,3, 4.8012727451, 3.1801719284,
1644,4, 3.9835489750, 5.5914677715,
1645,0, 5.1418847895, 6.9650209427,
1645,1, 4.2462828255, 6.2748081017,
1645,2, 4.8269041872, 5.7068715763,
1645,3, 5.8378383923, 7.6969619179,
1645,4, 5.2513115311, 4.8981451035,
1646,0, 4.9756255245, 4.2131842995,
1646,1, 4.4002991581, 5.8415205288,
1646,2, 4.5454511976, 4.8281996250,
1646,3, 5.4729771328, 5.5445329189,
1646,4, 4.3327054167, 5.0665902328,
1647,0, 4.6835936022, 5.5631465816,
1647,1, 4.7192131376, 3.9431689548,
1647,2, 4.9134167290, 5.0743992138,
1647,3, 4.7443451786, 5.8391986942,
1647,4, 5.2511955452, 3.9831934643,
1648,0, 3.9677016258, 3.6257400703,
1648,1, 4.5936035538, 5.3206342220,
1648,2, 5.0526397419, 7.5560774231,
1648,3, 4.4273212767, 6.7128927612,
1648,4, 4.2117908478, 4.4115860748,
1649,0, 5.4886943054, 6.1486846161,
1649,1, 4.7497364187, 6.0536757278,
1649,2, 4.6167907763, 3.9990386295,
1649,3, 4.8948553038, 7.3485783958,
1649,4, 4.5392524719, 4.3721617222,
1650,0, 4.5831469917, 5.3397933674,
1650,1, 5.6837832975, 6.8152369499,
1650,2, 5.1665718412, 4.0298744392,
1650,3, 5.0720213604, 7.5592335129,
1650,4, 6.0816665506, 5.4046111202,
1651,0, 4.9605263138, 4.0778323364,
1651,1, 4.7908048439, 4.6776203728,
1651,2, 4.9240094185, 5.6595652008,
1651,3, 3.9918905783, 5.0280412197,
1651,4, 5.8990127611, 6.5119592667,
1652,0, 4.2682300472, 3.3908538723,
1652,1, 4.4011438560, 3.7125749969,
1652,2, 5.6401156950, 5.7296690369,
1652,3, 4.5218188858, 4.8422993755,
1652,4, 4.1318510056, 7.1427696419,
1653,0, 4.6204859161, 5.3420642376,
1653,1, 5.6004898214, 5.8631222725,
1653,2, 4.1657131100, 4.6622582436,
1653,3, 4.5457534504, 4.8273120594,
1653,4, 5.6550230122, 6.8339542961,
1654,0, 4.4064964962, 5.4906514359,
1654,1, 5.3538345480, 4.8708018589,
1654,2, 5.2153419065, 5.5456202126,
1654,3, 5.3316671133, 6.4127513409,
1654,4, 4.0854939413, 4.2272410488,
1655,0, 5.2823825026, 5.1041625881,
1655,1, 4.4843294430, 4.3986353397,
1655,2, 4.4020964432, 3.0509389782,
1655,3, 4.6884284782, 7.0572374535,
1655,4, 4.6578072453, 7.7785068703,
1656,0, 5.7364054585, 5.0436108875,
1656,1, 4.9338906527, 5.2321730423,
1656,2, 5.8929061604, 8.5071913528,
1656,3, 4.2637009048, 5.2855039883,
1656,4, 4.7194739723, 6.1820388508,
1657,0, 5.6615436220, 6.2510233498,
1657,1, 4.6869317532, 5.4719015026,
1657,2, 4.7533642387, 4.5816713142,
1657,3, 4.8655918980, 8.2719165611,
1657,4, 5.3109359217, 4.3462597275,
1658,0, 7.8560851860, 8.8104619217,
1658,1, 4.5984010029, 4.5234563541,
1658,2, 3.8989787817, 3.1463371134,
1658,3, 4.9563963795, 4.5919166565,
1658,4, 5.7912628078, 7.7751411819,
1659,0, 4.7324035931, 5.9251182842,
1659,1, 5.0014506245, 6.5270889091,
1659,2, 5.4630956554, 7.0236274529,
1659,3, 6.1937443542, 6.1162010574,
1659,4, 4.4427333546, 5.8354325294,
1660,0, 4.5746311522, 7.4492407990,
1660,1, 4.6226911926, 3.7846086931,
1660,2, 4.9985793257, 4.7646872997,
1660,3, 4.6055868149, 3.7749268723,
1660,4, 4.3639462805, 3.3635198689,
1661,0, 4.3736215830, 4.4416092682,
1661,1, 4.3881657839, 4.8882750130,
1661,2, 5.9840648937, 4.8868529987,
1661,3, 5.2233848238, 9.4179140663,
1661,4, 6.1033578873, 5.8129152107,
1662,0, 3.9529088163, 4.7589350033,
1662,1, 5.1852224636, 3.9015174866,
1662,2, 5.0436564445, 5.7754514313,
1662,3, 4.5456467628, 5.1649379826,
1662,4, 4.0555730629, 4.6944936371,
1663,0, 4.4540765476, 5.6971077251,
1663,1, 4.8900084591, 8.1225399780,
1663,2, 4.4241001129, 7.0770691490,
1663,3, 4.2096279001, 4.0583318138,
1663,4, 4.6550884342, 5.6015671158,
1664,0, 4.4131412315, 3.8287642765,
1664,1, 5.1695466423, 3.5107060337,
1664,2, 4.7294300652, 3.9557634163,
1664,3, 5.1156970692, 6.4495857811,
1664,4, 4.0505315304, 5.6844096661,
1665,0, 4.3925290108, 5.4735666084,
1665,1, 4.3837274742, 3.5226231003,
1665,2, 4.2252837896, 5.2014276695,
1665,3, 4.4643107891, 4.5952500820,
1665,4, 5.0973696470, 4.9961037254,
1666,0, 4.1213767529, 5.7874429607,
1666,1, 5.8829371595, 4.6133725452,
1666,2, 4.7241042328, 5.3531498146,
1666,3, 4.6433062792, 5.2799315643,
1666,4, 4.5282840919, 4.0066975403,
1667,0, 4.3620184565, 6.0832811069,
1667,1, 5.3195631695, 5.7150432491,
1667,2, 5.4578859425, 7.8720223999,
1667,3, 4.3953196383, 5.5933843231,
1667,4, 5.4776279163, 4.4833468914,
1668,0, 5.2654723930, 6.1563877201,
1668,1, 4.7199140739, 8.0032990456,
1668,2, 4.3885756874, 4.4908357430,
1668,3, 5.0631128216, 5.8623550510,
1668,4, 5.0041295910, 4.6590840912,
1669,0, 5.0252532434, 4.2564677048,
1669,1, 4.6247876549, 8.2541575241,
1669,2, 4.3560567045, 3.8952325535,
1669,3, 4.4187072754, 4.2786869812,
1669,4, 5.4004095173, 4.6394834518,
1670,0, 4.9310339069, 6.4114073944,
1670,1, 4.2666779947, 3.9055758476,
1670,2, 4.0218231821, 4.9022801399,
1670,3, 4.2552132225, 5.8327878761,
1670,4, 4.9484114075, 5.6257781410,
1671,0, 4.3156019211, 4.9827640820,
1671,1, 4.0648279381, 4.6668279934,
1671,2, 5.0435030556, 3.2969513416,
1671,3, 4.4526726246, 6.4978548813,
1671,4, 5.2198989105, 4.3093951225,
1672,0, 4.6558763790, 4.6343511295,
1672,1, 4.6197257042, 5.1010306549,
1672,2, 4.3465296507, 4.7247259998,
1672,3, 4.1255228853, 5.3427523994,
1672,4, 4.6004396296, 5.2382310772,
1673,0, 4.7702351189, 4.6801681805,
1673,1, 4.4182007074, 6.2193803883,
1673,2, 4.7509140205, 5.9584352684,
1673,3, 4.8646848440, 3.3437436104,
1673,4, 5.5472082710, 3.8170982742,
1674,0, 5.0366473484, 6.7905536747,
1674,1, 5.0441232300, 7.4214311790,
1674,2, 4.2812600136, 5.4867604256,
1674,3, 4.5425020361, 4.3188317204,
1674,4, 5.3057490540, 6.7488642597,
1675,0, 5.0058443594, 4.9984970570,
1675,1, 5.4375757694, 5.1138357639,
1675,2, 4.5918362284, 6.6257311440,
1675,3, 5.4585970163, 4.1164211273,
1675,4, 5.4863640594, 4.8412241554,
1676,0, 4.1695779133, 4.7568577385,
1676,1, 4.8291226482, 5.6057546806,
1676,2, 4.4503492880, 4.7084917450,
1676,3, 4.3943231201, 4.1690851974,
1676,4, 5.0269978714, 7.3117620850,
1677,0, 5.1835164928, 4.5160660934,
1677,1, 5.4105482626, 5.1643996239,
1677,2, 4.1317451572, 5.0869151878,
1677,3, 4.7346403694, 6.1860897446,
1677,4, 5.3000881577, 4.3896138000,
1678,0, 4.3234549999, 4.8789545822,
1678,1, 5.3507658005, 6.4043390846,
1678,2, 4.7280702114, 7.8572148323,
1678,3, 4.8969499540, 6.8636098862,
1678,4, 3.7003397274, 4.4572117615,
1679,0, 5.1531849289, 5.2641537380,
1679,1, 4.7909186554, 4.4948747349,
1679,2, 5.0912890434, 6.4187228298,
1679,3, 5.2982012081, 5.5864409828,
1679,4, 4.5995799828, 5.2373052692,
1680,0, 4.0030489063, 5.0100206184,
1680,1, 4.3590187931, 5.6204398251,
1680,2, 4.8748562145, 6.6297733212,
1680,3, 5.4977557182, 5.1769578075,
1680,4, 6.3222452688, 6.3671866322,
1681,0, 4.9831243420, 5.2022846413,
1681,1, 5.0261250973, 6.0806006908,
1681,2, 4.5215826321, 4.4342397118,
1681,3, 5.1318748474, 4.5528597164,
1681,4, 6.7754096270, 3.5898416996,
1682,0, 4.6066528606, 4.1922550106,
1682,1, 4.3115383911, 4.2688365364,
1682,2, 4.8018233871, 3.7887055492,
1682,3, 5.6382862473, 4.7863157558,
1682,4, 4.5775341463, 4.7447547436,
1683,0, 4.6153757477, 4.9333820248,
1683,1, 4.7268818998, 5.3055858040,
1683,2, 3.8759764051, 5.1737231636,
1683,3, 4.6154209518, 6.0840445137,
1683,4, 5.1039613056, 5.6374469376,
1684,0, 5.2899934673, 4.7185457516,
1684,1, 5.0341227913, 6.2353965378,
1684,2, 4.5208074474, 4.0577499151,
1684,3, 5.8557828617, 4.1063277912,
1684,4, 4.3468076181, 6.3418640709,
1685,0, 4.8414593029, 4.4425164986,
1685,1, 4.4071746445, 3.8023773289,
1685,2, 4.8954830503, 5.7343884182,
1685,3, 4.8503603506, 3.6031362152,
1685,4, 4.8162954235, 3.2469915676,
1686,0, 4.0075373268, 3.4326179790,
1686,1, 5.1846957302, 5.7219685650,
1686,2, 4.9298370266, 4.6815785217,
1686,3, 4.5422859383, 4.0631110525,
1686,4, 4.0929662323, 4.2732648945,
1687,0, 5.1136833000, 4.1722330761,
1687,1, 5.3197010994, 5.3004179287,
1687,2, 4.1988452148, 4.6357318020,
1687,3, 4.8862499142, 5.1916564083,
1687,4, 5.0244040298, 5.2422478008,
1688,0, 4.4527073288, 4.8270382690,
1688,1, 4.6444461823, 5.5894813919,
1688,2, 4.4944349289, 4.7733634377,
1688,3, 7.6665043163, 6.8672995758,
1688,4, 4.6840520954, 4.9615784836,
1689,0, 3.9995808411, 6.4175911903,
1689,1, 4.7060836411, 5.1386080265,
1689,2, 4.2157816696, 4.2517581749,
1689,3, 4.8528409910, 3.1546787071,
1689,4, 4.4753197289, 5.2141362190,
1690,0, 5.9530230522, 8.8167898655,
1690,1, 4.3498242664, 3.5444420815,
1690,2, 4.2597786808, 3.6519032383,
1690,3, 4.6708211994, 3.6321386719,
1690,4, 4.5269740629, 3.7770505190,
1691,0, 4.5693784809, 6.7044974899,
1691,1, 5.4321096706, 5.1997094822,
1691,2, 4.3976596880, 6.8016665268,
1691,3, 4.4844107962, 5.1282214165,
1691,4, 6.3826987171, 6.3691569424,
1692,0, 3.9115084362, 4.6521292877,
1692,1, 4.4674534750, 5.0290903282,
1692,2, 4.8849563456, 5.9943599892,
1692,3, 14.7697866726, 10.1143618011,
1692,4, 4.9993486500, 5.2548080254,
1693,0, 4.4006955814, 5.7556677914,
1693,1, 5.1733708715, 5.6680789661,
1693,2, 5.4635367012, 5.4071893883,
1693,3, 4.7876715279, 5.3629854774,
1693,4, 4.3665196753, 5.4449854660,
1694,0, 5.2652809906, 6.0705695534,
1694,1, 5.7069707298, 5.6169793320,
1694,2, 4.9947178173, 5.3965786934,
1694,3, 5.6349562454, 5.2656489182,
1694,4, 5.3178307152, 7.7508906937,
1695,0, 7.4745948362, 8.5576466751,
1695,1, 4.5310154867, 3.7695617199,
1695,2, 4.3062766933, 4.0687885380,
1695,3, 4.3247432613, 3.7784996986,
1695,4, 4.9976264620, 9.1249853325,
1696,0, 5.2701489449, 5.1005949020,
1696,1, 4.7637645340, 5.8450205135,
1696,2, 5.5006202316, 5.2077440834,
1696,3, 4.8485801363, 7.0060538673,
1696,4, 4.6563897419, 4.5279852962,
1697,0, 3.8965282631, 6.9423038387,
1697,1, 4.0047616434, 7.8925195599,
1697,2, 4.9508201551, 6.5204670715,
1697,3, 4.4904903603, 5.2899022770,
1697,4, 4.5777175903, 4.1859195328,
1698,0, 5.0325529957, 4.8758961487,
1698,1, 4.4201625586, 5.6264393806,
1698,2, 5.1456006432, 4.2786520958,
1698,3, 4.7552785873, 4.2075161171,
1698,4, 3.8797541571, 3.7777692413,
1699,0, 5.0983677578, 5.6177806187,
1699,1, 6.0365398979, 6.2282658577,
1699,2, 4.5728613091, 4.9699171543,
1699,3, 5.3961880493, 4.0779653072,
1699,4, 4.6526863861, 5.0890873623,
1700,0, 5.1494949913, 4.9630979443,
1700,1, 4.4831955338, 5.4436499500,
1700,2, 5.1230770016, 6.5500339127,
1700,3, 5.2131765079, 5.5512188053,
1700,4, 5.2738236237, 4.8930548382,
1701,0, 4.5260187817, 4.4513673401,
1701,1, 4.2153488111, 3.7873143578,
1701,2, 4.6584501600, 3.5792251444,
1701,3, 4.4947632790, 4.8441528130,
1701,4, 4.2022511530, 4.8493119049,
1702,0, 4.5877546978, 6.5293101883,
1702,1, 5.9215123081, 7.3385644913,
1702,2, 4.3155888748, 7.1965184593,
1702,3, 5.5635433769, 7.6824965477,
1702,4, 4.4808344698, 4.5859405708,
1703,0, 4.5368920612, 4.4646025276,
1703,1, 4.4365957451, 7.2104594421,
1703,2, 4.5835197449, 5.4745242500,
1703,3, 4.9911186504, 4.4538476086,
1703,4, 5.0454654026, 4.7415267563,
1704,0, 5.0049717760, 3.5393581200,
1704,1, 4.3670079231, 4.0342159653,
1704,2, 4.9845002651, 3.5748690414,
1704,3, 6.2594490337, 10.2917123032,
1704,4, 4.9693809128, 5.6105043983,
1705,0, 4.8961988068, 5.5125489235,
1705,1, 4.3733742332, 4.7784140587,
1705,2, 4.5299301910, 6.8436093903,
1705,3, 4.2825637913, 4.7743361282,
1705,4, 5.1785348320, 4.8803819466,
1706,0, 4.2269915962, 5.7418295097,
1706,1, 4.8278370762, 5.4624968815,
1706,2, 4.7948198414, 5.3769897556,
1706,3, 5.2019476461, 4.6392994213,
1706,4, 4.6454677773, 3.1212535286,
1707,0, 4.5062509108, 5.0833928108,
1707,1, 4.9025155830, 5.3453564072,
1707,2, 5.1605880833, 4.9330470371,
1707,3, 5.0008488894, 4.7209485912,
1707,4, 3.8298807287, 4.0712090015,
1708,0, 4.2992019463, 5.7877705383,
1708,1, 5.0646114922, 5.3845058155,
1708,2, 4.5714417362, 4.4911857224,
1708,3, 4.2430125189, 4.9493442822,
1708,4, 5.3486718464, 4.4438126373,
1709,0, 4.4747075653, 3.9057218838,
1709,1, 5.3568669701, 6.3582154274,
1709,2, 5.5718276882, 6.0146580315,
1709,3, 5.5397801781, 6.5437346458,
1709,4, 4.8776017857, 7.0669847202,
1710,0, 5.3168560266, 5.9076076984,
1710,1, 4.6887403393, 3.5936305428,
1710,2, 4.8992425203, 4.0703762722,
1710,3, 4.2602831936, 7.1690309334,
1710,4, 5.1820261145, 5.2939327812,
1711,0, 4.5616162682, 6.5219883537,
1711,1, 4.9256227446, 5.8758932495,
1711,2, 4.6166500473, 6.5007475662,
1711,3, 3.7389295673, 5.0475663471,
1711,4, 4.7455961514, 5.4562210846,
1712,0, 4.6921074295, 5.4924927235,
1712,1, 4.9439702797, 5.2486453247,
1712,2, 5.0560062361, 5.1123433495,
1712,3, 4.9307819462, 3.6018998480,
1712,4, 4.8260366344, 6.3090032482,
1713,0, 8.2466029739, 4.7392095757,
1713,1, 4.2708468151, 5.3097750568,
1713,2, 6.1951548481, 6.1242150021,
1713,3, 4.1761888313, 3.5447905827,
1713,4, 6.1737875891, 5.5572754765,
1714,0, 4.4635632992, 5.5398814392,
1714,1, 5.2784899330, 4.4913806438,
1714,2, 4.1531306934, 3.8631568050,
1714,3, 4.6023402405, 4.5127425289,
1714,4, 4.4521356678, 5.2343536377,
1715,0, 4.8855121803, 4.3707760906,
1715,1, 4.6237297726, 4.1044738483,
1715,2, 4.6373755074, 5.1176009655,
1715,3, 4.0667590237, 3.4647018576,
1715,4, 4.3088381624, 3.2207324314,
1716,0, 5.8764212990, 6.3246346283,
1716,1, 4.0072108507, 5.5417501545,
1716,2, 5.5564877176, 4.8341998196,
1716,3, 4.2137485647, 4.5644876671,
1716,4, 4.4000269890, 3.7270574951,
1717,0, 4.3444394970, 10.0039960098,
1717,1, 5.4466272640, 8.6000077438,
1717,2, 7.6028014469, 5.9094322586,
1717,3, 4.7288687038, 3.6185287762,
1717,4, 4.5312989187, 4.2916372681,
1718,0, 5.0229966116, 5.5980508900,
1718,1, 4.3967125893, 7.2741054153,
1718,2, 5.0525044823, 6.3870018387,
1718,3, 4.5776801014, 4.5607375813,
1718,4, 4.9331639194, 4.1065816879,
1719,0, 4.7082494450, 4.7489134216,
1719,1, 4.4978686428, 5.2301778698,
1719,2, 4.5719791698, 4.0684802246,
1719,3, 4.1303181267, 3.6308801270,
1719,4, 5.3374592304, 5.1081631947,
1720,0, 4.1029618073, 3.8591391754,
1720,1, 4.7325525284, 4.5369521236,
1720,2, 4.7577389145, 4.1252932835,
1720,3, 5.2507306337, 7.0517085361,
1720,4, 4.6598135090, 5.7092681503,
1721,0, 5.2658896160, 5.5640655613,
1721,1, 5.3862969542, 4.5675651169,
1721,2, 4.7451671553, 7.1478905487,
1721,3, 4.2570690632, 6.8825546741,
1721,4, 4.9692062378, 6.4940797806,
1722,0, 5.6903683233, 3.7730809975,
1722,1, 4.8234527826, 6.8386117744,
1722,2, 4.2914716053, 3.2034778738,
1722,3, 4.2269269848, 6.0001107311,
1722,4, 5.7525431919, 6.2152473259,
1723,0, 5.5062409019, 4.0707898235,
1723,1, 4.7630490780, 5.9446835232,
1723,2, 4.7266000938, 3.8929676056,
1723,3, 4.6082705545, 4.6353532028,
1723,4, 5.7920829296, 4.7183840942,
1724,0, 5.1320004177, 4.4597379780,
1724,1, 4.8960638523, 5.3359986210,
1724,2, 5.1329090309, 5.7029900074,
1724,3, 4.4510957909, 4.9517489433,
1724,4, 4.9644943142, 5.9453234863,
1725,0, 5.1524346638, 4.1458915615,
1725,1, 4.5233732939, 5.2899842262,
1725,2, 6.4049348068, 6.1488274097,
1725,3, 6.3789134121, 5.8385710526,
1725,4, 5.3535192966, 7.8014265823,
1726,0, 5.0839063501, 5.2896418285,
1726,1, 5.3097803688, 6.0467811584,
1726,2, 4.6409047318, 4.9671496487,
1726,3, 4.7809164000, 5.8008342838,
1726,4, 4.2841981983, 5.0936924934,
1727,0, 4.1591526461, 4.3759319830,
1727,1, 3.9731941700, 3.4481388474,
1727,2, 4.6123176861, 6.6625293732,
1727,3, 4.9010598087, 5.5382024574,
1727,4, 4.8704468298, 6.4532385063,
1728,0, 4.1598915768, 4.8021023560,
1728,1, 4.7370332670, 5.0057121754,
1728,2, 4.8533504963, 3.9529934025,
1728,3, 4.4803906059, 5.4315930653,
1728,4, 4.4057541084, 5.4378436565,
1729,0, 5.0362286901, 5.9744688511,
1729,1, 4.9387376213, 5.8700577354,
1729,2, 4.5708896446, 5.0687952423,
1729,3, 4.7718642807, 6.2069132996,
1729,4, 4.2325382423, 4.3357844830,
1730,0, 4.0488751936, 4.3003043079,
1730,1, 4.8731555080, 5.1313936615,
1730,2, 4.5311259460, 5.0050538158,
1730,3, 5.5752863073, 7.6639842224,
1730,4, 5.0948193932, 6.7524236107,
1731,0, 5.3579231453, 6.7187768269,
1731,1, 4.6296791267, 4.2321500969,
1731,2, 5.2207360029, 4.1938298607,
1731,3, 4.9844034815, 3.9888804817,
1731,4, 5.1550911760, 4.9266476154,
1732,0, 6.0915343189, 4.4225554848,
1732,1, 4.4597204876, 5.0621619892,
1732,2, 4.6491077900, 5.2853300762,
1732,3, 4.2954801702, 4.1075374222,
1732,4, 5.8679842567, 4.6623015499,
1733,0, 4.8746547604, 5.2709018517,
1733,1, 5.6399760532, 5.5385532093,
1733,2, 5.6703811216, 6.0211690807,
1733,3, 5.8202835464, 4.8747586727,
1733,4, 5.7462704468, 5.4691749382,
1734,0, 5.0840277100, 4.8990437317,
1734,1, 4.6137493896, 4.5155774879,
1734,2, 4.4441552925, 6.4728758621,
1734,3, 4.2199570465, 6.6051328468,
1734,4, 5.0231877995, 6.2278198624,
1735,0, 4.0214350605, 4.1897141743,
1735,1, 4.5409436226, 4.2597041321,
1735,2, 5.1111899567, 3.4829298306,
1735,3, 4.9768689156, 3.9011579657,
1735,4, 4.7764519882, 6.5061040497,
1736,0, 4.6845612335, 4.2082059383,
1736,1, 4.3842602444, 3.6692662716,
1736,2, 4.9587712955, 5.3354064083,
1736,3, 4.1868750238, 4.4193915081,
1736,4, 5.6819883060, 5.0177394295,
1737,0, 5.0918614101, 4.6714998150,
1737,1, 3.8010427761, 3.9530420780,
1737,2, 4.7922110271, 4.7406266689,
1737,3, 4.6393604279, 4.0861511517,
1737,4, 5.3408701897, 3.8715553761,
1738,0, 4.8058170080, 4.1950719643,
1738,1, 5.1868704796, 5.8308069992,
1738,2, 4.3049224663, 4.9293805504,
1738,3, 5.1904666424, 5.1110072327,
1738,4, 4.6455195141, 6.5338521481,
1739,0, 4.7622361183, 6.1844711876,
1739,1, 4.4678215218, 5.7837205410,
1739,2, 4.5469697571, 4.7962535095,
1739,3, 4.5092899990, 4.7381058979,
1739,4, 4.4770904827, 6.3681752110,
1740,0, 6.5133730316, 7.1361198711,
1740,1, 4.6492771435, 4.8422981644,
1740,2, 6.6045747852, 4.5340488529,
1740,3, 4.0428972101, 4.1124944210,
1740,4, 4.0925838232, 3.0136228943,
1741,0, 4.6807104206, 5.0296556377,
1741,1, 4.5513323498, 4.0925291634,
1741,2, 4.7424190617, 5.0379562664,
1741,3, 4.5899675751, 6.1253702831,
1741,4, 5.1152618027, 4.6079465866,
1742,0, 4.5793685532, 3.6516441822,
1742,1, 4.4712268591, 3.9867383051,
1742,2, 5.1380615807, 4.0269044113,
1742,3, 5.2525899458, 5.8607911682,
1742,4, 4.2500156546, 5.9331860542,
1743,0, 5.6151772642, 3.7143456173,
1743,1, 5.0778968239, 4.5597911167,
1743,2, 5.3591493034, 4.8259881115,
1743,3, 5.9518553734, 6.9342950058,
1743,4, 6.4977367496, 6.8838785648,
1744,0, 4.2381723547, 5.5507904053,
1744,1, 4.0577146530, 5.4268831730,
1744,2, 6.2040349150, 8.5711602974,
1744,3, 4.2638529491, 4.1581329823,
1744,4, 4.6610619736, 4.7305374336,
1745,0, 4.2588224030, 5.6003855515,
1745,1, 4.2973481178, 5.8286217499,
1745,2, 4.7399488163, 5.6647527504,
1745,3, 4.3245811272, 5.4847021866,
1745,4, 5.7039332247, 7.6520709229,
1746,0, 5.0968229294, 5.7079525948,
1746,1, 5.4126840115, 6.5080304718,
1746,2, 5.0426922607, 4.1258125114,
1746,3, 4.9170693159, 4.5466585064,
1746,4, 5.3767541265, 5.9497424603,
1747,0, 5.7017992592, 5.3222149658,
1747,1, 4.7131103134, 4.6755243206,
1747,2, 5.1938677120, 6.2544349861,
1747,3, 5.3943251705, 6.5611629868,
1747,4, 5.4910841322, 8.5645239639,
1748,0, 5.8850139236, 9.0070568466,
1748,1, 5.5497079325, 5.3224415970,
1748,2, 5.1978051472, 3.7664785671,
1748,3, 4.6312102985, 2.8927999258,
1748,4, 5.9040065193, 5.7464122486,
1749,0, 5.7001791286, 5.8825831127,
1749,1, 5.7405386734, 4.7391232204,
1749,2, 5.2004374027, 4.2970921516,
1749,3, 4.7522561121, 5.0624123478,
1749,4, 4.6243763304, 4.6089831638,
1750,0, 4.4153999996, 5.0655644512,
1750,1, 4.0213736486, 4.9666879749,
1750,2, 5.2142437744, 5.3682359982,
1750,3, 4.3535928440, 4.9844608593,
1750,4, 5.3199642038, 5.4792326546,
1751,0, 4.7070694923, 5.0898672771,
1751,1, 4.3026437378, 4.8510170460,
1751,2, 4.9063614702, 4.6300572681,
1751,3, 5.1406533909, 4.7644006538,
1751,4, 4.7642530298, 5.7488626289,
1752,0, 4.8076298332, 4.7644198322,
1752,1, 4.3484936523, 3.6770569897,
1752,2, 5.3997421169, 4.8813952637,
1752,3, 4.8735394382, 4.9928058529,
1752,4, 4.1001654911, 3.6901488018,
1753,0, 5.1482883072, 5.4643634605,
1753,1, 4.6701542282, 7.4021279335,
1753,2, 4.4634629345, 8.0073987198,
1753,3, 5.6830734348, 6.0155188751,
1753,4, 5.4904146624, 5.7003314590,
1754,0, 4.8797614670, 5.0178017712,
1754,1, 4.3641260672, 4.6568850613,
1754,2, 4.3641222095, 5.4574975681,
1754,3, 4.1109574318, 5.1837108707,
1754,4, 5.7220548820, 4.3484780169,
1755,0, 4.8851207590, 6.2145998669,
1755,1, 5.2376303625, 5.9070843601,
1755,2, 5.1350985718, 4.0489310455,
1755,3, 3.8503248119, 4.8305770397,
1755,4, 3.8541499615, 4.0996645451,
1756,0, 5.6815556049, 4.0975756264,
1756,1, 4.7338419342, 5.1729148674,
1756,2, 4.2978751659, 4.1747473145,
1756,3, 4.6631935596, 4.1332400370,
1756,4, 4.9281033707, 6.6416264725,
1757,0, 4.1702402973, 4.8685679150,
1757,1, 4.9308309364, 5.3579275131,
1757,2, 4.0171041632, 3.3219185543,
1757,3, 4.4227050829, 4.9297415638,
1757,4, 4.4717011881, 4.8846964836,
1758,0, 5.4968021584, 5.3818007755,
1758,1, 4.8615540409, 5.3955969334,
1758,2, 4.9212532043, 5.0941264057,
1758,3, 5.0526765633, 5.4307984829,
1758,4, 4.5290146065, 4.0216533375,
1759,0, 4.7401891327, 3.5391561413,
1759,1, 5.5332006598, 5.0926283169,
1759,2, 4.0480125809, 4.6128198719,
1759,3, 5.5787585545, 5.6674983406,
1759,4, 4.7149478436, 4.9027480888,
1760,0, 4.8808048248, 4.8745982170,
1760,1, 5.5909668446, 6.3843815231,
1760,2, 4.7698787451, 5.4213283825,
1760,3, 4.5142537832, 5.3993992329,
1760,4, 5.3106988239, 4.0007628822,
1761,0, 4.4699885988, 4.5693284321,
1761,1, 4.3283975172, 3.6179202843,
1761,2, 4.2508291245, 5.6488175011,
1761,3, 6.3387170887, 5.8091510773,
1761,4, 4.5351281166, 4.3278452301,
1762,0, 5.1235793114, 6.1634007740,
1762,1, 5.5902287865, 5.5046641159,
1762,2, 4.3093147230, 4.2216062927,
1762,3, 5.0457445717, 5.4120540333,
1762,4, 4.6284162140, 5.6555204391,
1763,0, 5.4004129696, 5.1011880493,
1763,1, 4.8859413290, 5.8873715782,
1763,2, 4.3367334509, 4.9674683475,
1763,3, 4.0891326332, 6.1436886883,
1763,4, 4.8417390347, 5.6586727810,
1764,0, 4.6067185593, 4.3459972382,
1764,1, 5.4906184244, 3.7787287807,
1764,2, 4.8779704332, 5.2366109371,
1764,3, 5.6372808361, 3.9686783123,
1764,4, 4.5601004648, 4.4685466766,
1765,0, 7.0464827681, 11.1966156769,
1765,1, 5.2784427452, 6.0695028305,
1765,2, 4.9629585075, 4.8686535549,
1765,3, 4.4973940468, 4.9737463665,
1765,4, 4.8286614704, 4.5011172581,
1766,0, 5.0034824467, 6.0081634521,
1766,1, 5.5675615263, 4.3229047966,
1766,2, 4.8986748934, 4.0854631519,
1766,3, 4.8905071545, 4.4967230415,
1766,4, 4.6555853033, 4.3224459839,
1767,0, 4.9972700691, 4.3514975929,
1767,1, 4.6429721069, 5.7472796154,
1767,2, 4.4902358389, 4.8878532219,
1767,3, 5.2403890991, 5.1199916744,
1767,4, 5.1540535450, 5.9853224373,
1768,0, 4.7976665926, 4.5162605381,
1768,1, 4.5077297831, 5.1989588642,
1768,2, 5.2011340189, 5.4088143444,
1768,3, 4.4366846895, 4.9767163277,
1768,4, 4.9184524918, 8.8900213242,
1769,0, 4.7569583511, 4.9951889038,
1769,1, 4.2157403564, 3.3931802273,
1769,2, 4.6254315090, 3.9143581009,
1769,3, 5.6452469635, 7.4801988029,
1769,4, 4.9126457214, 7.5473971558,
1770,0, 5.1414064121, 3.4323944855,
1770,1, 4.7540300179, 6.5208480167,
1770,2, 4.7459923172, 4.1268153000,
1770,3, 4.5477542973, 5.1988690853,
1770,4, 4.9048728085, 5.9097779942,
1771,0, 4.1030024767, 4.2980926895,
1771,1, 5.1263036346, 7.2824663353,
1771,2, 4.7379340982, 4.6770927620,
1771,3, 5.1018708515, 7.0706292152,
1771,4, 5.2084846306, 4.6750400352,
1772,0, 4.2908635855, 4.1026098919,
1772,1, 5.7238596249, 3.8767578030,
1772,2, 6.6379115009, 8.4433706093,
1772,3, 4.9457508278, 5.0197835541,
1772,4, 4.6805959797, 4.4232186890,
1773,0, 4.5657934380, 6.0505762386,
1773,1, 4.7272404671, 5.7565674591,
1773,2, 5.5066238213, 4.2888092613,
1773,3, 5.3406152296, 6.4957921314,
1773,4, 5.1524538422, 3.9885732841,
1774,0, 4.6294040251, 4.8701788425,
1774,1, 5.3507304287, 5.3457464790,
1774,2, 4.6637584496, 5.1370127583,
1774,3, 3.4240704632, 4.4940967751,
1774,4, 4.8400311661, 3.3540734291,
1775,0, 4.4290184784, 3.7682056236,
1775,1, 5.7982031298, 6.2469240189,
1775,2, 5.0125897217, 5.4270061398,
1775,3, 5.2130869961, 6.5362482643,
1775,4, 3.9391863632, 4.9093996525,
1776,0, 5.1514887238, 5.2549592304,
1776,1, 4.4109455109, 5.3805835438,
1776,2, 4.9141189384, 3.2390645790,
1776,3, 5.0369310188, 4.9920486259,
1776,4, 4.2913567019, 5.6518893051,
1777,0, 4.7364255333, 5.8371840668,
1777,1, 5.4600098085, 5.6113320065,
1777,2, 3.9027722502, 4.5601899529,
1777,3, 6.1915490341, 5.5844845486,
1777,4, 4.2645783710, 4.0547562408,
1778,0, 3.9162847900, 4.1427527714,
1778,1, 4.6451450062, 5.1884113216,
1778,2, 5.0595980549, 4.9356732273,
1778,3, 5.1842307138, 7.3359476662,
1778,4, 4.2512173367, 4.7157453060,
1779,0, 4.1208380651, 4.0501478863,
1779,1, 4.3111063147, 5.2232330418,
1779,2, 5.0135316277, 7.1161330128,
1779,3, 4.6358888674, 3.6856544209,
1779,4, 4.6803286886, 4.2305437946,
1780,0, 6.7129599953, 5.8927062511,
1780,1, 4.8742790794, 6.4276242256,
1780,2, 4.7241153097, 5.9479979610,
1780,3, 6.0159236813, 5.2408168030,
1780,4, 4.5591234446, 4.5461605549,
1781,0, 4.6384999275, 4.0855666924,
1781,1, 5.0029800224, 3.9277826405,
1781,2, 5.3177379036, 5.5365433121,
1781,3, 4.2537071323, 5.3015342045,
1781,4, 4.6692533112, 5.4158397770,
1782,0, 5.1885479736, 5.7280946541,
1782,1, 5.5388582993, 5.9063405037,
1782,2, 5.2945066977, 7.6055920506,
1782,3, 4.8702965832, 7.4081943893,
1782,4, 4.2594176197, 4.5884110451,
1783,0, 4.7686104727, 4.1641965199,
1783,1, 4.0816389179, 5.0329481888,
1783,2, 10.8347005749, 5.5648028374,
1783,3, 4.3613532925, 4.6726113987,
1783,4, 5.1040866756, 6.8057629585,
1784,0, 4.9165824699, 5.0829759026,
1784,1, 5.1074690199, 5.0766275311,
1784,2, 4.5376786995, 3.3274352169,
1784,3, 3.7812180424, 3.4213833618,
1784,4, 4.1328032970, 4.1420363140,
1785,0, 4.0570109797, 4.5676513672,
1785,1, 4.9520582294, 7.1778816605,
1785,2, 5.0962208986, 5.6150289249,
1785,3, 5.4256173515, 4.6872177696,
1785,4, 5.0258543301, 4.1411136246,
1786,0, 5.2426246262, 6.6741939735,
1786,1, 4.3535476875, 4.9625003433,
1786,2, 4.6646614552, 4.2240561581,
1786,3, 4.3453908730, 4.4225843143,
1786,4, 4.6249380970, 5.1584040070,
1787,0, 4.5933029747, 6.1786375141,
1787,1, 5.0978702354, 5.9379244995,
1787,2, 4.2714420605, 4.3453316689,
1787,3, 4.3225824022, 5.2780955887,
1787,4, 6.3447597122, 3.5878663445,
1788,0, 5.8037002325, 5.3487368488,
1788,1, 5.1768529081, 6.6924609184,
1788,2, 4.8524457359, 5.8406323528,
1788,3, 4.3008815908, 4.8686441422,
1788,4, 4.0365476894, 4.9010124302,
1789,0, 4.7647750568, 5.3717118359,
1789,1, 5.4614535427, 3.9819289017,
1789,2, 4.0697814655, 4.9423750114,
1789,3, 5.2229293346, 6.6920373726,
1789,4, 5.1947278881, 5.3778751183,
1790,0, 4.3785690165, 5.7995062447,
1790,1, 4.2737026978, 3.8594158649,
1790,2, 4.4654859829, 4.2744562435,
1790,3, 5.5951767159, 4.3135472584,
1790,4, 4.4026899099, 4.4572647953,
1791,0, 6.1927938223, 4.7958220863,
1791,1, 4.7049739981, 3.3327793932,
1791,2, 5.1785971069, 7.0909177780,
1791,3, 4.5559729958, 4.0049222279,
1791,4, 5.1713543367, 4.5490104485,
1792,0, 4.6940648746, 3.6802999115,
1792,1, 4.7156415987, 5.4357590866,
1792,2, 4.1764337921, 6.1308526230,
1792,3, 5.2154918242, 5.8536787605,
1792,4, 4.6846816540, 5.0279928589,
1793,0, 4.3793252468, 5.2791336346,
1793,1, 4.8828305960, 3.9891550541,
1793,2, 5.1283941936, 4.9086830711,
1793,3, 6.5991260576, 5.3132303047,
1793,4, 4.9972871780, 4.4589000034,
1794,0, 6.1262989140, 5.2741104317,
1794,1, 5.4529370022, 5.7915430260,
1794,2, 4.4247802544, 5.4345775414,
1794,3, 4.7056719446, 5.4685535812,
1794,4, 5.1093328619, 4.8545140266,
1795,0, 4.2101687622, 3.5471255302,
1795,1, 4.0392680693, 4.1198752308,
1795,2, 5.5621872807, 6.7474974823,
1795,3, 5.5508077526, 6.2490755367,
1795,4, 4.6103694344, 3.9960458851,
1796,0, 4.4407177734, 5.0976457119,
1796,1, 4.5343041468, 3.1113321829,
1796,2, 4.0855653048, 4.5050305462,
1796,3, 4.5338957500, 3.6742862797,
1796,4, 3.8446919584, 3.5782917500,
1797,0, 4.2659464264, 4.7238108540,
1797,1, 5.3501332712, 6.2672856045,
1797,2, 4.7737633228, 5.3885541153,
1797,3, 4.9124334002, 4.4121897125,
1797,4, 5.1658370829, 6.3101535320,
1798,0, 5.7802036905, 5.4318896770,
1798,1, 3.6235263252, 6.7439709663,
1798,2, 4.9539217472, 3.9953587818,
1798,3, 5.0385659409, 6.1092370605,
1798,4, 4.3732804108, 4.5286868763,
1799,0, 5.1710847569, 8.0396658707,
1799,1, 4.8303268051, 4.4120101261,
1799,2, 5.2617067719, 5.9991984367,
1799,3, 4.3546020889, 5.0474399471,
1799,4, 5.1484232664, 5.6681431007,
1800,0, 4.5287589836, 7.6496300125,
1800,1, 4.8132278442, 4.8162387943,
1800,2, 4.8328206253, 6.5592799568,
1800,3, 3.6560600471, 4.8860889721,
1800,4, 4.8835317612, 4.8762458229,
1801,0, 4.4231480360, 4.6655577087,
1801,1, 4.8190033388, 3.8328451824,
1801,2, 4.6869063711, 5.6050805283,
1801,3, 4.4309139919, 5.2309750080,
1801,4, 5.4098208237, 6.0166177273,
1802,0, 4.9201561356, 5.0799077034,
1802,1, 4.4072475052, 5.7837313747,
1802,2, 4.3260216618, 4.4674893951,
1802,3, 4.5426873302, 5.4098748398,
1802,4, 4.4893451881, 5.2351188660,
1803,0, 5.0646084738, 3.5534464121,
1803,1, 5.0218596458, 4.2715717125,
1803,2, 4.8012464142, 6.4809313393,
1803,3, 4.2617856979, 4.5450808144,
1803,4, 4.3792592955, 5.0986353016,
1804,0, 4.7839610386, 5.1889434338,
1804,1, 4.9606647205, 4.5799660492,
1804,2, 4.7328935575, 4.2438464737,
1804,3, 4.8061854839, 5.2694282722,
1804,4, 5.2170633459, 5.4009515572,
1805,0, 3.9632124853, 5.3027752495,
1805,1, 4.3627503395, 4.0218770790,
1805,2, 3.9337440205, 4.4267796612,
1805,3, 5.0116502953, 3.7696851635,
1805,4, 3.8888870287, 7.3263451195,
1806,0, 4.2521094608, 5.9563006401,
1806,1, 5.1826587486, 4.5529008484,
1806,2, 4.4771088266, 7.3649358940,
1806,3, 4.6578549623, 4.6004745579,
1806,4, 4.4975918102, 4.9712742901,
1807,0, 5.6817652893, 3.9273942947,
1807,1, 5.0653826809, 8.3750969887,
1807,2, 4.2414427090, 8.9375727272,
1807,3, 4.1723881483, 3.5874761152,
1807,4, 4.2525743008, 3.7101891518,
1808,0, 4.4698729420, 4.0850266838,
1808,1, 4.0227090359, 4.3355627918,
1808,2, 4.4676024437, 6.2643251228,
1808,3, 4.1317976952, 6.5196916962,
1808,4, 4.8418877506, 3.7670728016,
1809,0, 4.3458764076, 4.4305686378,
1809,1, 5.0287706852, 4.7315369511,
1809,2, 4.6633622074, 5.8282908249,
1809,3, 4.1854389334, 5.3450071335,
1809,4, 4.8089967728, 5.4116201305,
1810,0, 5.5478896666, 4.0697484207,
1810,1, 4.9271414185, 5.3361468792,
1810,2, 4.6874954128, 5.0100097561,
1810,3, 4.8137183475, 4.7738411999,
1810,4, 5.7203975105, 5.5147747803,
1811,0, 5.2585756731, 5.1128740311,
1811,1, 5.8410518646, 6.3820810699,
1811,2, 5.5611110592, 6.5846958447,
1811,3, 4.1863371944, 5.6784829521,
1811,4, 5.2757894707, 5.9045886707,
1812,0, 4.6531089783, 4.8171527481,
1812,1, 4.6053237867, 4.7826159382,
1812,2, 4.9608522129, 4.0360275173,
1812,3, 4.8362844372, 4.4473556614,
1812,4, 4.7136514473, 6.8457222462,
1813,0, 4.5246463966, 4.0487003326,
1813,1, 4.3737941456, 5.7348659611,
1813,2, 4.5328047752, 5.3979619694,
1813,3, 4.4813601589, 4.7063502598,
1813,4, 4.4003331184, 6.0933428383,
1814,0, 4.1346369410, 4.3249240494,
1814,1, 5.9962254429, 6.5935560989,
1814,2, 4.5468689156, 5.9852532387,
1814,3, 5.4159002018, 7.9295308495,
1814,4, 4.6834845257, 5.1974601173,
1815,0, 4.9420667458, 8.5608991814,
1815,1, 4.5424622154, 6.7672622490,
1815,2, 5.3090184832, 3.9420065975,
1815,3, 4.9721991539, 5.0407470989,
1815,4, 5.0996695232, 6.0941734123,
1816,0, 3.8999921083, 5.4341587162,
1816,1, 4.0932675600, 4.2283196163,
1816,2, 5.1007907772, 5.0933220482,
1816,3, 4.8184058666, 4.8320984745,
1816,4, 5.0453162813, 5.5083181953,
1817,0, 4.4625116444, 5.2560499191,
1817,1, 5.1331077242, 3.8129813957,
1817,2, 4.0633975983, 5.3525045204,
1817,3, 4.2379435396, 4.1962820721,
1817,4, 4.2472299385, 4.5824805355,
1818,0, 5.6045143175, 6.7170094299,
1818,1, 5.1582052994, 5.6328205872,
1818,2, 4.4483650494, 6.5439330578,
1818,3, 4.7922264719, 4.8223892689,
1818,4, 4.1775374031, 7.3731855583,
1819,0, 4.3180042553, 6.5091286659,
1819,1, 4.8082430077, 4.3693054104,
1819,2, 4.7521279716, 4.2847486019,
1819,3, 4.8363290215, 4.4743273926,
1819,4, 4.0565009212, 5.6913780594,
1820,0, 4.9075517750, 5.5857341003,
1820,1, 4.8966790962, 4.2496491051,
1820,2, 4.8706846666, 6.2446278286,
1820,3, 4.8784213591, 6.8391215706,
1820,4, 6.0186787128, 5.5268374920,
1821,0, 4.6031081772, 3.9728830433,
1821,1, 3.7097318745, 3.0716042852,
1821,2, 4.1555628014, 6.7649764061,
1821,3, 4.8750641251, 4.5079347706,
1821,4, 4.5258199501, 5.9094022751,
1822,0, 4.8033306599, 4.4239550972,
1822,1, 5.3369954824, 3.8675750065,
1822,2, 5.5332666969, 6.1255839729,
1822,3, 5.4237436581, 7.2458884048,
1822,4, 4.6955449343, 5.6048561573,
1823,0, 4.9088229084, 3.6527469635,
1823,1, 5.0291055775, 6.8901783180,
1823,2, 4.7186436033, 4.4175992298,
1823,3, 5.3551503181, 3.8336424255,
1823,4, 3.8802089167, 4.3400210857,
1824,0, 5.2175812626, 4.4260860729,
1824,1, 5.2132570648, 5.2949608326,
1824,2, 4.7039396906, 4.4740607738,
1824,3, 9.4580047798, 5.9439713860,
1824,4, 4.1254088211, 4.4051542091,
1825,0, 5.3156967735, 3.9586351204,
1825,1, 4.9227511263, 6.7576251507,
1825,2, 5.1358746147, 6.6765803337,
1825,3, 4.2995143747, 3.3564534855,
1825,4, 5.3529018021, 4.5736004829,
1826,0, 6.3049632692, 5.8005392933,
1826,1, 4.7601271725, 4.5140116692,
1826,2, 4.8656472015, 4.3989057446,
1826,3, 5.5758629608, 7.6729199791,
1826,4, 5.0893349886, 4.8090376568,
1827,0, 6.1287033701, 5.7800713921,
1827,1, 4.0824607801, 4.5806121159,
1827,2, 4.6087251997, 4.9799514866,
1827,3, 4.2752803659, 3.2679580927,
1827,4, 4.8161748075, 6.7484334946,
1828,0, 5.2030977201, 7.2788070488,
1828,1, 4.8198669147, 6.8097025299,
1828,2, 4.9693316841, 6.2796121025,
1828,3, 4.1676672459, 6.0304430199,
1828,4, 5.4245843315, 6.3892608929,
1829,0, 4.1451227665, 4.4297135353,
1829,1, 5.1797454453, 5.9969907570,
1829,2, 4.8255825043, 5.4469258022,
1829,3, 4.6888385296, 5.3113764477,
1829,4, 5.0484204483, 3.6850221348,
1830,0, 5.8496291065, 5.0096923161,
1830,1, 5.9375937557, 4.6145592976,
1830,2, 4.3156988430, 6.6777040482,
1830,3, 4.5457583523, 5.2166387558,
1830,4, 5.8286080074, 4.9684413052,
1831,0, 5.0353674269, 5.5911786652,
1831,1, 5.2097386837, 5.6103387451,
1831,2, 5.3782279587, 4.3279119396,
1831,3, 4.7472328472, 6.2273598385,
1831,4, 4.8587621641, 4.2592248154,
1832,0, 4.8106073761, 5.0287937546,
1832,1, 4.3251531553, 6.0027756691,
1832,2, 4.7361489391, 3.5605388546,
1832,3, 5.1488778687, 3.4879093456,
1832,4, 4.4691444874, 4.2405056953,
1833,0, 4.9953601551, 4.9335512161,
1833,1, 3.9083698797, 4.0854737186,
1833,2, 5.4032496357, 4.1976630688,
1833,3, 4.7091939068, 5.6434587860,
1833,4, 4.6875042343, 3.5855342865,
1834,0, 4.4671241188, 4.4960268974,
1834,1, 5.5910192490, 7.5463975525,
1834,2, 5.1517833233, 4.5595116997,
1834,3, 4.8668292809, 4.9146028519,
1834,4, 5.0265773869, 4.9047155857,
1835,0, 5.0095529175, 4.6925383472,
1835,1, 6.6015525198, 4.7659930611,
1835,2, 4.7266553497, 3.5478931522,
1835,3, 5.1117514992, 4.5916985321,
1835,4, 4.5666724110, 4.9276780224,
1836,0, 4.4523078918, 4.9957783413,
1836,1, 3.8774058151, 3.7385146236,
1836,2, 4.2621651649, 3.9936422825,
1836,3, 4.9412545490, 6.3959356308,
1836,4, 3.7043954945, 4.7381858826,
1837,0, 12.9491002226, 4.6071195030,
1837,1, 5.3264443588, 4.6571875477,
1837,2, 5.0755629635, 4.0403710079,
1837,3, 4.4415496492, 4.9410268879,
1837,4, 4.6376122761, 6.0971232319,
1838,0, 4.4766091013, 4.1089413357,
1838,1, 4.5303733349, 4.8538585091,
1838,2, 4.4968626499, 5.3339086914,
1838,3, 5.2068011665, 3.8338828373,
1838,4, 4.7844204140, 4.2463399792,
1839,0, 4.4660223770, 5.1375866508,
1839,1, 5.3490859222, 5.3402441120,
1839,2, 5.8454735851, 4.8689420033,
1839,3, 5.3376096725, 3.0723459053,
1839,4, 5.2581681824, 5.3758306980,
1840,0, 4.8624690151, 4.6376230621,
1840,1, 4.6283304214, 8.0524824524,
1840,2, 4.0807119560, 3.2220219088,
1840,3, 4.8405872917, 5.3630879021,
1840,4, 4.9246475649, 5.9442109203,
1841,0, 5.5663351107, 6.4284840202,
1841,1, 4.8762056112, 4.6101509380,
1841,2, 4.9500401115, 6.4473004723,
1841,3, 4.1868117905, 5.0001632595,
1841,4, 4.6984135056, 4.8759636402,
1842,0, 3.7824027252, 6.5527634716,
1842,1, 4.7550543499, 5.2075510502,
1842,2, 4.7672586346, 5.3032619572,
1842,3, 4.3618805313, 5.4956605434,
1842,4, 4.5184709740, 3.6345698071,
1843,0, 4.3000748634, 4.0952955627,
1843,1, 4.7032502270, 4.2083293915,
1843,2, 4.0035526657, 3.9932232857,
1843,3, 4.3024906158, 4.3901942444,
1843,4, 4.2824095631, 4.5204633141,
1844,0, 5.8332631397, 3.9662319183,
1844,1, 4.3493677425, 5.3987823677,
1844,2, 6.4099844742, 5.1715933800,
1844,3, 4.7401938009, 5.1849258327,
1844,4, 3.8486845779, 5.3137071609,
1845,0, 5.8384240150, 5.2224858189,
1845,1, 4.2590551472, 5.6962887859,
1845,2, 4.9243100834, 6.3663361645,
1845,3, 4.9121480131, 4.4064980316,
1845,4, 5.9434911346, 6.3922416973,
1846,0, 4.6566059589, 4.2494818497,
1846,1, 4.0767755556, 4.5995379925,
1846,2, 4.4595178509, 5.5050736427,
1846,3, 4.8329975033, 5.4236048412,
1846,4, 3.7778433990, 5.2203691292,
1847,0, 4.5529005432, 5.3251331329,
1847,1, 5.0339444685, 4.5176770401,
1847,2, 5.0867181730, 6.7869104385,
1847,3, 4.7044549751, 4.7234529972,
1847,4, 5.9141702366, 7.9035731125,
1848,0, 5.6192311192, 4.6175481892,
1848,1, 4.1381834602, 4.8150220966,
1848,2, 4.8107304573, 5.7760346127,
1848,3, 4.5564574575, 5.1763131046,
1848,4, 4.2731132984, 5.2256981754,
1849,0, 4.8340089607, 5.9847855759,
1849,1, 4.6309421158, 5.4502801323,
1849,2, 5.2370450974, 5.8261171722,
1849,3, 4.6075315380, 5.8638809967,
1849,4, 4.3245388412, 4.0451072407,
1850,0, 4.5940284252, 5.2643370342,
1850,1, 5.7999602699, 7.1555377960,
1850,2, 4.7557139492, 4.9520441723,
1850,3, 5.0810188961, 4.8939276218,
1850,4, 4.8863163185, 4.0802368641,
1851,0, 4.5327896261, 4.2367184258,
1851,1, 4.9282997513, 5.3320465279,
1851,2, 6.4984101963, 7.9226247406,
1851,3, 4.3262601900, 4.8845110703,
1851,4, 5.0531621170, 7.4211880112,
1852,0, 4.4327340364, 5.2223763466,
1852,1, 6.6906833363, 8.2902669525,
1852,2, 4.5075659418, 8.3339859009,
1852,3, 4.9826892567, 4.1369967461,
1852,4, 4.8508874798, 5.2584028530,
1853,0, 4.5256974459, 4.3682026100,
1853,1, 4.3396238708, 6.4384755516,
1853,2, 4.8779500961, 4.4130165386,
1853,3, 5.4040866661, 5.5482479954,
1853,4, 5.1732878685, 4.7149421501,
1854,0, 5.2714870834, 4.0367755222,
1854,1, 4.8338387632, 4.1469373417,
1854,2, 4.4197336769, 3.9012796116,
1854,3, 4.4310870981, 4.1257260990,
1854,4, 5.5914843559, 3.9812544250,
1855,0, 5.2708140707, 4.7828783703,
1855,1, 5.3123162079, 5.8906152725,
1855,2, 4.6036708164, 4.5024508381,
1855,3, 4.6543919230, 3.4169491863,
1855,4, 5.3512593460, 6.2378502369,
1856,0, 5.3527524662, 6.4787788391,
1856,1, 4.6428410196, 5.8249722481,
1856,2, 4.9232004738, 4.4028449917,
1856,3, 4.2208170033, 5.8955707932,
1856,4, 4.8815963650, 4.5603976440,
1857,0, 4.6488596964, 5.5367467880,
1857,1, 4.2537190437, 4.3322305870,
1857,2, 5.2643394423, 4.3501812744,
1857,3, 4.1119973946, 4.2036962891,
1857,4, 5.1568890572, 5.8289783096,
1858,0, 4.3594924593, 5.6696450615,
1858,1, 4.9459781408, 3.4140982533,
1858,2, 4.7682080173, 4.2815980721,
1858,3, 4.9171593285, 4.7070272923,
1858,4, 7.5649839115, 4.4902838421,
1859,0, 5.1439842606, 7.3464976311,
1859,1, 4.1429902411, 5.3943228245,
1859,2, 4.5312215042, 4.5836997604,
1859,3, 5.5851057434, 4.0300072002,
1859,4, 4.7435382795, 4.8982052326,
1860,0, 5.2376964474, 4.9357105923,
1860,1, 5.2876132965, 6.4250229549,
1860,2, 4.3782418633, 3.2922169399,
1860,3, 7.3218353748, 5.9373537636,
1860,4, 5.5862436199, 6.8050762939,
1861,0, 4.8000638962, 5.0832851505,
1861,1, 4.0123278999, 4.7755971336,
1861,2, 4.9047188091, 6.6621037674,
1861,3, 6.7617666340, 6.3910876846,
1861,4, 5.4111246777, 5.6883339500,
1862,0, 4.6509599304, 4.4977480125,
1862,1, 5.8225841045, 4.9017237568,
1862,2, 4.3950861549, 3.7769035816,
1862,3, 4.3193608284, 3.9843694592,
1862,4, 5.0650056267, 4.7061205292,
1863,0, 3.8668947029, 3.1720127392,
1863,1, 4.5369114065, 5.9427210331,
1863,2, 6.4697536182, 5.6959557056,
1863,3, 4.6791202450, 5.8304439259,
1863,4, 5.7821833324, 5.8035475349,
1864,0, 4.3022793865, 4.6696602154,
1864,1, 3.9192750406, 4.8271321487,
1864,2, 5.3403039265, 5.9171279049,
1864,3, 5.0619577503, 6.7442645359,
1864,4, 4.6320557451, 5.4183438396,
1865,0, 4.5795581484, 3.8845055962,
1865,1, 4.1240039206, 4.7977027702,
1865,2, 4.6391580439, 4.1113971806,
1865,3, 5.3969542789, 5.6051562214,
1865,4, 4.2348411798, 5.0831810093,
1866,0, 4.0933220243, 4.8851077080,
1866,1, 5.1530416965, 4.3123565960,
1866,2, 5.0440205956, 5.6459194279,
1866,3, 4.6458125114, 3.9276633930,
1866,4, 4.9464060926, 4.9726962948,
1867,0, 4.6131795311, 3.5082685375,
1867,1, 4.6216895342, 4.4486411953,
1867,2, 4.6341846180, 3.3719469166,
1867,3, 5.8521729279, 4.9218604755,
1867,4, 4.5250870800, 4.9878027916,
1868,0, 4.5551536226, 7.9402375031,
1868,1, 4.2409411716, 6.1130459785,
1868,2, 4.4779225159, 4.3465402222,
1868,3, 4.4439675570, 4.5160629654,
1868,4, 4.2841455555, 5.8359995747,
1869,0, 4.2699094963, 3.6093525219,
1869,1, 5.4859520960, 5.3591750526,
1869,2, 4.9088203430, 5.5630017567,
1869,3, 4.1315699148, 4.0786819649,
1869,4, 4.6367159224, 4.9886710835,
1870,0, 4.3423164558, 6.2306629658,
1870,1, 6.0063719225, 8.0035042953,
1870,2, 4.0223710918, 4.9112100410,
1870,3, 5.4264624691, 5.3389246368,
1870,4, 5.1094037962, 5.1389821625,
1871,0, 4.5017653036, 3.6270000744,
1871,1, 4.7313373947, 4.5618936062,
1871,2, 5.2073833084, 4.1507769775,
1871,3, 4.2069530201, 3.5792500162,
1871,4, 4.4730186987, 4.8419705486,
1872,0, 4.2164792109, 6.0677718735,
1872,1, 4.5234049416, 3.6061682415,
1872,2, 4.4047586536, 4.0017479229,
1872,3, 4.4184536314, 5.4316578293,
1872,4, 5.5145403385, 5.4928221321,
1873,0, 4.7980009508, 4.8069703484,
1873,1, 4.6854841423, 4.4891064835,
1873,2, 5.0701958895, 5.0630074883,
1873,3, 4.6478654671, 4.0968831348,
1873,4, 4.4233967495, 5.4175690651,
1874,0, 5.3208807564, 5.3430519867,
1874,1, 4.0959911346, 4.9047510242,
1874,2, 4.8939368534, 6.2573844337,
1874,3, 4.8132088184, 4.2128966618,
1874,4, 4.2481071758, 4.1223490906,
1875,0, 4.8669961834, 4.5659277630,
1875,1, 5.8594170570, 5.0343628311,
1875,2, 4.4407011175, 4.9665380478,
1875,3, 4.3037009716, 4.5295959377,
1875,4, 4.9129180145, 5.3934183979,
1876,0, 4.8969994640, 6.1730518341,
1876,1, 4.1841751528, 3.7505233192,
1876,2, 5.1514669228, 5.3748433399,
1876,3, 5.9056165123, 4.9041295242,
1876,4, 4.2943504381, 5.0579064846,
1877,0, 4.3854127502, 3.1065969706,
1877,1, 4.4987506199, 5.8813147831,
1877,2, 5.2274557304, 4.2957044029,
1877,3, 5.2358832264, 4.8582290077,
1877,4, 4.8188392830, 4.8048664951,
1878,0, 4.6619138622, 5.3497765446,
1878,1, 5.1930564117, 5.3097444057,
1878,2, 3.9896293688, 5.4118216133,
1878,3, 4.1752972698, 3.9249096012,
1878,4, 4.3750406361, 5.8324201107,
1879,0, 4.9573640442, 5.1330522633,
1879,1, 8.0839276409, 7.8656109619,
1879,2, 4.6746893406, 5.4778078270,
1879,3, 4.3985077095, 4.5673291016,
1879,4, 3.6629506826, 4.4625818062,
1880,0, 4.4804494667, 3.8813391590,
1880,1, 4.9321536636, 5.1171234035,
1880,2, 11.6572248220, 7.5027614021,
1880,3, 5.1132165241, 4.4648564529,
1880,4, 4.0425613976, 5.1266346073,
1881,0, 4.4864668703, 4.5394005108,
1881,1, 5.3511876583, 5.2646088409,
1881,2, 4.1734614897, 4.3710568333,
1881,3, 4.3613945484, 5.8376258850,
1881,4, 3.9578980255, 4.4074045563,
1882,0, 5.2641411591, 6.5544085884,
1882,1, 3.7683370733, 3.3201716518,
1882,2, 4.8632110977, 4.7771206570,
1882,3, 5.0619327545, 4.5652248573,
1882,4, 4.7935380936, 4.8744378471,
1883,0, 4.6214243364, 4.2204394245,
1883,1, 4.7008504486, 4.5977636814,
1883,2, 5.4672916746, 5.0303866768,
1883,3, 3.8174573231, 4.8132566738,
1883,4, 4.9269434738, 5.8475631714,
1884,0, 4.6942878008, 5.5198647404,
1884,1, 5.4979590511, 6.5415644932,
1884,2, 4.3460574722, 4.1481630421,
1884,3, 4.8523854542, 7.6044294453,
1884,4, 5.3391688251, 3.5158147049,
1885,0, 5.0405284595, 7.7679701233,
1885,1, 4.8529312181, 5.4982435608,
1885,2, 4.3281892300, 4.9212794113,
1885,3, 4.8643744946, 5.1820629501,
1885,4, 5.2652422905, 4.9336867714,
1886,0, 4.6960425663, 3.3750625563,
1886,1, 3.5500502062, 5.1804863262,
1886,2, 3.9192911863, 7.4514338875,
1886,3, 6.0592543697, 5.4948092365,
1886,4, 4.6750763798, 4.3468277359,
1887,0, 4.7596009922, 3.0867681980,
1887,1, 4.4196177435, 5.4183340549,
1887,2, 5.2275438118, 6.1328359604,
1887,3, 6.0535167980, 7.6556308174,
1887,4, 5.3789673615, 5.3060448360,
1888,0, 4.0999537849, 4.4512427998,
1888,1, 4.1399030590, 5.4332885551,
1888,2, 4.5470727730, 4.0718763638,
1888,3, 4.5325335217, 4.3234719896,
1888,4, 4.5460690975, 3.0810236073,
1889,0, 3.7336994410, 3.5780183887,
1889,1, 4.9367796135, 3.9155542183,
1889,2, 4.1496418476, 4.6108970356,
1889,3, 4.9909559393, 4.8295187473,
1889,4, 5.1575652027, 3.4707486725,
1890,0, 4.9512101078, 4.4756639290,
1890,1, 4.9967736530, 5.6478122139,
1890,2, 4.3407212257, 4.2110548306,
1890,3, 4.9366320658, 4.4316425228,
1890,4, 4.6003262854, 7.5807499504,
1891,0, 5.5199653435, 4.8695431805,
1891,1, 4.9278565407, 5.4537128544,
1891,2, 4.0371898270, 4.3875869751,
1891,3, 5.0283746433, 4.5803007030,
1891,4, 5.6175233459, 6.3528924561,
1892,0, 4.3976210499, 4.8146075535,
1892,1, 5.0539368629, 4.6911670589,
1892,2, 4.3779358101, 5.0798308277,
1892,3, 4.6374849701, 5.7696728802,
1892,4, 5.3783789539, 3.7010663891,
1893,0, 4.6000531816, 4.4841503620,
1893,1, 5.0305832481, 5.5233926010,
1893,2, 4.8588505077, 8.0624357986,
1893,3, 4.8770445395, 4.7465196800,
1893,4, 4.4466170025, 4.3276788998,
1894,0, 4.5607223034, 7.4709301376,
1894,1, 4.5087431002, 5.3722332764,
1894,2, 3.6811301661, 4.8192188644,
1894,3, 4.6376122570, 4.7569835186,
1894,4, 5.0236529589, 4.4555729294,
1895,0, 5.6430039310, 3.7032982922,
1895,1, 5.6174371719, 5.2263161087,
1895,2, 4.8877758598, 3.3793144608,
1895,3, 4.7551724672, 4.7078238678,
1895,4, 4.7227850723, 3.4526564121,
1896,0, 4.3939051294, 5.0465142155,
1896,1, 4.4968060684, 5.1501301575,
1896,2, 4.3887533855, 6.7602503300,
1896,3, 4.9702366352, 5.0998972034,
1896,4, 4.3117456532, 4.2317201710,
1897,0, 4.9174022484, 6.0511881828,
1897,1, 4.5777117968, 4.3327346325,
1897,2, 5.1069235706, 3.2029093361,
1897,3, 3.7110972977, 4.6600970268,
1897,4, 4.7922989655, 5.1667667484,
1898,0, 6.2661281013, 4.1552015018,
1898,1, 5.6591798782, 4.7199087524,
1898,2, 4.5946654749, 5.4119958591,
1898,3, 4.3464726830, 4.7564538193,
1898,4, 5.0246234226, 5.3880467987,
1899,0, 5.0715354633, 5.1849457550,
1899,1, 4.1024835014, 3.8119505215,
1899,2, 4.2820623970, 3.7604515791,
1899,3, 4.5869604301, 4.9045166302,
1899,4, 4.7819309521, 5.4912208176,
1900,0, 5.0609636497, 5.9713944626,
1900,1, 4.4641764927, 5.4693022442,
1900,2, 4.5463863516, 3.9707801962,
1900,3, 4.9640552664, 5.1966702938,
1900,4, 4.2606252003, 4.9002074718,
1901,0, 4.0150224304, 4.4308821869,
1901,1, 4.8737546015, 5.2733251286,
1901,2, 4.8427099705, 6.4831232071,
1901,3, 4.9127798176, 5.3230231094,
1901,4, 4.4100791216, 5.8863491344,
1902,0, 4.1539904785, 6.3766656208,
1902,1, 4.1756724930, 4.5547494125,
1902,2, 4.5941641283, 7.8145076752,
1902,3, 4.2355436611, 3.8941116810,
1902,4, 5.4284207869, 5.9901341820,
1903,0, 5.2930694199, 5.2652226925,
1903,1, 5.2390105486, 6.3779699326,
1903,2, 4.2071847725, 5.6134052563,
1903,3, 5.4524936390, 5.3970291615,
1903,4, 4.8414269543, 3.4057601357,
1904,0, 5.1019166470, 3.1306065273,
1904,1, 5.5352316666, 5.9922855186,
1904,2, 4.8806303406, 5.9205792332,
1904,3, 5.0171762562, 5.8658000755,
1904,4, 4.5555083466, 4.3697879505,
1905,0, 4.8620440960, 4.0406254482,
1905,1, 5.6901034641, 6.7746543503,
1905,2, 4.6376134014, 3.8766701221,
1905,3, 4.0287798977, 5.5315662861,
1905,4, 5.0924318457, 4.1585135365,
1906,0, 5.2824771214, 3.8878799820,
1906,1, 4.3774232292, 4.4165708733,
1906,2, 4.6755090857, 3.8678110886,
1906,3, 4.8914175224, 6.0208094025,
1906,4, 16.9752920532, 5.7353846645,
1907,0, 4.3533248234, 4.8771903038,
1907,1, 4.6891289997, 4.8163813877,
1907,2, 5.7874321365, 7.9618299294,
1907,3, 5.7097567463, 5.6136264896,
1907,4, 4.0055154324, 5.0572384071,
1908,0, 5.1639309931, 6.4438314819,
1908,1, 4.4831615925, 4.4830117512,
1908,2, 4.2758828163, 4.4882062721,
1908,3, 4.8866046524, 4.5511505127,
1908,4, 4.9677372217, 5.5022026253,
1909,0, 4.7193614054, 5.5178831291,
1909,1, 4.1378637743, 5.5041923237,
1909,2, 4.9898894024, 5.5254671669,
1909,3, 4.4761881781, 4.3459412622,
1909,4, 4.6358043718, 5.4209349918,
1910,0, 5.1832839680, 4.7607406712,
1910,1, 4.9118609428, 5.2390172863,
1910,2, 5.0835009527, 6.4638139057,
1910,3, 4.5757682037, 5.5257154465,
1910,4, 4.1845816612, 4.6477999401,
1911,0, 5.1303331852, 5.1949112892,
1911,1, 3.8412269020, 5.6572329617,
1911,2, 4.2716683102, 4.4973153973,
1911,3, 5.5393274212, 4.9940311623,
1911,4, 4.9423950386, 6.9159050751,
1912,0, 4.5284464741, 4.3592336178,
1912,1, 4.8064919186, 6.7868630219,
1912,2, 4.4506904602, 4.9471760559,
1912,3, 5.0278596926, 5.3873263931,
1912,4, 3.6876367950, 4.1872519779,
1913,0, 5.4706514454, 5.4445971775,
1913,1, 4.1993842602, 4.3867452145,
1913,2, 4.0625760174, 5.3078315735,
1913,3, 3.7700341415, 4.5497156811,
1913,4, 4.5092630243, 7.4158191490,
1914,0, 4.8557623911, 6.1537827396,
1914,1, 5.1166471386, 4.0097802162,
1914,2, 5.0444498634, 4.9120146465,
1914,3, 5.3207997274, 4.3417314720,
1914,4, 5.2459539890, 6.5403650475,
1915,0, 5.4121337414, 5.6156021595,
1915,1, 5.2197548914, 8.6121514893,
1915,2, 4.7039512253, 6.6929829407,
1915,3, 4.9505217552, 5.3742931843,
1915,4, 5.1032660866, 4.3815926456,
1916,0, 4.7311340141, 5.1631413555,
1916,1, 5.9812189770, 6.2036137390,
1916,2, 6.0132904625, 7.0437385941,
1916,3, 4.4966476631, 4.9500650215,
1916,4, 5.5757783651, 7.6166979790,
1917,0, 4.4110184479, 5.1399330139,
1917,1, 6.4007005215, 5.6868023205,
1917,2, 5.4459291363, 4.5005845165,
1917,3, 5.2582102871, 4.7302740669,
1917,4, 5.1470566845, 7.4063156509,
1918,0, 4.7122319603, 4.2407711792,
1918,1, 4.0603946590, 4.9088806725,
1918,2, 4.4611405373, 4.5799813557,
1918,3, 4.7638505316, 4.3864555359,
1918,4, 5.3620600796, 4.9673049736,
1919,0, 4.9401445723, 5.2050342464,
1919,1, 5.0706565189, 6.5692203236,
1919,2, 5.4577212667, 3.6624443674,
1919,3, 4.3756780672, 4.8047693729,
1919,4, 4.9526534653, 3.7269642353,
1920,0, 4.3816192532, 6.6496522522,
1920,1, 7.8311720467, 5.5972923660,
1920,2, 5.0459469843, 5.0189332294,
1920,3, 4.8130087852, 3.1585720539,
1920,4, 4.6558661079, 4.3234701729,
1921,0, 4.3774363136, 3.1717541552,
1921,1, 4.7199946308, 6.0450969601,
1921,2, 4.6754892731, 4.9670572567,
1921,3, 5.7443098450, 7.9899291420,
1921,4, 3.8553811169, 5.2985126781,
1922,0, 5.1070573950, 3.9897013569,
1922,1, 4.5644262791, 5.2951986217,
1922,2, 4.5227147293, 3.4826218367,
1922,3, 4.8412668324, 5.6635969734,
1922,4, 4.4091404200, 5.1315517616,
1923,0, 5.4711017656, 4.3426799965,
1923,1, 4.4743134022, 5.6972256851,
1923,2, 5.9056558895, 3.7700797462,
1923,3, 5.2049340153, 5.6391436577,
1923,4, 4.2047790051, 4.6682872391,
1924,0, 4.7759056377, 7.7759766579,
1924,1, 4.3256437540, 4.4142622375,
1924,2, 4.5587932682, 5.9198418140,
1924,3, 4.5167367554, 3.9058397007,
1924,4, 4.9989000416, 4.9567747593,
1925,0, 9.2039000034, 8.3841852760,
1925,1, 5.0359697580, 4.7513415432,
1925,2, 4.5090185642, 4.4786834478,
1925,3, 4.8260684967, 5.6594200134,
1925,4, 4.4293137360, 4.7595897293,
1926,0, 6.1387512302, 5.3784299564,
1926,1, 4.1741129541, 6.0051921940,
1926,2, 4.0300225449, 5.5401412106,
1926,3, 4.6608259201, 4.6607301521,
1926,4, 4.2630743122, 4.2609668541,
1927,0, 4.6808583927, 5.0850903511,
1927,1, 5.0398100138, 3.8429035664,
1927,2, 5.3282527065, 4.9970190620,
1927,3, 4.5553954697, 4.5621356869,
1927,4, 5.0557195187, 5.6265324879,
1928,0, 4.6787098789, 6.2480556297,
1928,1, 4.5152672243, 6.1120509243,
1928,2, 4.0082905674, 5.8383845139,
1928,3, 5.6599798584, 5.7101521206,
1928,4, 4.7971310139, 5.1283475685,
1929,0, 4.7013157463, 5.2638504124,
1929,1, 4.8638624525, 7.9253608704,
1929,2, 4.0821977234, 4.7339375305,
1929,3, 5.0489542294, 6.5696966934,
1929,4, 5.4260807323, 6.1273088074,
1930,0, 5.9013520527, 7.7170078278,
1930,1, 4.5729776621, 5.9258530617,
1930,2, 4.7682176065, 5.8531133175,
1930,3, 3.9891906643, 5.2999952888,
1930,4, 4.9782496214, 5.0176969242,
1931,0, 5.4560458088, 5.1370639515,
1931,1, 4.0279013443, 3.1899394178,
1931,2, 4.7626543045, 4.1270203400,
1931,3, 5.1188175249, 4.8625115967,
1931,4, 5.5055816936, 4.3522018528,
1932,0, 3.9236234188, 5.2985809994,
1932,1, 5.5348093510, 6.2753361511,
1932,2, 4.3984301615, 5.8531671143,
1932,3, 4.6641938257, 4.9500398445,
1932,4, 4.7137617540, 4.6462044334,
1933,0, 5.0102059984, 5.5645705223,
1933,1, 4.2370834160, 5.2892452812,
1933,2, 5.0565651608, 4.5759004974,
1933,3, 5.1689872122, 5.9333685780,
1933,4, 6.0831827354, 7.4696588898,
1934,0, 5.7693486214, 8.3144853020,
1934,1, 4.7207067204, 6.1440426540,
1934,2, 4.3815529156, 3.6535846901,
1934,3, 4.4661267138, 4.4205464268,
1934,4, 5.4186489773, 4.2286904144,
1935,0, 4.7769036818, 4.3331675529,
1935,1, 5.4238702965, 5.9695388031,
1935,2, 4.8474710369, 7.1527586174,
1935,3, 4.9923539972, 3.9969537354,
1935,4, 5.1225348186, 5.3495725632,
1936,0, 4.4415754700, 5.9064180088,
1936,1, 4.7291309261, 4.5128761482,
1936,2, 5.6758529902, 5.6383994102,
1936,3, 4.0732345867, 3.8874700165,
1936,4, 4.8771107006, 5.7615271282,
1937,0, 3.9888598537, 5.2523099613,
1937,1, 4.6077227259, 5.9745548248,
1937,2, 5.2180921936, 4.0488511944,
1937,3, 4.6588551331, 4.8671923828,
1937,4, 4.4883742237, 5.1737119102,
1938,0, 4.8505962372, 4.5676029682,
1938,1, 4.5648113155, 5.9014523983,
1938,2, 5.2806875706, 6.4255770683,
1938,3, 5.1425782585, 6.4055705452,
1938,4, 5.8320011044, 3.4057294273,
1939,0, 5.2864893627, 6.0838076496,
1939,1, 4.5111384249, 4.7217424965,
1939,2, 4.2000692225, 4.0990264416,
1939,3, 4.9352024937, 6.3093480301,
1939,4, 3.8941031361, 5.2246253014,
1940,0, 5.6506766367, 7.3093440056,
1940,1, 4.5034428310, 8.5154827499,
1940,2, 4.8422185659, 4.1871509171,
1940,3, 5.4670367956, 4.4407445621,
1940,4, 4.8283279514, 5.4804099464,
1941,0, 4.9188501978, 4.4035242558,
1941,1, 5.0296112633, 4.8105536270,
1941,2, 4.3190282011, 5.7056210613,
1941,3, 7.3850671959, 4.7493772221,
1941,4, 4.8067632580, 4.7456953144,
1942,0, 4.7912764263, 5.9103407478,
1942,1, 4.1219381571, 5.1838181973,
1942,2, 4.4310260534, 4.6224457455,
1942,3, 5.1196572399, 4.6046112728,
1942,4, 4.3627749157, 4.5026793385,
1943,0, 4.5795989799, 6.6446684647,
1943,1, 4.7388369370, 4.5750729656,
1943,2, 4.6149690962, 4.0876618862,
1943,3, 4.5648760033, 4.0518222618,
1943,4, 4.3476162624, 3.8177974701,
1944,0, 4.1568526363, 6.7924530697,
1944,1, 4.8094617462, 4.3893604088,
1944,2, 5.7022633648, 6.2327314472,
1944,3, 4.7085991907, 5.5136308193,
1944,4, 5.7339699221, 5.7202028561,
1945,0, 5.7999516582, 9.2682328796,
1945,1, 5.0614583778, 4.6350637150,
1945,2, 5.5493856668, 5.6332260418,
1945,3, 5.2080263901, 4.9776528263,
1945,4, 4.4728946590, 4.3871751785,
1946,0, 5.0074064350, 5.5809028435,
1946,1, 4.9967291451, 4.7559511089,
1946,2, 5.3719676781, 6.4189923668,
1946,3, 4.2729054546, 4.7669825554,
1946,4, 4.7117405891, 5.1332325935,
1947,0, 5.0924124527, 3.8272620201,
1947,1, 4.0993679523, 4.7055715370,
1947,2, 5.1022814846, 6.4256215286,
1947,3, 5.1132669640, 4.9852809525,
1947,4, 5.2260558081, 4.2044483280,
1948,0, 4.8544464970, 5.4341561604,
1948,1, 5.6800292397, 4.8673816109,
1948,2, 5.6705565739, 4.4061716747,
1948,3, 5.2101888275, 5.7808858490,
1948,4, 4.7342159081, 4.2935912704,
1949,0, 5.2838882923, 4.5333930302,
1949,1, 5.6674371624, 11.2608637238,
1949,2, 4.1019629383, 6.5750758839,
1949,3, 5.9509079456, 6.4173197460,
1949,4, 4.3406705523, 4.7526533890,
1950,0, 5.4286211395, 5.3566236019,
1950,1, 4.3100387383, 5.9776479435,
1950,2, 4.3646134949, 3.7882864761,
1950,3, 5.3257555580, 5.1125674534,
1950,4, 4.3409977341, 4.8721908569,
1951,0, 4.1466824818, 5.4235842896,
1951,1, 4.4005737209, 4.0705586338,
1951,2, 4.1479383087, 4.6064434814,
1951,3, 4.1400233316, 5.8085218620,
1951,4, 5.6062708378, 5.6302378178,
1952,0, 5.2927651453, 7.1821922779,
1952,1, 6.6129353142, 7.2694631195,
1952,2, 6.0299766541, 7.2366345119,
1952,3, 4.9080714178, 5.0548443127,
1952,4, 4.4629159260, 3.8558541107,
1953,0, 4.5353877068, 6.2273388195,
1953,1, 4.6166729259, 5.3604812145,
1953,2, 4.7747770023, 5.5780584621,
1953,3, 5.1225678253, 5.1910624313,
1953,4, 4.6485817909, 5.1319579506,
1954,0, 4.2817674160, 4.5266544914,
1954,1, 4.9329581738, 4.4096614933,
1954,2, 6.2265068626, 5.2990076923,
1954,3, 5.3285426521, 5.3941687393,
1954,4, 5.2387186623, 3.6127921820,
1955,0, 4.5092595768, 8.5420063972,
1955,1, 4.4242586708, 4.3482414722,
1955,2, 3.9322732258, 4.3093174076,
1955,3, 4.2697840977, 5.6896296501,
1955,4, 5.1089823437, 5.6437062740,
1956,0, 4.2824796772, 4.8736568546,
1956,1, 5.2970835686, 4.7470426559,
1956,2, 5.1124710989, 6.0059723091,
1956,3, 4.0876602745, 5.5242151260,
1956,4, 4.6322970772, 4.0467590904,
1957,0, 4.6169094467, 4.6597033310,
1957,1, 6.3027237844, 7.2281483269,
1957,2, 4.9632771254, 6.1710022449,
1957,3, 4.2110635662, 5.4094509315,
1957,4, 4.7179806280, 4.9294264126,
1958,0, 4.5778806400, 3.2398623466,
1958,1, 3.9688383579, 3.6531488228,
1958,2, 4.8322234154, 4.4022129631,
1958,3, 3.9724007845, 4.3621222878,
1958,4, 4.9700506067, 5.8580993080,
1959,0, 3.9569376278, 5.1236569405,
1959,1, 4.8839393711, 4.2409783173,
1959,2, 4.6597797155, 4.2765434170,
1959,3, 4.6271259737, 6.0303070354,
1959,4, 4.7361355019, 5.6781717396,
1960,0, 4.3244955349, 4.0877153015,
1960,1, 4.5841533279, 3.7626280975,
1960,2, 4.0808000898, 3.7156907654,
1960,3, 6.4179914856, 5.7718935394,
1960,4, 5.9530138969, 4.7567053699,
1961,0, 4.7535433960, 6.8189697647,
1961,1, 4.3956624174, 6.5360276794,
1961,2, 4.2932775402, 5.2045357895,
1961,3, 4.7568199778, 4.3976402760,
1961,4, 5.9840809631, 5.3020769978,
1962,0, 11.0731365204, 7.3488359451,
1962,1, 4.5401701689, 4.2401157951,
1962,2, 4.9500010109, 5.4038640785,
1962,3, 4.5763640308, 3.2235045719,
1962,4, 4.9127343178, 5.0186804771,
1963,0, 6.1279566622, 3.8523367357,
1963,1, 5.5800391102, 10.4217932129,
1963,2, 3.9124961138, 4.1223779678,
1963,3, 4.5182457781, 6.2493764782,
1963,4, 4.9600422478, 4.8734792614,
1964,0, 5.1651122284, 3.8547220802,
1964,1, 4.9616402912, 6.3744639778,
1964,2, 3.7569805050, 4.6873897457,
1964,3, 4.0028798294, 3.7444939613,
1964,4, 4.3749686193, 5.8979489613,
1965,0, 4.6827830410, 6.0285258961,
1965,1, 4.3926008987, 3.9103895283,
1965,2, 5.0750237942, 7.4128773499,
1965,3, 4.7030119419, 4.3373091698,
1965,4, 4.4207652092, 4.6887831879,
1966,0, 4.7944201469, 5.5258236504,
1966,1, 5.2166905499, 5.7692826080,
1966,2, 4.4257047081, 3.7295326519,
1966,3, 4.4379984379, 4.4211155415,
1966,4, 5.6011559534, 7.8170135307,
1967,0, 4.1273005581, 3.7276722145,
1967,1, 4.8957643795, 6.9827261925,
1967,2, 4.7310977268, 4.7968278313,
1967,3, 5.4462905121, 4.3941496849,
1967,4, 4.4357871723, 6.0095933247,
1968,0, 5.0521883965, 8.1214726830,
1968,1, 5.0815200138, 3.9853021145,
1968,2, 5.1803188324, 5.4845007515,
1968,3, 3.8378772593, 4.3455660343,
1968,4, 6.0494196987, 4.6102670383,
1969,0, 3.9866526890, 4.7371945667,
1969,1, 4.5035278511, 4.5612574863,
1969,2, 3.7559263229, 3.8505001545,
1969,3, 5.7523693180, 5.5504986668,
1969,4, 4.9912433434, 5.4109799576,
1970,0, 4.5889679384, 6.8776575279,
1970,1, 4.3458317661, 7.6911624146,
1970,2, 4.8939547825, 5.3153340721,
1970,3, 4.9366918135, 4.8276254749,
1970,4, 4.9636385632, 3.9733083820,
1971,0, 7.3559300423, 6.4138035393,
1971,1, 4.0797869110, 5.6296377754,
1971,2, 4.8298748970, 4.4758038998,
1971,3, 4.6933406734, 5.3436885071,
1971,4, 4.4205078697, 5.9977114487,
1972,0, 4.8465540791, 4.5326826000,
1972,1, 4.1827988911, 5.1444684792,
1972,2, 5.8369041348, 6.6065051270,
1972,3, 5.5313108444, 5.3375500393,
1972,4, 5.1516859579, 5.3440534592,
1973,0, 4.6841841316, 5.7676403904,
1973,1, 4.9762299156, 4.7685119343,
1973,2, 5.9169693422, 5.4506825924,
1973,3, 4.5282871437, 4.7901553249,
1973,4, 4.3707723379, 4.6176878357,
1974,0, 4.6696125698, 5.1764900494,
1974,1, 3.9640092754, 5.0293575668,
1974,2, 4.5464134407, 3.7172965717,
1974,3, 4.3166159439, 3.9562970352,
1974,4, 4.8719596004, 5.7703250408,
1975,0, 4.7713413382, 4.8931756306,
1975,1, 4.7962648726, 4.3394328690,
1975,2, 4.5959573174, 8.3419148254,
1975,3, 4.5876137257, 4.4708042908,
1975,4, 7.3576890659, 4.4143369675,
1976,0, 4.4795782375, 5.5665074635,
1976,1, 4.8583354950, 5.5886726761,
1976,2, 5.3122557878, 5.5537433815,
1976,3, 4.7595250130, 7.0052131081,
1976,4, 4.5609324646, 3.5481738949,
1977,0, 4.8321683216, 4.3527666759,
1977,1, 5.4059117746, 5.1683393383,
1977,2, 5.3942223454, 4.9539174175,
1977,3, 4.2232022667, 4.4328632259,
1977,4, 5.2958059978, 6.1993970299,
1978,0, 3.6787283707, 5.0560896587,
1978,1, 4.9490087366, 4.6298828411,
1978,2, 5.2999150848, 8.1474503708,
1978,3, 6.0195863819, 4.3451610374,
1978,4, 5.6803981400, 5.9356631184,
1979,0, 4.4763571978, 3.7570549870,
1979,1, 4.9359085894, 6.2391327000,
1979,2, 4.9011924362, 5.2893091202,
1979,3, 4.9013854980, 4.6190480232,
1979,4, 5.1376003075, 4.3923790359,
1980,0, 5.7682043171, 5.1053029060,
1980,1, 4.8283796787, 7.2214326763,
1980,2, 4.2543933010, 3.5203241158,
1980,3, 5.2160622644, 5.9186150265,
1980,4, 5.0526664352, 4.9854792118,
1981,0, 4.5450783348, 7.0995017624,
1981,1, 6.2335439920, 7.8142309189,
1981,2, 4.9831847620, 5.1436372566,
1981,3, 5.5432485580, 3.8077829647,
1981,4, 4.3533534622, 4.8484855556,
1982,0, 4.8090813017, 4.0307322025,
1982,1, 4.1979414272, 6.3509877872,
1982,2, 3.9869885397, 3.9009171104,
1982,3, 5.6928840303, 6.1910231495,
1982,4, 3.8301564121, 3.9424882221,
1983,0, 4.5706717682, 4.3452293873,
1983,1, 4.4329279804, 6.0152749252,
1983,2, 5.5140160084, 5.0981498528,
1983,3, 5.3005578995, 4.1449165249,
1983,4, 4.6058513641, 5.9925085735,
1984,0, 3.3447567272, 4.3659533501,
1984,1, 4.6368674660, 5.6916047001,
1984,2, 5.2312468815, 4.8256148243,
1984,3, 4.8689642334, 4.2099874496,
1984,4, 3.5232948112, 4.5328340816,
1985,0, 5.9680356979, 8.5726436424,
1985,1, 4.5985040474, 7.8286280251,
1985,2, 4.8916657639, 5.3452396774,
1985,3, 3.9179900932, 3.2086035395,
1985,4, 5.2702744770, 5.4177119827,
1986,0, 4.8439122200, 5.5455078030,
1986,1, 4.5995799208, 5.3011390972,
1986,2, 5.1223909092, 4.7669031715,
1986,3, 4.1016523218, 4.8214877510,
1986,4, 6.2497365856, 4.5853390408,
1987,0, 4.9245328856, 5.5260775566,
1987,1, 5.0409871483, 6.4353552437,
1987,2, 4.0450351715, 4.7510145473,
1987,3, 4.2953473377, 4.1176153660,
1987,4, 4.0346641254, 4.0952230406,
1988,0, 4.2950197458, 5.9365662670,
1988,1, 4.9266873884, 4.9999709225,
1988,2, 4.3516763687, 4.7751726437,
1988,3, 7.2264279747, 7.5574474716,
1988,4, 4.6482832241, 5.2718655777,
1989,0, 4.8408589840, 4.1840334606,
1989,1, 5.5101375866, 5.0041658020,
1989,2, 4.9655792952, 5.3154184341,
1989,3, 4.7548600864, 4.9166810799,
1989,4, 4.8762694168, 5.3590317345,
1990,0, 4.1485354424, 3.5287206554,
1990,1, 4.5733345985, 5.4831956005,
1990,2, 4.3766752386, 5.8829437542,
1990,3, 5.1682072067, 5.5550800800,
1990,4, 4.6499317265, 6.3776444149,
1991,0, 4.8664816761, 5.7640050316,
1991,1, 4.3401802063, 6.5015001297,
1991,2, 3.9236994743, 5.0441300297,
1991,3, 4.6867229843, 5.4772721291,
1991,4, 4.3603118753, 4.6665207005,
1992,0, 4.1224135828, 4.2452023983,
1992,1, 4.3317969227, 4.8909618568,
1992,2, 5.1079110146, 4.6913629246,
1992,3, 4.3215654755, 3.6301546764,
1992,4, 5.9159624577, 6.4340108109,
1993,0, 4.6799346161, 6.4544810486,
1993,1, 5.3481796122, 5.1161595535,
1993,2, 4.3527242279, 5.4995861340,
1993,3, 4.9190824652, 5.2961825752,
1993,4, 4.6948443031, 4.8688226700,
1994,0, 4.6074015331, 4.9975862312,
1994,1, 5.6911279011, 5.4675357342,
1994,2, 6.2130809402, 5.2310301399,
1994,3, 5.4132928848, 5.7767125797,
1994,4, 4.0210570192, 3.8947248077,
1995,0, 4.0919006729, 3.8005404091,
1995,1, 4.9101675320, 3.8107114220,
1995,2, 4.5023297501, 4.8260376740,
1995,3, 5.1025245619, 5.0128436852,
1995,4, 4.6123966122, 5.7597098827,
1996,0, 4.5898899174, 4.0313588047,
1996,1, 4.9785681438, 5.3792206573,
1996,2, 4.3720252132, 3.8844318962,
1996,3, 5.0050743294, 5.3943160725,
1996,4, 5.6866569901, 5.2578986168,
1997,0, 4.8372353935, 6.6301549244,
1997,1, 4.6744843054, 5.3839025211,
1997,2, 4.4957095337, 4.1966719151,
1997,3, 3.9375036430, 5.5487159252,
1997,4, 5.0624771070, 6.1639530945,
1998,0, 5.5712201214, 3.8449574852,
1998,1, 4.7044625282, 4.3952400780,
1998,2, 5.3024301195, 5.0346317768,
1998,3, 4.5428955936, 4.8491823769,
1998,4, 5.3204818439, 5.4872391891,
1999,0, 5.3669321251, 4.8804945850,
1999,1, 4.6506438541, 6.0855715179,
1999,2, 5.1729770422, 3.8930749226,
1999,3, 5.5007737589, 5.1690545940,
1999,4, 4.4352148437, 5.2407968521,
