epoch,n, train_loss, valid_loss
0,0, 507916.2750000000, 484674.1237500000,
0,1, 485175.5900000000, 421700.6500000000,
0,2, 459411.0312500000, 388663.9400000000,
0,3, 427915.9725000000, 403738.0137500000,
0,4, 396614.5487500000, 338852.7037500000,
1,0, 368447.7025000000, 364746.4425000000,
1,1, 340404.6262500000, 332349.9275000000,
1,2, 313423.3487500000, 218476.0481250000,
1,3, 282385.9337500000, 266333.0156250000,
1,4, 259059.3781250000, 250714.8950000000,
2,0, 234516.2581250000, 225803.5468750000,
2,1, 209823.6556250000, 175012.7175000000,
2,2, 189927.5743750000, 185325.4306250000,
2,3, 171501.1537500000, 179463.2518750000,
2,4, 154246.6712500000, 126543.1021875000,
3,0, 138738.4759375000, 96170.1300000000,
3,1, 125288.7962500000, 124503.3106250000,
3,2, 112490.3131250000, 82819.1993750000,
3,3, 101831.1306250000, 108608.9903125000,
3,4, 91420.7756250000, 77311.8410937500,
4,0, 81700.2771875000, 74665.4293750000,
4,1, 73429.3768750000, 65464.8951562500,
4,2, 65937.0326562500, 56267.0451562500,
4,3, 59369.1148437500, 54198.9700000000,
4,4, 52514.3107812500, 46036.7000000000,
5,0, 47473.3740625000, 42800.8482812500,
5,1, 42322.2690625000, 46516.6860937500,
5,2, 37444.2263281250, 30045.3785937500,
5,3, 32365.2059375000, 28715.5493750000,
5,4, 28667.0500781250, 29932.8987500000,
6,0, 25522.5324218750, 27687.4614062500,
6,1, 21379.6555468750, 19813.7782421875,
6,2, 18877.6364453125, 22605.6526562500,
6,3, 15774.7764062500, 19580.0612890625,
6,4, 13225.0695703125, 16943.0910937500,
7,0, 11937.5139453125, 13312.0473046875,
7,1, 10692.4630859375, 15352.9992187500,
7,2, 9439.9077734375, 13113.5289062500,
7,3, 8982.3873046875, 13617.1895312500,
7,4, 8831.3968164062, 9459.9154882813,
8,0, 8225.7798632813, 10165.0942382812,
8,1, 7730.2900000000, 11724.3108984375,
8,2, 7117.6662304687, 7467.8398437500,
8,3, 5835.7719335937, 6874.9010156250,
8,4, 4840.8059179687, 14999.4982812500,
9,0, 4382.2042578125, 4886.9915722656,
9,1, 3677.4809082031, 6879.9870312500,
9,2, 3686.6660058594, 4194.6793164063,
9,3, 3498.5039453125, 3793.4167871094,
9,4, 3338.6815332031, 9021.9725390625,
10,0, 3294.3445703125, 9978.5332812500,
10,1, 2810.2786328125, 2619.0865771484,
10,2, 2849.9831103516, 5001.0367480469,
10,3, 2309.6073632812, 2650.6930371094,
10,4, 2256.1595996094, 8378.3166601562,
11,0, 2343.1123535156, 7299.2110742187,
11,1, 2068.6686035156, 7670.9892968750,
11,2, 2314.6817187500, 4814.2832617187,
11,3, 2187.1386816406, 2679.2858056641,
11,4, 2024.0159228516, 1558.9600048828,
12,0, 1848.9042211914, 3284.5981933594,
12,1, 1885.6837597656, 4470.3181347656,
12,2, 1911.3656909180, 2095.3456347656,
12,3, 1795.7822949219, 6318.7858398438,
12,4, 1804.9467993164, 4838.6527343750,
13,0, 1751.8365234375, 2331.4085644531,
13,1, 1948.9690576172, 1634.5175292969,
13,2, 1859.7983935547, 1655.3471875000,
13,3, 1787.4084985352, 4610.1654492187,
13,4, 1572.8142871094, 9715.5449804688,
14,0, 1747.9016137695, 15155.7998828125,
14,1, 1895.0035913086, 4590.1579199219,
14,2, 1649.7988989258, 2318.6988623047,
14,3, 1635.9338134766, 2273.8862402344,
14,4, 1843.9125878906, 5903.3908984375,
15,0, 1731.0223828125, 1645.7301318359,
15,1, 1360.7238183594, 4086.8558105469,
15,2, 1620.6285571289, 1199.5892700195,
15,3, 1550.4519775391, 1249.2331518555,
15,4, 1516.0467260742, 1205.0094409180,
16,0, 1580.6430102539, 2366.1773291016,
16,1, 1597.7297070312, 2559.6226318359,
16,2, 1806.0484106445, 2111.3480761719,
16,3, 1231.5821801758, 1845.4898999023,
16,4, 1370.8302856445, 3079.8582812500,
17,0, 1296.9502954102, 3382.3802001953,
17,1, 1298.4454296875, 759.8655664062,
17,2, 1501.5487646484, 2260.6493408203,
17,3, 1307.4204736328, 1147.3133300781,
17,4, 1369.8156127930, 2380.7834570312,
18,0, 1335.8151147461, 1858.9081005859,
18,1, 1418.1033642578, 6663.3885156250,
18,2, 1631.8026025391, 7418.4658593750,
18,3, 1591.3061230469, 3039.0757128906,
18,4, 1378.4401806641, 1765.7337109375,
19,0, 1328.5488525391, 1838.7028027344,
19,1, 1184.0296606445, 1439.2070678711,
19,2, 1462.7476513672, 1709.7440991211,
19,3, 1533.0969677734, 4132.2623828125,
19,4, 1297.2721386719, 1281.3899121094,
20,0, 1215.4572631836, 2253.1469921875,
20,1, 1305.9582617188, 1729.4174462891,
20,2, 1317.9951708984, 9756.9446093750,
20,3, 1293.4214086914, 5081.4208691406,
20,4, 1481.6010961914, 2910.3216796875,
21,0, 1051.0201000977, 1226.8744934082,
21,1, 1161.1283886719, 894.3034692383,
21,2, 1305.8892041016, 1309.0366503906,
21,3, 1350.0113110352, 914.9908764648,
21,4, 1306.6777099609, 1818.5089208984,
22,0, 1230.9872607422, 845.0326171875,
22,1, 1154.7273315430, 872.1051879883,
22,2, 1295.4311132812, 4389.4684765625,
22,3, 1552.4615551758, 15903.7762109375,
22,4, 1015.2481347656, 1212.8099841309,
23,0, 1135.2049597168, 1769.2436572266,
23,1, 1314.6167309570, 2998.0287988281,
23,2, 1214.2485571289, 1098.5413500977,
23,3, 1003.7358496094, 2427.5851611328,
23,4, 1061.4874829102, 2363.9897167969,
24,0, 1249.9007470703, 1190.0441821289,
24,1, 1191.0767260742, 10352.2042382813,
24,2, 1071.1013061523, 822.8235485840,
24,3, 1056.3525183105, 1156.2380517578,
24,4, 1210.6098217773, 2333.2647119141,
25,0, 965.1667260742, 2204.0560498047,
25,1, 1100.5938854980, 2304.2775000000,
25,2, 1107.7201025391, 1221.0992773437,
25,3, 1099.7771215820, 1644.6312866211,
25,4, 1091.5869580078, 3962.3490625000,
26,0, 1255.1365380859, 1469.8976391602,
26,1, 1183.8592700195, 1340.7648071289,
26,2, 1077.1462255859, 1384.6657592773,
26,3, 1234.9808374023, 1779.3286132812,
26,4, 931.2324047852, 937.0399633789,
27,0, 1043.8720654297, 2246.6990332031,
27,1, 1122.7624902344, 1272.4978344727,
27,2, 1205.0662915039, 2336.1838232422,
27,3, 1131.2345092773, 1570.6289892578,
27,4, 1175.5364990234, 1903.3359716797,
28,0, 1121.3107080078, 1696.8964257812,
28,1, 1100.4490307617, 1820.9937158203,
28,2, 1054.4152734375, 2984.5684179688,
28,3, 1010.6302966309, 3283.9735156250,
28,4, 1173.3185510254, 837.1203259277,
29,0, 1067.9743005371, 1278.1316186523,
29,1, 952.7549206543, 972.1517626953,
29,2, 969.3923693848, 980.8312011719,
29,3, 791.6125463867, 2264.1626953125,
29,4, 1051.3283288574, 766.9705761719,
30,0, 857.4542883301, 928.0351367187,
30,1, 933.4077429199, 1553.7752294922,
30,2, 1080.3195410156, 3024.3051464844,
30,3, 928.5728833008, 1377.6376977539,
30,4, 1082.9813598633, 3523.5545507812,
31,0, 1200.2882727051, 1178.6197607422,
31,1, 1014.7143798828, 1936.5665917969,
31,2, 1151.0406164551, 2395.3528759766,
31,3, 897.6459448242, 1110.6048901367,
31,4, 835.6489855957, 2248.7209863281,
32,0, 888.2567553711, 1135.0355004883,
32,1, 798.9981237793, 1119.8913940430,
32,2, 947.4384716797, 3319.6970996094,
32,3, 779.9164062500, 1099.3580346680,
32,4, 827.0527502441, 828.8494934082,
33,0, 971.5128088379, 2041.2464501953,
33,1, 918.6469482422, 1005.0025122070,
33,2, 1046.7261279297, 3725.9350000000,
33,3, 815.4050354004, 898.7914501953,
33,4, 669.7484521484, 709.6664514160,
34,0, 704.7423083496, 1062.3393041992,
34,1, 759.2341192627, 2377.6584765625,
34,2, 1011.8870288086, 1380.4847412109,
34,3, 836.5343347168, 991.9225830078,
34,4, 1238.5206420898, 1054.4703564453,
35,0, 765.8668127441, 939.4152075195,
35,1, 829.2823986816, 1313.9432568359,
35,2, 808.4498181152, 987.9831567383,
35,3, 727.3729479980, 997.7887255859,
35,4, 801.4251220703, 527.9874743652,
36,0, 841.6096044922, 809.0716040039,
36,1, 636.5061560059, 1124.4596557617,
36,2, 739.7184729004, 1287.3955908203,
36,3, 801.1856506348, 2246.3546777344,
36,4, 726.1699218750, 1845.5070751953,
37,0, 689.6328906250, 1833.7727099609,
37,1, 995.1471667480, 1850.7219921875,
37,2, 739.6557067871, 616.1758764648,
37,3, 581.6227319336, 388.3612902832,
37,4, 655.4784033203, 379.7344726562,
38,0, 734.7765356445, 1715.6695654297,
38,1, 716.2213293457, 885.4956958008,
38,2, 841.9914892578, 650.1048693848,
38,3, 666.9705615234, 1377.1151660156,
38,4, 552.9085083008, 664.5803308105,
39,0, 605.4217065430, 427.7542425537,
39,1, 755.5328552246, 3065.5205078125,
39,2, 671.7653491211, 2146.7325830078,
39,3, 558.4835644531, 426.0998425293,
39,4, 645.9291033936, 417.8528295898,
40,0, 826.2423034668, 2292.8367285156,
40,1, 723.9967834473, 3525.8919140625,
40,2, 945.7288964844, 1394.1558764648,
40,3, 849.7769506836, 1659.6859863281,
40,4, 800.8040197754, 1277.0397949219,
41,0, 871.3077648926, 998.3587988281,
41,1, 656.5693969727, 861.8963671875,
41,2, 880.1206335449, 671.2734448242,
41,3, 718.1238012695, 3164.6806054687,
41,4, 799.9173461914, 424.0669653320,
42,0, 684.5694543457, 1362.0333227539,
42,1, 999.5944079590, 2102.3287011719,
42,2, 727.3937646484, 463.7144274902,
42,3, 582.6939495850, 1318.9728686523,
42,4, 870.4954907227, 1296.7563623047,
43,0, 862.2996667480, 2830.2448828125,
43,1, 816.2150268555, 783.1630444336,
43,2, 531.2956689453, 522.5691394043,
43,3, 643.7079742432, 296.6011840820,
43,4, 692.3834197998, 742.2897729492,
44,0, 623.2810266113, 270.9320312500,
44,1, 556.5150390625, 472.0521118164,
44,2, 650.9928076172, 1764.1537402344,
44,3, 593.2385156250, 1279.8110058594,
44,4, 542.1534631348, 2831.3241503906,
45,0, 797.3530249023, 789.8143798828,
45,1, 782.7108520508, 885.2347412109,
45,2, 589.2474182129, 1131.7055029297,
45,3, 638.4747314453, 341.0577124023,
45,4, 513.0318426514, 304.9192883301,
46,0, 597.5940454102, 385.6323315430,
46,1, 626.3889514160, 666.6443579102,
46,2, 574.4320825195, 423.9848980713,
46,3, 527.9657385254, 332.2025634766,
46,4, 557.8213568115, 1086.2203076172,
47,0, 564.2433264160, 2679.7533789062,
47,1, 629.3253222656, 1074.4536035156,
47,2, 626.2671722412, 377.8573864746,
47,3, 777.7346679688, 1186.9599365234,
47,4, 451.7730407715, 2250.6356201172,
48,0, 521.6452093506, 910.1903979492,
48,1, 486.2391992188, 314.6031500244,
48,2, 497.2379382324, 272.5525231934,
48,3, 457.2190655518, 294.2198297119,
48,4, 491.5429602051, 1700.5730517578,
49,0, 606.9221051025, 1197.6480737305,
49,1, 510.0492681885, 191.8203533936,
49,2, 560.5861718750, 591.2659191895,
49,3, 519.6814831543, 629.3492370605,
49,4, 549.5820648193, 3534.7808984375,
50,0, 538.6728070068, 400.4264721680,
50,1, 507.8704266357, 232.6337475586,
50,2, 570.6811602783, 407.0731628418,
50,3, 410.9407568359, 475.8760485840,
50,4, 480.9759954834, 744.5470166016,
51,0, 519.5729144287, 929.4106079102,
51,1, 630.4283691406, 1302.1974218750,
51,2, 451.8210418701, 743.1012377930,
51,3, 405.3691107178, 615.3556628418,
51,4, 432.6010308838, 586.8689038086,
52,0, 419.5897900391, 293.8417926025,
52,1, 538.5002636719, 1436.0007617188,
52,2, 460.9629541016, 1383.7917919922,
52,3, 525.8972033691, 570.0887500000,
52,4, 577.6776800537, 2675.3349121094,
53,0, 688.2467614746, 815.1691064453,
53,1, 549.7424133301, 809.8023120117,
53,2, 468.5767065430, 294.0036596680,
53,3, 513.1997534180, 662.0080126953,
53,4, 501.7562377930, 827.2061157227,
54,0, 344.9422369385, 437.4256848145,
54,1, 366.8053106689, 312.8079016113,
54,2, 424.1387310791, 226.8513732910,
54,3, 427.5608020020, 526.0941711426,
54,4, 430.7527142334, 410.5613122559,
55,0, 356.4961120605, 682.4800891113,
55,1, 408.5692858887, 456.5940417480,
55,2, 450.6892236328, 460.3130053711,
55,3, 350.3072967529, 516.7240991211,
55,4, 412.8958758545, 392.9298016357,
56,0, 476.7361621094, 1570.7469921875,
56,1, 518.3591705322, 409.9617187500,
56,2, 439.2231591797, 1787.2875488281,
56,3, 454.3299468994, 245.1840228271,
56,4, 617.6164538574, 1872.4601562500,
57,0, 582.6176196289, 531.2380883789,
57,1, 497.6735491943, 811.4106542969,
57,2, 541.6815863037, 742.1130981445,
57,3, 537.7761468506, 284.0704028320,
57,4, 460.5704943848, 1488.8195068359,
58,0, 470.9952996826, 1176.8115283203,
58,1, 299.2412432861, 677.3991613770,
58,2, 432.0157568359, 239.3963879395,
58,3, 362.8483886719, 298.8155285645,
58,4, 361.8018945313, 1959.3501904297,
59,0, 405.7758856201, 325.4846887207,
59,1, 379.5438793945, 657.1601147461,
59,2, 459.7637200928, 329.7523742676,
59,3, 312.1034771729, 392.5084985352,
59,4, 385.8600805664, 735.9367089844,
60,0, 420.3217785645, 529.7346801758,
60,1, 487.8559014893, 1303.9318041992,
60,2, 481.6873571777, 507.2065209961,
60,3, 371.1398944092, 1600.7573925781,
60,4, 470.6289990234, 521.0217614746,
61,0, 515.8570812988, 706.1574389648,
61,1, 413.8206488037, 456.0808496094,
61,2, 333.1740277100, 649.7428344727,
61,3, 361.2696368408, 675.0482922363,
61,4, 338.3111254883, 236.6998150635,
62,0, 349.1128930664, 1103.6853808594,
62,1, 367.5371710205, 1137.7319384766,
62,2, 558.8340875244, 258.1871441650,
62,3, 401.7434423828, 823.1194824219,
62,4, 388.0549145508, 997.9521679688,
63,0, 368.2656915283, 1071.7876123047,
63,1, 339.8538677979, 1330.3962792969,
63,2, 378.1028039551, 745.5312329102,
63,3, 466.7884094238, 223.3611853027,
63,4, 412.1175085449, 687.5452868652,
64,0, 387.8097851562, 1229.2924340820,
64,1, 362.1394830322, 181.6033489990,
64,2, 494.8151892090, 1691.8545166016,
64,3, 326.9024261475, 402.5545483398,
64,4, 371.2847308350, 832.3702343750,
65,0, 429.0019787598, 327.2820410156,
65,1, 363.6260968018, 1032.2039501953,
65,2, 404.0419299316, 432.8341015625,
65,3, 513.1261236572, 2633.0267675781,
65,4, 490.1436627197, 1730.0262890625,
66,0, 468.9098138428, 462.4503564453,
66,1, 291.9165164185, 210.4301190186,
66,2, 289.2964526367, 595.6376696777,
66,3, 283.6633050537, 509.5981115723,
66,4, 398.8860931396, 536.5139782715,
67,0, 508.5644714355, 1396.8787207031,
67,1, 355.7247497559, 558.7419506836,
67,2, 322.0094177246, 191.2786657715,
67,3, 341.3684362793, 202.2227691650,
67,4, 455.5064007568, 1997.6930468750,
68,0, 373.7743530273, 588.6506140137,
68,1, 340.2037744141, 1009.6529833984,
68,2, 304.5051339722, 1241.3726635742,
68,3, 401.3694943237, 424.4005139160,
68,4, 450.2066723633, 225.9364660645,
69,0, 711.2728601074, 859.7599340820,
69,1, 460.1560980225, 944.2118487549,
69,2, 532.5636892700, 363.8380944824,
69,3, 562.3519696045, 512.6984472656,
69,4, 765.9165893555, 9581.9052539063,
70,0, 589.1520410156, 1730.5977539063,
70,1, 422.9088992310, 159.6112020874,
70,2, 457.3788800049, 1737.4857714844,
70,3, 449.6603198242, 1155.9073022461,
70,4, 343.7052770996, 701.8124157715,
71,0, 458.8660745239, 298.2474505615,
71,1, 384.3490344238, 321.3787786865,
71,2, 428.1383285522, 629.8090344238,
71,3, 439.1556701660, 693.8515405273,
71,4, 352.5218847656, 410.5284857178,
72,0, 266.5012689209, 1138.7989941406,
72,1, 343.1668002319, 563.1477209473,
72,2, 290.6878472900, 638.6124902344,
72,3, 303.1347177124, 546.2551953125,
72,4, 279.4396127319, 825.9543090820,
73,0, 334.5042407227, 214.9473382568,
73,1, 241.4043301392, 184.7645321655,
73,2, 311.8626232910, 1044.4021508789,
73,3, 457.1062219238, 212.2301879883,
73,4, 363.4494329834, 532.2822949219,
74,0, 371.4788418579, 618.6478417969,
74,1, 344.3757714844, 320.9535485840,
74,2, 317.5274713135, 166.8021127319,
74,3, 324.0935827637, 218.6646704102,
74,4, 244.9632525635, 117.7261001587,
75,0, 319.8935784912, 393.0649072266,
75,1, 260.6421517944, 268.1684564209,
75,2, 310.0771920776, 242.6605151367,
75,3, 345.7880133057, 459.9291760254,
75,4, 288.0577691650, 409.2796765137,
76,0, 263.8839062500, 129.6751312256,
76,1, 314.6282226562, 1102.1982153320,
76,2, 350.4152685547, 740.6138281250,
76,3, 522.6882220459, 450.7036401367,
76,4, 370.6617718506, 219.0087457275,
77,0, 263.7729394531, 122.6468371582,
77,1, 235.4541180420, 481.9795886230,
77,2, 203.2080459595, 91.8871684265,
77,3, 245.2886578369, 826.4502563477,
77,4, 255.4124508667, 1299.4546728516,
78,0, 294.5988146973, 567.9879382324,
78,1, 261.9714450073, 189.9648019409,
78,2, 291.9358227539, 478.3515795898,
78,3, 319.0161669922, 208.1736737061,
78,4, 239.3249917603, 872.5883984375,
79,0, 239.7060562134, 153.1831494141,
79,1, 229.7127981567, 106.7833572388,
79,2, 247.6934594727, 903.4609472656,
79,3, 263.2235296631, 191.1915982056,
79,4, 306.9780072021, 221.0422235107,
80,0, 329.4157818604, 226.4630938721,
80,1, 266.5897177124, 597.0023693848,
80,2, 276.0004531860, 699.2193237305,
80,3, 282.8756927490, 249.7911700439,
80,4, 271.1174163818, 90.1094827271,
81,0, 259.0379544067, 127.2154449463,
81,1, 219.7443518066, 91.4160102844,
81,2, 253.0430242920, 328.8359515381,
81,3, 259.2330697632, 697.8493847656,
81,4, 308.0473345947, 298.4276617432,
82,0, 215.4014544678, 977.0333862305,
82,1, 246.0914788818, 1149.9816357422,
82,2, 217.9043103027, 474.2681127930,
82,3, 229.1314242554, 164.5262881470,
82,4, 210.1082345581, 1206.8969824219,
83,0, 263.3765612793, 1367.1276464844,
83,1, 275.7098876953, 118.2165783691,
83,2, 296.2453051758, 979.3941259766,
83,3, 276.5265536499, 131.7361526489,
83,4, 424.0853405762, 459.4247436523,
84,0, 302.3438250732, 296.9420672607,
84,1, 237.7219488525, 401.3366162109,
84,2, 226.6193905640, 103.8285110474,
84,3, 251.4333926392, 1051.2697998047,
84,4, 245.8211331177, 572.2671496582,
85,0, 259.0117266846, 213.4795751953,
85,1, 291.1317749023, 585.6612939453,
85,2, 220.8511477661, 202.9107879639,
85,3, 200.4470907593, 396.0407818604,
85,4, 199.9476211548, 151.3841702271,
86,0, 228.3445547485, 130.1708105469,
86,1, 279.5216162109, 83.8693507385,
86,2, 189.1708615112, 66.8793922424,
86,3, 264.7716625977, 788.5597583008,
86,4, 197.9232672119, 715.2951037598,
87,0, 193.1262255859, 356.6663140869,
87,1, 173.5863363647, 234.7988421631,
87,2, 168.5553070068, 824.3113208008,
87,3, 249.7378701782, 165.7658920288,
87,4, 355.8678067017, 967.3217993164,
88,0, 325.4452471924, 710.1916308594,
88,1, 221.2305410767, 116.3681588745,
88,2, 212.2816244507, 101.4508709717,
88,3, 215.1229150391, 527.4300024414,
88,4, 227.8189465332, 398.8944396973,
89,0, 269.6178118896, 387.6676257324,
89,1, 311.0045098877, 653.1298803711,
89,2, 200.5017767334, 196.1740844727,
89,3, 132.2560244751, 71.0470394897,
89,4, 210.7102636719, 77.6673060608,
90,0, 211.1791842651, 380.4789965820,
90,1, 183.2041729736, 224.2906597900,
90,2, 238.9699359131, 258.9144659424,
90,3, 254.5087713623, 936.8148413086,
90,4, 243.7639108276, 161.7503106689,
91,0, 177.4751596069, 71.8990780640,
91,1, 179.4090405273, 525.4023718262,
91,2, 211.1346133423, 164.6808319092,
91,3, 246.9983743286, 1289.1020947266,
91,4, 233.6804287720, 259.4931457520,
92,0, 245.0570397949, 502.2714038086,
92,1, 243.9564962769, 646.3826354980,
92,2, 209.6834365845, 50.5312951660,
92,3, 146.1303424072, 541.8841833496,
92,4, 311.4125985718, 2193.3986230469,
93,0, 365.0809539795, 266.0811077881,
93,1, 199.3045822144, 189.6228796387,
93,2, 177.2730325317, 277.4472558594,
93,3, 173.5704888916, 260.0091473389,
93,4, 182.4623489380, 153.7792706299,
94,0, 182.3430981445, 122.4662780762,
94,1, 164.9823782349, 92.6866989136,
94,2, 258.3830780029, 322.1392816162,
94,3, 227.2324172974, 128.1108636475,
94,4, 205.0454910278, 240.8958062744,
95,0, 172.9049038696, 182.2362771606,
95,1, 215.9631417847, 104.0143783569,
95,2, 300.9223284912, 403.6239343262,
95,3, 208.5963836670, 143.3654867554,
95,4, 200.1565179443, 78.4103936768,
96,0, 212.5086505127, 129.1022601318,
96,1, 176.8652850342, 106.9269854736,
96,2, 154.8670446777, 127.3528463745,
96,3, 190.5419836426, 190.8280255127,
96,4, 188.2302700806, 130.9383056641,
97,0, 249.0597409058, 141.8011547852,
97,1, 267.4281506348, 239.8426544189,
97,2, 196.9838757324, 135.3321429443,
97,3, 170.2258169556, 479.4671643066,
97,4, 200.4818698120, 107.7063464355,
98,0, 139.7278192139, 288.3005163574,
98,1, 165.7006274414, 108.5469546509,
98,2, 196.3570129395, 236.1739611816,
98,3, 161.6375878906, 243.9507763672,
98,4, 190.8576794434, 446.9712084961,
99,0, 251.5621780396, 884.2249511719,
99,1, 299.7139459229, 794.7398022461,
99,2, 179.3685595703, 95.7598101807,
99,3, 225.6332910156, 659.8333300781,
99,4, 240.5085516357, 798.7382446289,
100,0, 260.1203082275, 484.5592944336,
100,1, 218.3071435547, 73.7737525940,
100,2, 175.9576315308, 174.4255438232,
100,3, 133.8920686340, 133.2807620239,
100,4, 131.0790270996, 138.6069934082,
101,0, 216.3622576904, 196.8655230713,
101,1, 191.3605847168, 86.4557914734,
101,2, 208.7946914673, 859.1201025391,
101,3, 176.7940325928, 134.2879067993,
101,4, 176.7848245239, 392.3943872070,
102,0, 235.0952151489, 559.5676831055,
102,1, 170.7957278442, 79.4100885010,
102,2, 154.6168133545, 479.3832519531,
102,3, 152.3551037598, 49.0388969421,
102,4, 179.0140725708, 202.3898071289,
103,0, 165.1735110474, 300.2767224121,
103,1, 157.9370346069, 427.1455798340,
103,2, 173.3984147644, 142.2759768677,
103,3, 151.6229504395, 156.6421389771,
103,4, 174.9934057617, 205.0732287598,
104,0, 175.0242968750, 80.4504791260,
104,1, 176.6053320312, 971.0679077148,
104,2, 176.7858209229, 187.3449066162,
104,3, 154.4370031738, 145.9073242188,
104,4, 185.3080712891, 552.0126501465,
105,0, 159.2673855591, 57.7144186401,
105,1, 158.8573225403, 304.5728942871,
105,2, 215.8920001221, 255.4490087891,
105,3, 147.7468118286, 59.1969665527,
105,4, 154.1880995178, 456.0935180664,
106,0, 162.1327160645, 144.4447814941,
106,1, 131.3436103821, 324.6908801270,
106,2, 143.6682519531, 97.5619644165,
106,3, 142.4781744385, 161.5688696289,
106,4, 131.6616369629, 472.3164794922,
107,0, 151.6374511719, 274.4951708984,
107,1, 171.9656289673, 464.5793713379,
107,2, 196.2422241211, 108.8103701782,
107,3, 193.1431604004, 308.1506365967,
107,4, 199.4976770020, 100.0024198914,
108,0, 162.8533798218, 64.7729573059,
108,1, 226.8456262207, 629.5331542969,
108,2, 201.1471850586, 98.0134152222,
108,3, 212.8509170532, 318.8458843994,
108,4, 189.0430191040, 65.1455183411,
109,0, 132.5289541626, 348.5599627686,
109,1, 126.6039566040, 86.8313868713,
109,2, 148.6734278870, 223.5906060791,
109,3, 199.1368569946, 258.7393664551,
109,4, 193.2916897583, 244.0099261475,
110,0, 176.5382427979, 318.1222711182,
110,1, 179.9165310669, 64.9196134949,
110,2, 155.6910842896, 134.1898147583,
110,3, 151.0514117432, 86.9188476562,
110,4, 202.3935769653, 765.8485498047,
111,0, 247.7803308105, 390.3453979492,
111,1, 199.6161322021, 276.9787597656,
111,2, 188.5154959106, 179.1271862793,
111,3, 168.1854312134, 143.1017956543,
111,4, 152.7196717834, 79.1781838989,
112,0, 185.5255651855, 72.8394303894,
112,1, 147.7835720825, 177.9162554932,
112,2, 122.2901976013, 57.0182473755,
112,3, 148.5943807983, 171.0779617310,
112,4, 134.9122898865, 129.0794464111,
113,0, 159.5764691162, 141.0358990479,
113,1, 144.9404171753, 197.0494470215,
113,2, 144.2499441528, 92.8528523254,
113,3, 159.9027029419, 87.5580331421,
113,4, 139.9662457275, 82.3035472107,
114,0, 180.2011184692, 1107.2360522461,
114,1, 154.5001382446, 257.9995141602,
114,2, 158.8071533203, 178.6549600220,
114,3, 131.0295495605, 248.9185662842,
114,4, 125.4096282959, 74.9678720093,
115,0, 136.5253018188, 87.5795913696,
115,1, 166.2744058228, 145.6044802856,
115,2, 202.4474612427, 357.3031829834,
115,3, 145.1253324890, 92.8847219849,
115,4, 145.8569833374, 403.2218579102,
116,0, 167.7985684204, 151.4001388550,
116,1, 134.9247073364, 67.7980133057,
116,2, 139.3380404663, 417.6911193848,
116,3, 163.5408886719, 638.5904406738,
116,4, 226.4999548340, 380.4603564453,
117,0, 218.0678488159, 398.1095703125,
117,1, 152.8826599121, 224.9773834229,
117,2, 116.3629284668, 34.0131585693,
117,3, 113.8716224670, 95.5453701782,
117,4, 184.1953192139, 142.5671136475,
118,0, 153.9967622375, 89.0204458618,
118,1, 177.7620959473, 129.5390444946,
118,2, 146.0412417603, 758.4356445312,
118,3, 126.3591156006, 77.6540899658,
118,4, 207.7896466064, 129.1882046509,
119,0, 119.4880686951, 149.9147808838,
119,1, 98.0383374023, 51.7376060486,
119,2, 165.0685899353, 930.7849633789,
119,3, 226.8917010498, 355.7573779297,
119,4, 189.5225009155, 227.5284808350,
120,0, 144.1680204773, 288.2027716064,
120,1, 128.0917031860, 81.6332260132,
120,2, 123.5888995361, 126.5568344116,
120,3, 117.8759333801, 281.1840142822,
120,4, 132.0075654602, 193.6692968750,
121,0, 173.1557910156, 119.6619284058,
121,1, 217.4108456421, 454.7151623535,
121,2, 147.9371748352, 237.0254162598,
121,3, 131.1825482178, 242.5148468018,
121,4, 148.3647822571, 385.8039770508,
122,0, 118.2518853760, 168.2123614502,
122,1, 158.0261807251, 399.4642858887,
122,2, 130.1167982483, 94.3181051636,
122,3, 107.3375732422, 232.3988708496,
122,4, 118.9822097778, 252.5886138916,
123,0, 163.6089442444, 431.1137084961,
123,1, 134.0763798523, 579.3086157227,
123,2, 125.1033407593, 66.8096771240,
123,3, 168.5853552246, 1377.1782373047,
123,4, 175.7785427856, 316.2133825684,
124,0, 119.8680072021, 67.3332260132,
124,1, 135.2505972290, 121.1117407227,
124,2, 151.9552822876, 992.0701635742,
124,3, 113.0985160828, 272.6172766113,
124,4, 136.6060803223, 120.2089163208,
125,0, 118.8487477112, 234.4303503418,
125,1, 123.5768319702, 139.2030718994,
125,2, 120.3500500488, 55.2374018860,
125,3, 168.9479959106, 223.9685931396,
125,4, 150.1966070557, 175.3137786865,
126,0, 135.0188235474, 197.8531005859,
126,1, 96.5251055908, 168.1414599609,
126,2, 109.4788482666, 59.2873464966,
126,3, 111.3138726807, 444.9183972168,
126,4, 118.3074922180, 80.6682301331,
127,0, 126.2508026123, 226.1106231689,
127,1, 187.5841876221, 122.1972555542,
127,2, 142.2842855835, 66.9940930176,
127,3, 122.1041464233, 152.9807431030,
127,4, 121.0138793945, 76.5086926270,
128,0, 227.3276217651, 926.1003198242,
128,1, 191.7450967407, 94.8609403992,
128,2, 107.6819309998, 90.8465301514,
128,3, 96.3216001892, 28.9319157410,
128,4, 121.5898164368, 87.0329043579,
129,0, 123.6283981323, 432.2919860840,
129,1, 118.9159230042, 319.6832836914,
129,2, 136.4334791565, 398.9442395020,
129,3, 116.5485816956, 91.7844165039,
129,4, 127.8730607605, 834.9482153320,
130,0, 148.8656741333, 224.3804345703,
130,1, 151.0937788391, 286.3408148193,
130,2, 144.6371421814, 119.0085156250,
130,3, 129.7670854187, 42.0990502167,
130,4, 133.8521116638, 252.9828894043,
131,0, 89.7809319305, 116.2145999146,
131,1, 93.9210588074, 96.0218640137,
131,2, 111.4782296753, 86.2735958862,
131,3, 103.2078376770, 35.0206381226,
131,4, 167.9417253113, 174.4079547119,
132,0, 265.0265267944, 223.7219812012,
132,1, 202.3705804443, 256.0346032715,
132,2, 166.6380691528, 280.5108276367,
132,3, 123.2797351074, 85.7678140259,
132,4, 118.9685856628, 46.9844985962,
133,0, 139.6110102844, 126.3615505981,
133,1, 130.5187416077, 237.8158923340,
133,2, 204.3980342102, 355.2280847168,
133,3, 155.9135626221, 629.3705297852,
133,4, 134.6443641663, 59.3238938904,
134,0, 134.4288945007, 254.2340063477,
134,1, 146.3603733826, 102.5104702759,
134,2, 121.9772154236, 90.6824588013,
134,3, 154.6448269653, 181.7976211548,
134,4, 168.4147859192, 777.6900830078,
135,0, 117.8147683716, 70.6660049438,
135,1, 102.4086729431, 88.4572773743,
135,2, 104.8630145264, 142.1310260010,
135,3, 95.2162030029, 82.8741290283,
135,4, 93.9619915771, 194.1366790771,
136,0, 110.2492303467, 141.2064108276,
136,1, 116.3165774536, 158.5732104492,
136,2, 97.3451646423, 386.0930444336,
136,3, 110.4584626770, 476.5295898437,
136,4, 120.3945169067, 465.6295239258,
137,0, 112.0943429565, 105.4109481812,
137,1, 118.8478218079, 286.7117071533,
137,2, 103.8415979004, 346.3111791992,
137,3, 122.2013609314, 103.0899716187,
137,4, 107.5827230835, 202.2688757324,
138,0, 132.2403550720, 405.1038989258,
138,1, 132.4159561157, 416.4088623047,
138,2, 103.6709162903, 123.1372393799,
138,3, 87.2184808350, 398.4407006836,
138,4, 127.5667681885, 181.2382604980,
139,0, 121.0254425049, 886.1105078125,
139,1, 134.6737692261, 434.7525427246,
139,2, 101.0322097778, 1240.8480493164,
139,3, 123.9820735168, 483.4597900391,
139,4, 137.9494258118, 142.0307037354,
140,0, 141.4559417725, 70.6374420166,
140,1, 115.2376458740, 205.8092950439,
140,2, 128.9212075806, 827.8668505859,
140,3, 101.8296888733, 211.9107641602,
140,4, 111.4290686035, 50.9265100098,
141,0, 92.0932067871, 144.7147903442,
141,1, 104.7978562927, 371.3215234375,
141,2, 104.8609782410, 184.9880767822,
141,3, 96.2988952637, 133.9934817505,
141,4, 106.9933209229, 144.7667391968,
142,0, 98.7570956421, 135.4022259521,
142,1, 96.4537284851, 260.8595330811,
142,2, 111.4172764587, 128.7271282959,
142,3, 132.8375825500, 109.2158624268,
142,4, 98.6758586121, 193.2572814941,
143,0, 90.7884913635, 395.7666271973,
143,1, 107.3003001404, 127.2676757813,
143,2, 94.0685983276, 31.4326505280,
143,3, 113.9877775574, 237.0527899170,
143,4, 122.5356384277, 220.7390625000,
144,0, 120.5942842102, 138.2507717896,
144,1, 105.8068759155, 127.6130184937,
144,2, 104.3005578613, 132.6557424927,
144,3, 109.7225192261, 51.6751719666,
144,4, 89.7524551392, 71.5327047729,
145,0, 80.4928562927, 60.2155567932,
145,1, 105.5163366699, 100.9273204041,
145,2, 111.8366778564, 267.2030010986,
145,3, 147.7011100769, 187.1289312744,
145,4, 92.8490827942, 117.4102978516,
146,0, 82.6117483521, 45.1496006775,
146,1, 100.5411723328, 262.4675109863,
146,2, 103.6937120056, 234.4547424316,
146,3, 113.7031063843, 167.4818426514,
146,4, 122.4429559326, 263.4315911865,
147,0, 107.4010139465, 340.9307916260,
147,1, 129.0088845825, 736.6490307617,
147,2, 93.5681359863, 102.1583105469,
147,3, 103.3642417908, 63.3355653381,
147,4, 93.2021693420, 28.5854088593,
148,0, 82.2331158447, 196.3883398438,
148,1, 82.4806446838, 45.1749477386,
148,2, 100.4089033508, 144.0310528564,
148,3, 104.3405636597, 408.0917822266,
148,4, 95.2792700195, 91.0171130371,
149,0, 93.2697457886, 174.5182507324,
149,1, 94.2914175415, 87.6227593994,
149,2, 111.1642541504, 92.7549240112,
149,3, 113.8765138245, 204.9299096680,
149,4, 83.1816400146, 532.6852355957,
150,0, 105.5203140259, 83.9560697937,
150,1, 87.8825267029, 81.6697335815,
150,2, 86.2299020386, 46.0220223999,
150,3, 141.2133309937, 280.8361810303,
150,4, 132.7509561157, 642.9584130859,
151,0, 121.5484805298, 170.1748822021,
151,1, 112.7528247070, 50.5014218140,
151,2, 109.6927745056, 50.2597018433,
151,3, 123.1040191650, 430.2532556152,
151,4, 146.9205480957, 197.1158898926,
152,0, 138.3549296570, 59.6336434937,
152,1, 119.2663786316, 54.7839619446,
152,2, 68.8191658020, 31.8435639954,
152,3, 76.4559074402, 29.3824656677,
152,4, 98.8981742859, 173.8042898560,
153,0, 105.9978630066, 78.0916712952,
153,1, 92.8212718201, 845.6316943359,
153,2, 91.1861433411, 98.6062905884,
153,3, 100.9611622620, 202.8449285889,
153,4, 115.4251087952, 203.7288793945,
154,0, 119.9359254456, 154.4323278809,
154,1, 111.1445233154, 258.4882720947,
154,2, 72.0940456390, 58.2215191650,
154,3, 97.7371782684, 34.7505313110,
154,4, 86.4583764648, 93.7151208496,
155,0, 78.3280899048, 161.1113940430,
155,1, 91.9221838379, 131.0575268555,
155,2, 100.9306083679, 66.9500781250,
155,3, 86.7637654114, 94.6672799683,
155,4, 83.7727566528, 42.5470829773,
156,0, 82.6415211487, 32.8568987274,
156,1, 79.6970465088, 38.3734510040,
156,2, 94.0144848633, 175.1122027588,
156,3, 110.1158670044, 470.9203784180,
156,4, 101.7445321655, 160.3752197266,
157,0, 94.6780609131, 69.6396458435,
157,1, 92.8520277405, 89.7532089233,
157,2, 91.6796470642, 593.5822924805,
157,3, 131.3080079651, 81.5149510193,
157,4, 81.0794766235, 100.8788696289,
158,0, 76.7386428833, 23.7173390198,
158,1, 85.2370178986, 125.7346606445,
158,2, 91.1255178833, 74.8643061829,
158,3, 90.2588876343, 215.0047119141,
158,4, 81.2458988953, 150.0785653687,
159,0, 117.6229750061, 142.2591088867,
159,1, 111.5888891602, 108.2711895752,
159,2, 109.9193016052, 43.7915418243,
159,3, 85.2082049561, 42.4668463135,
159,4, 87.9805607605, 45.2376122284,
160,0, 97.6514494324, 93.3411721802,
160,1, 79.9873466492, 90.1379885864,
160,2, 126.0140321350, 285.1856250000,
160,3, 107.1742054749, 186.8013616943,
160,4, 82.8315150452, 50.5640283966,
161,0, 75.3211740112, 42.0255902863,
161,1, 79.3849418640, 72.7360484314,
161,2, 117.3319192505, 142.0321026611,
161,3, 96.7237065125, 65.9367900085,
161,4, 89.2719940186, 90.6783970642,
162,0, 78.2003234863, 507.5216564941,
162,1, 95.5228624725, 49.8229644775,
162,2, 104.6524120331, 50.4730618286,
162,3, 98.9527658081, 157.2524383545,
162,4, 82.8385813904, 335.3714392090,
163,0, 82.2102090454, 39.8391313934,
163,1, 88.5595225525, 281.0755895996,
163,2, 149.4932630920, 164.4141772461,
163,3, 141.4495466614, 165.2207901001,
163,4, 89.6853530884, 85.2348213196,
164,0, 79.2055281830, 64.9083647156,
164,1, 67.4329063416, 160.4486688232,
164,2, 57.2466281128, 31.9249742126,
164,3, 95.8975010681, 93.2545053101,
164,4, 75.2920198059, 64.1267942810,
165,0, 81.3873653412, 357.4273425293,
165,1, 90.3624076843, 120.9729629517,
165,2, 79.1342322540, 269.6768029785,
165,3, 89.4239369965, 172.7008343506,
165,4, 75.0264338684, 236.1308374023,
166,0, 62.7513807678, 40.6475402069,
166,1, 74.5331022644, 83.8812341309,
166,2, 66.9086613464, 136.7005242920,
166,3, 68.5550041199, 116.9629882813,
166,4, 69.5546102905, 222.7651196289,
167,0, 94.8700241089, 52.3912690735,
167,1, 79.6903282166, 111.4392941284,
167,2, 75.0798458099, 56.6872454834,
167,3, 85.8708537292, 99.7416195679,
167,4, 82.4727587891, 91.0262805176,
168,0, 69.4048632813, 100.0991900635,
168,1, 76.6342536926, 160.7537973022,
168,2, 82.3318182373, 548.3376367187,
168,3, 73.1303390503, 176.4870031738,
168,4, 81.2155774689, 73.9134017944,
169,0, 89.7297978210, 522.8610083008,
169,1, 72.3198841858, 90.9985078430,
169,2, 89.3819841003, 134.1907312012,
169,3, 78.7055266571, 42.2723352051,
169,4, 69.4491223907, 221.7372222900,
170,0, 68.0390040588, 114.0205224609,
170,1, 95.8821200562, 40.1834895325,
170,2, 90.8804841614, 387.4011474609,
170,3, 64.2958624268, 43.6522053528,
170,4, 78.2729648590, 71.6702137756,
171,0, 88.6382598877, 390.3223645020,
171,1, 89.7470474243, 90.8037823486,
171,2, 76.7678770447, 82.8030195618,
171,3, 76.5969052124, 234.7011846924,
171,4, 74.4446577454, 56.7888385010,
172,0, 96.1136601257, 954.9676538086,
172,1, 84.6590509033, 40.7692230225,
172,2, 74.7994277954, 94.6153335571,
172,3, 78.8191352844, 41.9506745911,
172,4, 73.2582036591, 81.9256332397,
173,0, 65.5846752167, 34.5177266693,
173,1, 81.8703295135, 243.6390179443,
173,2, 61.7422151184, 28.1897824097,
173,3, 85.0556015015, 63.6828871155,
173,4, 72.0532217407, 308.9012994385,
174,0, 72.4999769592, 71.8836276245,
174,1, 73.6083984375, 317.4557952881,
174,2, 62.7295420837, 260.1067675781,
174,3, 59.4595449066, 24.8476014709,
174,4, 92.7247235107, 437.3322912598,
175,0, 106.5469242859, 68.4094215393,
175,1, 80.2545166016, 74.3049160767,
175,2, 62.4047798920, 132.6315109253,
175,3, 73.1199108887, 159.7316638184,
175,4, 84.9533200073, 52.9816761780,
176,0, 63.9336790466, 109.9828799438,
176,1, 78.7992649841, 83.0105574036,
176,2, 81.7105261993, 74.4338508606,
176,3, 62.8304590607, 116.6969638062,
176,4, 97.5580024719, 49.8594880676,
177,0, 56.6266448212, 52.5128208923,
177,1, 55.6481307220, 28.5922831726,
177,2, 50.5520240021, 20.4923135757,
177,3, 65.2290219116, 60.0433320618,
177,4, 81.6399714661, 47.1873532104,
178,0, 74.7766825104, 178.5654241943,
178,1, 63.3316680145, 88.9702401733,
178,2, 55.6990827179, 62.7339761353,
178,3, 74.9000877380, 74.7112948608,
178,4, 71.7588519287, 159.6714135742,
179,0, 80.2780949402, 29.9217750549,
179,1, 95.7900255585, 179.8825732422,
179,2, 78.4027261353, 187.5622003174,
179,3, 75.1801280212, 31.8875195312,
179,4, 71.5527375793, 75.6752305603,
180,0, 69.3216529846, 133.5164239502,
180,1, 73.7245987701, 17.8277700424,
180,2, 64.9343789673, 70.6770289612,
180,3, 53.7965924835, 44.1065325928,
180,4, 53.7706555939, 32.1707399750,
181,0, 71.4549684143, 404.3395593262,
181,1, 97.4695805359, 84.0216860962,
181,2, 124.6740432739, 409.3837622070,
181,3, 88.9226327515, 66.3981486511,
181,4, 58.0408380127, 45.0406523895,
182,0, 53.6562964630, 38.0344384766,
182,1, 70.9349095917, 76.7073548889,
182,2, 88.4558587646, 169.6773022461,
182,3, 62.9072958374, 176.8555584717,
182,4, 59.8778034210, 15.7382679749,
183,0, 54.6311772919, 98.2900204468,
183,1, 94.9977455902, 161.2298074341,
183,2, 114.1944221497, 115.1723361206,
183,3, 94.1666891479, 166.1932766724,
183,4, 88.8645713806, 152.2047460938,
184,0, 74.1793814087, 148.4155554199,
184,1, 65.4858407593, 123.9584088135,
184,2, 56.2310041809, 55.8783644104,
184,3, 52.8087803650, 25.2393989182,
184,4, 66.2421810913, 49.8782641602,
185,0, 66.9904767609, 75.0186521912,
185,1, 60.2715659332, 21.0250590134,
185,2, 75.1016273499, 86.5391748047,
185,3, 76.4131158447, 307.3128308105,
185,4, 79.4972447205, 62.8021005249,
186,0, 63.5842168427, 31.2078478241,
186,1, 74.2521199036, 53.6790524292,
186,2, 81.0489688873, 178.2463732910,
186,3, 88.4572441101, 155.0041601563,
186,4, 63.2399333954, 18.1423944855,
187,0, 85.1826723480, 284.0040460205,
187,1, 93.2366079712, 32.6954840851,
187,2, 80.8502543640, 93.5814859009,
187,3, 81.1158548737, 95.5145947266,
187,4, 67.1384267426, 24.9376244354,
188,0, 56.1995962524, 64.7419804382,
188,1, 57.9673540497, 96.3411712646,
188,2, 67.4538629150, 129.9181677246,
188,3, 59.2987869263, 87.8936709595,
188,4, 81.7933166504, 57.5217179871,
189,0, 59.5808824158, 57.9963616943,
189,1, 67.0698062897, 170.0299945068,
189,2, 72.1285234070, 118.9541567993,
189,3, 60.6047984314, 66.5337339783,
189,4, 74.3792548370, 43.5514442444,
190,0, 55.6467848206, 33.5657527161,
190,1, 87.5693835449, 251.6001391602,
190,2, 87.1638255310, 291.5190875244,
190,3, 69.2240918732, 93.8375845337,
190,4, 58.2631973267, 29.9391696930,
191,0, 83.5738078308, 66.0704640198,
191,1, 80.1082890320, 38.0351992035,
191,2, 80.9134568787, 85.0733164978,
191,3, 101.4597470093, 302.6878326416,
191,4, 78.8873406982, 71.2010043335,
192,0, 60.0611553955, 64.7690846252,
192,1, 56.2085735321, 40.1671747589,
192,2, 62.9440747833, 40.4772043610,
192,3, 59.7040068817, 68.5858709717,
192,4, 56.9599081421, 26.5000432587,
193,0, 53.1287966919, 153.3676062012,
193,1, 63.7801692200, 81.6145489502,
193,2, 57.5497547150, 49.5946895599,
193,3, 72.0545124817, 109.5383947754,
193,4, 60.7113664246, 18.5318375015,
194,0, 62.9686718750, 181.7316937256,
194,1, 47.0747821045, 20.1816217041,
194,2, 74.9808096313, 114.8399160767,
194,3, 81.9281623840, 88.7675146484,
194,4, 61.9745664978, 116.3116162109,
195,0, 52.4201719666, 42.6693563843,
195,1, 61.7913341522, 132.2852313232,
195,2, 60.9301980591, 63.1627481079,
195,3, 47.3894544220, 143.9062680054,
195,4, 69.7340496063, 46.1791989136,
196,0, 56.8570838165, 163.8079003906,
196,1, 57.3831201935, 78.3712068176,
196,2, 57.5873384857, 79.8143753052,
196,3, 46.3747750854, 27.9766632843,
196,4, 59.4217079163, 240.5873828125,
197,0, 58.4175033569, 52.4731370544,
197,1, 50.5925164032, 78.5788528442,
197,2, 48.4935206604, 64.8063447571,
197,3, 70.7028211975, 286.6445782471,
197,4, 72.3960322571, 24.8051391220,
198,0, 91.8304208374, 28.0556864166,
198,1, 72.7159514618, 30.8812256622,
198,2, 66.7964979553, 98.4662670898,
198,3, 69.4037163544, 104.4247479248,
198,4, 42.2202385712, 125.8539428711,
199,0, 58.0693888092, 154.7816717529,
199,1, 66.2795327759, 355.8889392090,
199,2, 66.7515699768, 60.9543891907,
199,3, 59.7678002930, 33.8571031952,
199,4, 39.2055413055, 41.4271575165,
200,0, 50.6899895477, 16.6665650177,
200,1, 47.8597084045, 94.7062341309,
200,2, 56.0607580566, 271.9350219727,
200,3, 59.8785678101, 57.0486477661,
200,4, 49.0235595703, 38.4511009979,
201,0, 51.7749472809, 234.9423449707,
201,1, 73.8574277496, 90.9309518433,
201,2, 80.2098087311, 731.9102734375,
201,3, 87.0741188812, 158.4922222900,
201,4, 65.0170290375, 50.1669239807,
202,0, 57.1823258209, 114.0362390137,
202,1, 56.3758089447, 272.6749017334,
202,2, 64.3410220337, 80.2940475464,
202,3, 55.6898431396, 47.7712158966,
202,4, 56.3559597778, 72.7683607483,
203,0, 58.8786399078, 92.0760205078,
203,1, 51.5157069397, 53.5339265442,
203,2, 53.5001988983, 59.2046800232,
203,3, 65.2941519165, 180.5327130127,
203,4, 62.6354241943, 216.4774011230,
204,0, 56.7828668976, 46.0514050293,
204,1, 79.1701580811, 275.3265509033,
204,2, 72.4228330994, 123.4409109497,
204,3, 68.1932160187, 93.8586224365,
204,4, 74.9255697632, 210.2878863525,
205,0, 56.6045179749, 80.2753144836,
205,1, 51.8416065216, 57.2804942322,
205,2, 54.2461301422, 50.7252937317,
205,3, 58.8938705444, 68.6118710327,
205,4, 58.2125997162, 28.8276158142,
206,0, 52.9249641418, 134.1547750854,
206,1, 55.9692254639, 123.9369052124,
206,2, 40.8080658340, 36.9591509247,
206,3, 42.7249763489, 108.8883557129,
206,4, 65.5395218658, 47.8348248291,
207,0, 55.3240753937, 34.8693699646,
207,1, 54.3737182617, 29.0046527100,
207,2, 63.3141825104, 29.9629669952,
207,3, 49.9140686798, 17.9089915466,
207,4, 46.8731336975, 84.2798535156,
208,0, 44.1700895691, 64.3644276428,
208,1, 61.4359169769, 37.6960195923,
208,2, 56.4392230225, 28.3295259857,
208,3, 43.9904584503, 17.8386156845,
208,4, 48.8065063477, 105.0999884033,
209,0, 59.6930913544, 39.2856953430,
209,1, 51.6305977631, 148.9560787964,
209,2, 66.1652846527, 62.8165141296,
209,3, 50.4347978210, 157.5015551758,
209,4, 51.9807340240, 59.7962689209,
210,0, 43.9790216064, 21.8824491119,
210,1, 56.9819049072, 123.9728433228,
210,2, 48.7312032318, 35.6965936279,
210,3, 50.8521626282, 27.4574232483,
210,4, 45.6089887238, 96.1051770020,
211,0, 61.0630554962, 136.0979473877,
211,1, 60.4790922546, 105.4150003052,
211,2, 65.7725757599, 216.9234204102,
211,3, 64.3796662903, 123.2177709961,
211,4, 51.8673181915, 104.4025387573,
212,0, 53.0957770538, 273.5400323486,
212,1, 53.4896238708, 109.8042446899,
212,2, 50.0245034790, 130.8148751831,
212,3, 43.2129014587, 58.0362258911,
212,4, 51.2454840088, 24.5876528549,
213,0, 47.7807614899, 329.5951501465,
213,1, 49.8554726410, 57.8100944519,
213,2, 52.6257364655, 32.9186382294,
213,3, 59.3239052582, 163.7098809814,
213,4, 52.4206468964, 53.4390669250,
214,0, 59.5455560303, 50.0674176788,
214,1, 45.0636235046, 31.0180760956,
214,2, 67.3726495361, 39.4554994202,
214,3, 50.5558575439, 31.9848149109,
214,4, 47.3470613861, 289.0690466309,
215,0, 41.9452928162, 105.4468194580,
215,1, 46.2669551086, 46.3371650696,
215,2, 43.5549914551, 67.3051498413,
215,3, 48.6526786804, 52.1504608154,
215,4, 51.5082519531, 173.5101586914,
216,0, 46.6528246307, 37.0998833466,
216,1, 52.9312418365, 160.7178887939,
216,2, 49.9018302155, 16.8670868301,
216,3, 54.3868533325, 180.6724163818,
216,4, 81.5358182526, 81.3664845276,
217,0, 52.7578466034, 35.3770898437,
217,1, 52.8206811523, 233.4702514648,
217,2, 69.0878010559, 44.1037561035,
217,3, 62.5870369720, 177.1692797852,
217,4, 37.5465088272, 50.7020677185,
218,0, 57.1191311646, 34.0549618530,
218,1, 48.3546182251, 42.0413613892,
218,2, 64.5830838776, 468.3580871582,
218,3, 63.1983953094, 93.1091088867,
218,4, 44.9588408661, 56.9129408264,
219,0, 55.3910869598, 32.6747033691,
219,1, 58.4011467743, 110.1158267212,
219,2, 40.6299359894, 26.0631523895,
219,3, 48.8444905090, 44.7710587311,
219,4, 44.0300171661, 117.2287692261,
220,0, 43.0278985596, 25.4297690582,
220,1, 42.9518692780, 29.7602937317,
220,2, 54.8341171265, 47.5175361633,
220,3, 35.4167575455, 134.2268008423,
220,4, 79.8887653351, 198.3738653564,
221,0, 41.4083133698, 65.5780177307,
221,1, 47.8642347717, 20.3537904358,
221,2, 45.9920308685, 50.3051805115,
221,3, 61.6905989838, 54.4390910339,
221,4, 59.6799797821, 531.8039489746,
222,0, 57.5900709534, 109.9174224854,
222,1, 51.4943105316, 75.6665792847,
222,2, 40.2537767029, 25.3201253510,
222,3, 36.6496999359, 100.3756408691,
222,4, 45.8535430145, 125.7754034424,
223,0, 59.0013263702, 91.1709095764,
223,1, 58.6503864288, 77.0753553772,
223,2, 75.8808774567, 83.3746310425,
223,3, 56.9706777954, 72.8066482544,
223,4, 53.9727543640, 119.2053558350,
224,0, 59.6145432281, 59.7018354797,
224,1, 47.0312332916, 49.1466305542,
224,2, 43.2714723206, 72.2336831665,
224,3, 39.4683884430, 18.8371780014,
224,4, 44.1280025864, 11.6318112564,
225,0, 39.8269329071, 97.2495288086,
225,1, 56.2029344177, 168.9394683838,
225,2, 62.1320649719, 429.2415942383,
225,3, 59.7818896484, 20.9588695526,
225,4, 60.6260668945, 26.0227448654,
226,0, 39.7083109665, 33.5731391144,
226,1, 39.1875960159, 49.4774469757,
226,2, 34.1872217178, 24.9062698364,
226,3, 32.2215860748, 23.6700739288,
226,4, 49.4172244263, 38.3920649719,
227,0, 61.2312328339, 235.8152600098,
227,1, 55.4635147095, 29.8038837433,
227,2, 43.0609014893, 16.4293391037,
227,3, 38.6463743591, 46.6033651733,
227,4, 53.8428208160, 35.3518158722,
228,0, 43.1986180878, 35.8566002655,
228,1, 52.5934246063, 96.6258343506,
228,2, 44.4296907806, 17.0822039413,
228,3, 40.7244501495, 101.9920959473,
228,4, 45.2341353607, 28.1147871017,
229,0, 42.7399388885, 76.5889559937,
229,1, 51.9040727234, 88.6323217773,
229,2, 57.4409418488, 84.2557037354,
229,3, 38.8799089813, 11.3198964119,
229,4, 39.0921055222, 58.1444709778,
230,0, 45.5946195221, 24.8389347839,
230,1, 49.4101864624, 88.4874014282,
230,2, 44.0577201843, 32.4393035126,
230,3, 45.9248252869, 16.8079966354,
230,4, 37.2077535248, 18.4730649185,
231,0, 44.0605752945, 134.7927243042,
231,1, 49.8082627869, 97.1522622681,
231,2, 52.1344304657, 25.9255051422,
231,3, 49.1221074677, 108.9677514648,
231,4, 72.3300488281, 85.5791539001,
232,0, 44.2131562805, 27.7289965820,
232,1, 32.3870162201, 79.5013113403,
232,2, 33.0986492920, 28.3921906281,
232,3, 57.7983490753, 230.2811810303,
232,4, 48.8773319244, 65.6285379028,
233,0, 50.9906573486, 128.8368524170,
233,1, 45.6884940338, 153.4420700073,
233,2, 53.9248768616, 24.4879212952,
233,3, 46.8678094482, 136.6191299438,
233,4, 34.9623217010, 60.6868515015,
234,0, 43.7796847534, 61.5443627930,
234,1, 39.9027967834, 103.0877337646,
234,2, 57.2484516907, 619.8264575195,
234,3, 53.4406390381, 81.6579211426,
234,4, 31.6571582794, 32.7799800110,
235,0, 26.2121653366, 13.1214666367,
235,1, 42.7675479507, 109.8367126465,
235,2, 35.6915718079, 366.4872985840,
235,3, 61.0441761017, 59.9699412537,
235,4, 37.9674552155, 12.8108206177,
236,0, 37.4711676788, 112.3868365479,
236,1, 46.2528142548, 28.8807174683,
236,2, 40.0802687836, 54.3089112854,
236,3, 40.5192433167, 37.0015878296,
236,4, 34.4733436584, 65.5388194275,
237,0, 37.8630794525, 138.0421621704,
237,1, 45.2383200073, 33.9013246918,
237,2, 38.6491660309, 54.9446138000,
237,3, 36.0616741943, 107.8889593506,
237,4, 36.0655693817, 29.6897108459,
238,0, 34.1110118866, 98.8393121338,
238,1, 35.6914604950, 18.4238740540,
238,2, 38.9028186798, 65.0289279175,
238,3, 44.5671553802, 20.7463063812,
238,4, 39.0481012726, 36.2341069794,
239,0, 45.8079603577, 27.7306566620,
239,1, 50.4312055206, 30.2107662964,
239,2, 42.8628965759, 41.7326922607,
239,3, 59.5232261658, 84.9474594116,
239,4, 40.8476953506, 39.8337233734,
240,0, 41.5586825562, 37.6235578918,
240,1, 39.2414455795, 12.1488768768,
240,2, 39.0756014252, 81.2053804016,
240,3, 34.0331775665, 35.1454281616,
240,4, 36.2411874390, 53.2821740723,
241,0, 46.3223175812, 235.7351293945,
241,1, 37.2919228363, 25.8775868225,
241,2, 39.8453211212, 68.7342286682,
241,3, 45.2335500717, 29.6559441376,
241,4, 49.0917987061, 226.7399322510,
242,0, 39.8309037781, 83.3539399719,
242,1, 34.5534355927, 11.8935348129,
242,2, 36.6859134674, 15.0051133347,
242,3, 28.7993535233, 134.3545654297,
242,4, 37.6782487106, 48.8750265503,
243,0, 26.5380028915, 50.8492024231,
243,1, 37.5949343491, 31.2485943604,
243,2, 39.8694986725, 114.2221258545,
243,3, 50.1050876617, 84.5729821777,
243,4, 40.4673537445, 28.6739804840,
244,0, 29.3267050171, 37.5503223419,
244,1, 28.7006065369, 41.7204203796,
244,2, 32.8459828949, 37.4727531433,
244,3, 42.3617622375, 153.7249459839,
244,4, 48.5721807098, 56.9817680359,
245,0, 40.1931036377, 19.8820719528,
245,1, 34.0936212921, 134.4892715454,
245,2, 32.4791555786, 16.0371446609,
245,3, 45.0783892059, 383.0757507324,
245,4, 42.1503230286, 94.7548550415,
246,0, 42.9606645203, 66.5971009827,
246,1, 30.1640019989, 11.2703079605,
246,2, 34.0344883728, 19.9811090851,
246,3, 35.0816769409, 63.3290908813,
246,4, 46.1347760773, 121.4506970215,
247,0, 43.8698501587, 46.4562352753,
247,1, 38.8433113098, 15.0708629608,
247,2, 28.4480549622, 17.6036168671,
247,3, 41.3690651703, 92.0325421143,
247,4, 45.3590988159, 31.7063140106,
248,0, 42.0279768372, 52.5346456909,
248,1, 40.6314763641, 35.3160546875,
248,2, 37.6510822296, 26.2469287872,
248,3, 41.5364815903, 47.4210516357,
248,4, 52.9393724060, 103.6570178223,
249,0, 35.9423971558, 34.2089011383,
249,1, 36.7756817627, 97.8601998901,
249,2, 31.4677596664, 28.9417739105,
249,3, 32.5863961029, 137.0644171143,
249,4, 33.2183986664, 12.6004137802,
250,0, 28.5778485489, 10.8966271210,
250,1, 27.0707892609, 19.6394505310,
250,2, 29.2079361725, 42.5048707581,
250,3, 39.4344746399, 34.5898116302,
250,4, 38.3083510590, 28.6834545898,
251,0, 35.6236915588, 29.8978981018,
251,1, 34.2583251953, 52.8926496887,
251,2, 33.1187707901, 20.6796536636,
251,3, 37.5010916519, 259.1298516846,
251,4, 34.6842677689, 126.3406005859,
252,0, 42.1131811905, 46.6516055298,
252,1, 50.2098129272, 75.3827749634,
252,2, 38.1688664246, 127.7418542480,
252,3, 31.8688467789, 131.7806802368,
252,4, 28.6389305878, 16.5877489853,
253,0, 27.9464824677, 12.0484043694,
253,1, 35.6177722549, 59.6667393494,
253,2, 50.5748729706, 49.7972563171,
253,3, 39.4811854553, 17.5313470840,
253,4, 41.7955271149, 100.9578140259,
254,0, 39.2704724121, 19.4401447678,
254,1, 28.1797357559, 14.8342897797,
254,2, 27.3856477356, 21.8948447800,
254,3, 28.8964331436, 58.9448641968,
254,4, 26.2863570404, 16.2756975555,
255,0, 39.8927034760, 249.4829357910,
255,1, 38.3970859909, 47.4671990967,
255,2, 35.3622510529, 55.5898966980,
255,3, 43.0441093445, 16.9798955917,
255,4, 26.4804238510, 20.3651884842,
256,0, 30.1911622238, 18.6202050400,
256,1, 37.6090525055, 10.8076922035,
256,2, 37.4987194061, 171.2943865967,
256,3, 34.4284653473, 9.9695703506,
256,4, 33.2008361816, 92.6889096069,
257,0, 30.2063297272, 13.0644221497,
257,1, 39.9861166763, 31.8939630890,
257,2, 31.9449869919, 20.1200820160,
257,3, 35.1024831009, 42.2244932556,
257,4, 29.2125548553, 9.9999056053,
258,0, 28.6726084518, 28.5558440399,
258,1, 34.9195695114, 19.2827914047,
258,2, 34.5377190781, 17.4860028076,
258,3, 30.2705427170, 8.8807491112,
258,4, 31.2995582962, 73.5810766602,
259,0, 33.0449758530, 43.9194668579,
259,1, 28.8284218597, 13.4285171127,
259,2, 37.1524099731, 12.3460204697,
259,3, 28.2092214966, 31.2996115875,
259,4, 30.8594809723, 29.1589955139,
260,0, 31.4703116226, 72.6845051575,
260,1, 29.2843327332, 49.2466362000,
260,2, 35.2927933502, 180.2735888672,
260,3, 29.1222436523, 21.4233396149,
260,4, 29.0205603027, 22.9622900009,
261,0, 34.6761388397, 26.1987820053,
261,1, 34.1394679642, 29.6825315094,
261,2, 27.8357102585, 26.1900173187,
261,3, 40.2126817703, 76.8959323120,
261,4, 41.3846763229, 16.1134629059,
262,0, 32.9615091705, 27.3766683197,
262,1, 39.3300514221, 17.7980206299,
262,2, 36.4994985962, 193.6616613770,
262,3, 27.8061915588, 21.9815396881,
262,4, 32.2916025543, 40.6205028534,
263,0, 32.5549131012, 134.6519403076,
263,1, 31.3168736267, 114.8417376709,
263,2, 29.6306735992, 58.8623440552,
263,3, 27.3491502380, 13.0836710358,
263,4, 34.4503056717, 15.4860402298,
264,0, 29.8062425232, 15.3243754196,
264,1, 22.7167507553, 56.9579020691,
264,2, 22.0447191238, 15.2179375076,
264,3, 23.1411528015, 10.4034601021,
264,4, 28.0612689590, 33.4136460876,
265,0, 33.9541366196, 40.1321628571,
265,1, 25.0959701157, 59.6318679810,
265,2, 27.9712494278, 44.0589485168,
265,3, 38.5417195892, 33.0247668457,
265,4, 30.0250133896, 76.9221934509,
266,0, 29.3270284271, 40.9869695282,
266,1, 27.2144775772, 81.4551528931,
266,2, 36.3336823273, 20.1292047882,
266,3, 32.7008232117, 15.0191726303,
266,4, 27.3823146057, 78.3908767700,
267,0, 34.6343833542, 12.7472671318,
267,1, 29.3944902802, 10.8141047096,
267,2, 24.7615376663, 40.3440994263,
267,3, 23.4866559219, 24.6187812805,
267,4, 31.9538891602, 127.6325347900,
268,0, 33.3186520386, 21.6883688736,
268,1, 34.1737919998, 49.1799874878,
268,2, 38.3936487579, 40.4256903076,
268,3, 32.6811997223, 28.2868624878,
268,4, 31.5910336304, 13.3268528748,
269,0, 36.4892071152, 23.8994899368,
269,1, 40.4429358292, 20.3073189545,
269,2, 25.7859912491, 36.6943022919,
269,3, 37.5767820358, 47.7127687073,
269,4, 36.2832105255, 17.6372499847,
270,0, 30.3828332901, 23.4057073975,
270,1, 29.9939715576, 214.2159161377,
270,2, 32.2386244965, 21.0827334976,
270,3, 28.0821417999, 15.8280960846,
270,4, 26.6949114990, 78.2079486084,
271,0, 26.8820448685, 59.3246702576,
271,1, 35.0685736084, 213.9487628174,
271,2, 33.7381703186, 40.5315545654,
271,3, 25.3584765244, 15.3491082382,
271,4, 31.5155816650, 39.9694198608,
272,0, 40.6861510468, 17.1422375107,
272,1, 28.8941205597, 45.2098017120,
272,2, 29.5995393372, 38.5334001923,
272,3, 28.5691723251, 13.4259974670,
272,4, 23.1580862427, 10.2528443336,
273,0, 34.4205345917, 45.4384193420,
273,1, 48.1454180908, 33.1825288391,
273,2, 34.4865140152, 12.6774094391,
273,3, 30.2517928314, 18.3722917938,
273,4, 27.9184375763, 25.6212255478,
274,0, 21.4160675812, 25.5482775116,
274,1, 28.6473589325, 56.3334300232,
274,2, 28.9745642090, 41.0874005890,
274,3, 41.8320152283, 25.2556325531,
274,4, 46.8713345337, 221.6093444824,
275,0, 26.7506066132, 53.2416532898,
275,1, 27.0677185822, 33.7839171600,
275,2, 31.8593666458, 40.0379965210,
275,3, 35.5591275406, 24.8744109344,
275,4, 29.8849514771, 21.5311483383,
276,0, 26.5078030777, 41.0302805328,
276,1, 30.9832418442, 24.0212080383,
276,2, 33.4537677002, 17.7634115219,
276,3, 27.2386043549, 10.0433951187,
276,4, 26.3962275314, 17.6158300018,
277,0, 29.8138303757, 29.6335527802,
277,1, 31.5643977356, 13.3429832840,
277,2, 30.1750223541, 16.0273986816,
277,3, 31.4327729034, 12.1895688057,
277,4, 30.8161358643, 40.1016127777,
278,0, 24.5088205338, 23.5984313965,
278,1, 22.9163372803, 11.3355815125,
278,2, 31.1668438721, 65.3615698242,
278,3, 25.7038490677, 11.9259796524,
278,4, 25.1802949905, 12.9390513802,
279,0, 28.4964104080, 78.4106797791,
279,1, 31.0817893219, 107.1107327271,
279,2, 26.2922466278, 38.4495436096,
279,3, 25.2054634476, 22.4071694183,
279,4, 26.9619339752, 138.3855972290,
280,0, 30.8446697235, 6.2232135963,
280,1, 34.4613066864, 67.0938336182,
280,2, 31.3732497025, 21.8917380524,
280,3, 34.9688276672, 13.9557674026,
280,4, 24.8027416611, 56.1960037231,
281,0, 25.8680732727, 10.9933385849,
281,1, 32.2183951187, 26.7038198090,
281,2, 25.1232097626, 122.0238430786,
281,3, 21.7497549820, 20.8085979462,
281,4, 22.2713899231, 11.2757456398,
282,0, 30.9929936600, 42.9033654785,
282,1, 21.9496294785, 41.2181262970,
282,2, 28.8082978058, 22.0477758026,
282,3, 21.9945280838, 40.6022212219,
282,4, 22.7579278946, 50.9048120117,
283,0, 25.2108778763, 51.1056439209,
283,1, 23.4442953110, 11.2536292267,
283,2, 24.5710099411, 74.6296173096,
283,3, 28.8506956100, 31.7630254364,
283,4, 28.5933137512, 28.2091862488,
284,0, 27.1868920135, 20.1116893005,
284,1, 23.9071168900, 15.5593587494,
284,2, 24.6993494797, 16.9790099716,
284,3, 32.9218733978, 38.7651136780,
284,4, 32.7227228928, 337.0751916504,
285,0, 21.4953930283, 16.4662516022,
285,1, 19.8901609039, 19.0056444931,
285,2, 21.7531024170, 17.1777344513,
285,3, 26.4463111496, 13.6141831207,
285,4, 22.9693341446, 40.1075008392,
286,0, 39.6023934555, 42.4620944214,
286,1, 36.6458551788, 18.5212468719,
286,2, 25.1005163956, 17.6573831558,
286,3, 24.3336042404, 14.3493291855,
286,4, 21.3334250641, 23.3346646881,
287,0, 23.0524944305, 10.0549165916,
287,1, 24.0279838181, 14.6491260910,
287,2, 33.4758289337, 27.8062498474,
287,3, 25.1662509537, 160.2860913086,
287,4, 27.1886155701, 25.9671392441,
288,0, 26.3664809799, 32.5743871307,
288,1, 21.9451461411, 10.2171696854,
288,2, 27.8426263046, 28.3983219147,
288,3, 24.6121490097, 25.6383459473,
288,4, 41.1464929581, 225.7183758545,
289,0, 22.8234082031, 31.2241344452,
289,1, 23.2151750946, 14.1162035751,
289,2, 35.4523006439, 131.2992706299,
289,3, 34.1736268997, 49.6757278442,
289,4, 22.1275593567, 12.6091024971,
290,0, 21.7378576660, 29.7691716385,
290,1, 36.9762275696, 27.4531443787,
290,2, 30.9971829605, 40.5044651794,
290,3, 31.8411381912, 80.0049127197,
290,4, 28.3764478683, 14.3097022629,
291,0, 22.4830891037, 12.7371694565,
291,1, 17.5760941696, 16.1012757111,
291,2, 29.7726312256, 155.5993447876,
291,3, 35.4320384216, 13.8284867859,
291,4, 28.6242110825, 45.9021647644,
292,0, 31.3403485489, 245.6101501465,
292,1, 26.4802502060, 220.3502001953,
292,2, 22.9178716278, 17.6897650909,
292,3, 23.0516388321, 24.4672380829,
292,4, 23.6608253479, 16.8452867508,
293,0, 23.5031269073, 13.6734656334,
293,1, 21.4846536446, 13.5307203674,
293,2, 19.0262974548, 9.5417500877,
293,3, 22.3913726044, 23.4427421188,
293,4, 26.1245814133, 18.0327608109,
294,0, 37.3806924820, 57.2331680298,
294,1, 34.6638481522, 16.2397623444,
294,2, 22.2536714554, 10.1714023209,
294,3, 32.6458243942, 145.1230661011,
294,4, 27.3089780807, 26.0454759598,
295,0, 29.0340821838, 18.4898698044,
295,1, 27.9287103271, 21.0034894562,
295,2, 28.4528356934, 8.8397434616,
295,3, 24.4882660675, 38.8342441559,
295,4, 22.2930224991, 21.8557054901,
296,0, 19.1285744858, 49.4016430664,
296,1, 23.3405786133, 30.3450634766,
296,2, 21.0164427185, 22.0855357361,
296,3, 28.4633162308, 25.5139673615,
296,4, 25.4087265015, 26.0882361603,
297,0, 37.1264273071, 22.7547549438,
297,1, 21.5052343369, 12.0781406593,
297,2, 22.7868191147, 24.0455395508,
297,3, 24.1641811752, 14.6200294495,
297,4, 22.0755088806, 14.0614744949,
298,0, 25.3732705307, 19.3103235245,
298,1, 28.8413653564, 13.4376334763,
298,2, 26.4731554413, 28.5059383392,
298,3, 33.3485833740, 39.9982341003,
298,4, 26.5939584351, 55.7630805969,
299,0, 29.9101639175, 66.7056797791,
299,1, 25.4866630173, 16.8716799164,
299,2, 20.0222863007, 26.6109017181,
299,3, 25.5374901199, 14.3693086243,
299,4, 23.8755661011, 34.3943933105,
300,0, 25.1863494110, 69.8307089233,
300,1, 29.1155403519, 13.7586668587,
300,2, 20.9345722961, 7.7974832916,
300,3, 23.7574872971, 18.4255452728,
300,4, 25.8189193344, 20.3926423645,
301,0, 22.3362586975, 53.2585977173,
301,1, 31.1879811096, 47.6980611420,
301,2, 24.0156383514, 17.3524406815,
301,3, 21.5664793396, 47.5768299866,
301,4, 21.7346526337, 8.2184837532,
302,0, 24.9637244797, 33.7720187378,
302,1, 20.5779479980, 13.1446098709,
302,2, 26.7744552231, 38.2741425323,
302,3, 20.8570746613, 15.2198585320,
302,4, 26.0116725922, 47.0759049988,
303,0, 33.7975583649, 42.6638705444,
303,1, 32.4427968216, 19.3843737793,
303,2, 25.1110039902, 13.8096991730,
303,3, 22.0804959106, 100.0906698608,
303,4, 27.2123994446, 37.7509362030,
304,0, 19.9969252777, 31.7236257935,
304,1, 18.3233246231, 65.5711184692,
304,2, 23.1739632034, 21.0116531372,
304,3, 27.0064629364, 17.6191884232,
304,4, 27.1550394058, 8.9789399147,
305,0, 21.5182108307, 49.5246565247,
305,1, 33.0148794174, 166.6081298828,
305,2, 28.1774656677, 23.5593166733,
305,3, 27.8867845154, 13.5001316071,
305,4, 28.0711387634, 31.7009185791,
306,0, 20.4015061760, 5.9771137428,
306,1, 27.8846328354, 11.6103454781,
306,2, 26.7090417862, 15.8708860779,
306,3, 19.8575165939, 13.1320537186,
306,4, 18.4418205452, 14.7960026550,
307,0, 17.7249923706, 43.8139192200,
307,1, 22.8728517151, 29.9425246429,
307,2, 25.2454936218, 13.4516075134,
307,3, 29.3978999710, 45.4696322632,
307,4, 27.4547452164, 40.6463365173,
308,0, 16.9973226166, 12.8394346619,
308,1, 25.3434638977, 152.0172628784,
308,2, 26.9843159866, 45.2113677979,
308,3, 28.3192129898, 28.3192521667,
308,4, 21.7289527130, 18.3483953476,
309,0, 18.6944589615, 27.3542613220,
309,1, 24.2674460983, 21.0099726105,
309,2, 19.7704907990, 5.8810361099,
309,3, 17.9925971222, 12.4899717903,
309,4, 33.2674031067, 29.8482520294,
310,0, 36.5923357773, 12.9499481773,
310,1, 31.0308701706, 46.3170089722,
310,2, 23.1572111130, 8.1148322487,
310,3, 38.7611858749, 20.5261724091,
310,4, 25.2784735489, 26.6480195618,
311,0, 23.3785187912, 12.8921919632,
311,1, 21.0693124390, 41.3720391846,
311,2, 31.1987017441, 30.4632364655,
311,3, 18.9580187988, 7.9626325417,
311,4, 25.8114732361, 19.7335303497,
312,0, 20.6918814468, 20.7031075668,
312,1, 19.0088601303, 9.4164046669,
312,2, 22.3738768768, 186.0274261475,
312,3, 27.8347724152, 28.2266764832,
312,4, 22.4110633469, 25.9238359070,
313,0, 16.7390440559, 40.5969291687,
313,1, 22.8498162460, 68.7814797974,
313,2, 25.1691420746, 51.5579730225,
313,3, 19.9162096024, 34.6733820343,
313,4, 24.7072579575, 40.3798580933,
314,0, 17.8754994583, 13.3784766579,
314,1, 16.7943207741, 5.2149972916,
314,2, 20.3551314545, 11.0747209549,
314,3, 22.0861772919, 16.8361717224,
314,4, 22.2395410156, 16.1631134796,
315,0, 19.1528716278, 12.0515427399,
315,1, 25.7771348190, 59.9954687500,
315,2, 23.3675481796, 35.0189840698,
315,3, 21.2830133820, 19.0206747055,
315,4, 27.0533600998, 75.6323748779,
316,0, 24.7971773529, 23.7306945038,
316,1, 17.9489830017, 30.3611403656,
316,2, 20.2702750778, 28.3393137360,
316,3, 19.7285254288, 14.9374546432,
316,4, 14.6032407379, 20.5967026520,
317,0, 19.2309447098, 15.2950652313,
317,1, 18.8063644409, 30.0454949951,
317,2, 18.0038258743, 6.4151592445,
317,3, 21.5188021469, 78.0344219971,
317,4, 17.9913703918, 14.1685945511,
318,0, 19.6866669083, 11.6723677826,
318,1, 21.0324894333, 13.5317488861,
318,2, 18.6420658875, 9.3807802391,
318,3, 23.6973205566, 12.8962527084,
318,4, 24.7879743195, 58.8469165039,
319,0, 18.4720975876, 39.5658821106,
319,1, 19.2144007111, 21.6490264511,
319,2, 21.5592131042, 6.7029740143,
319,3, 20.7319695282, 58.8123339844,
319,4, 20.2081143570, 93.5390466309,
320,0, 18.7226071358, 8.1299331093,
320,1, 18.7342908478, 57.9492538452,
320,2, 22.6740387726, 24.6143366241,
320,3, 27.6427386475, 57.6903158569,
320,4, 22.2577433014, 24.2164688873,
321,0, 20.4207108307, 19.6068580246,
321,1, 18.1327820587, 13.5498115540,
321,2, 19.5606865692, 44.8392539978,
321,3, 25.4171945190, 19.4898426437,
321,4, 22.1005920029, 69.1858352661,
322,0, 26.3579771042, 49.2829011536,
322,1, 16.8845837593, 17.8411746979,
322,2, 19.8493025208, 22.2599536896,
322,3, 18.7233861160, 23.8592354584,
322,4, 22.7882629776, 23.5204754639,
323,0, 24.8346488571, 11.3992538452,
323,1, 17.5339167404, 6.2620337105,
323,2, 21.0305189133, 13.1917642975,
323,3, 19.8842352676, 13.0510259628,
323,4, 14.4803417206, 12.8069211960,
324,0, 15.0516205978, 64.4047796631,
324,1, 18.5484912491, 16.9689519882,
324,2, 17.3697384453, 90.6386801147,
324,3, 24.8484799576, 69.3891201782,
324,4, 15.7222258377, 9.6354613876,
325,0, 20.9606930161, 20.2884602356,
325,1, 23.9442496872, 32.2857681274,
325,2, 24.2119289780, 19.6731829834,
325,3, 19.8590084076, 9.7914230728,
325,4, 24.2432749557, 7.8745990372,
326,0, 21.0495230865, 11.6504050064,
326,1, 15.9915453339, 7.8826569557,
326,2, 17.9026148987, 14.3409156418,
326,3, 15.7055055809, 14.1978227234,
326,4, 20.0076484299, 11.7647845459,
327,0, 22.0579247284, 33.9669302368,
327,1, 27.8454876328, 21.4902114105,
327,2, 22.7372771454, 43.7439620972,
327,3, 30.5487956619, 52.0698764038,
327,4, 21.0359891129, 10.4796103287,
328,0, 15.4067182922, 12.7597088623,
328,1, 16.9750100708, 22.7635782623,
328,2, 16.4844843674, 15.6416445160,
328,3, 28.9453874207, 103.9931973267,
328,4, 22.8404711151, 8.2410407448,
329,0, 20.6914033508, 15.7453065872,
329,1, 20.6873241043, 9.9976775551,
329,2, 21.0998502731, 9.3361585236,
329,3, 21.3850994110, 23.6546497345,
329,4, 21.1081925201, 11.0009152031,
330,0, 20.9202788353, 19.6438758850,
330,1, 14.1257184029, 17.5586099243,
330,2, 20.6343654633, 18.5700067139,
330,3, 20.9786694717, 7.7425387955,
330,4, 22.8960394669, 11.2559715462,
331,0, 22.6732924652, 13.6462305832,
331,1, 20.7186198807, 36.2824113464,
331,2, 16.5209702301, 5.8708377266,
331,3, 25.6672141266, 114.1877911377,
331,4, 20.3529887772, 6.0870903015,
332,0, 20.0730138779, 29.4467082214,
332,1, 21.3479015732, 39.0875921631,
332,2, 20.9504233551, 121.4611608887,
332,3, 28.7348604965, 40.5258308411,
332,4, 24.6277870178, 26.1675669098,
333,0, 26.5531160355, 42.2323324585,
333,1, 17.7257265663, 42.4218920898,
333,2, 18.3913620949, 268.6778234863,
333,3, 19.0590245056, 17.1621068192,
333,4, 18.2839949417, 13.0101123810,
334,0, 35.2796284294, 18.7245317841,
334,1, 16.4657248688, 17.6531336212,
334,2, 18.5725380325, 15.3697061539,
334,3, 15.8529307556, 39.2606036377,
334,4, 17.3657077408, 4.4385419655,
335,0, 17.6695525742, 8.5273049355,
335,1, 21.3735668564, 15.0382268524,
335,2, 20.6583961105, 7.5024141121,
335,3, 25.0861034203, 12.0530160522,
335,4, 34.9947571182, 10.2321330261,
336,0, 18.8288955688, 84.6948812866,
336,1, 19.9882218933, 94.8195864868,
336,2, 18.1010996246, 7.4319239235,
336,3, 18.1564885712, 25.2063535309,
336,4, 21.1195657730, 62.9146588135,
337,0, 19.5869004059, 5.3012191772,
337,1, 17.1134390640, 10.8511821365,
337,2, 15.4140800285, 14.6311816788,
337,3, 15.7207555389, 10.1692190742,
337,4, 17.4159838867, 31.6226522064,
338,0, 17.7804268265, 71.2470381165,
338,1, 21.0219547272, 32.0328333282,
338,2, 18.8749028397, 22.6194015121,
338,3, 19.6200761032, 38.2373039246,
338,4, 24.2551903534, 10.2073876190,
339,0, 19.8644980621, 57.6823796082,
339,1, 18.0463779640, 16.0408246231,
339,2, 15.5892569923, 7.2521577072,
339,3, 18.7758250999, 37.3229119110,
339,4, 18.7530679703, 23.8097801208,
340,0, 15.3942571640, 10.3517058182,
340,1, 16.9829353142, 7.7149060345,
340,2, 23.8265804672, 30.6630924988,
340,3, 25.2921331406, 16.7379052353,
340,4, 29.7213322067, 15.0631067276,
341,0, 22.0967145157, 38.5689954376,
341,1, 30.5052333450, 16.9121800995,
341,2, 19.8487142563, 43.2866430664,
341,3, 17.4297412300, 11.0067929649,
341,4, 23.0453005981, 27.7002117157,
342,0, 24.0328357315, 6.4444403076,
342,1, 14.9681986046, 10.3977797318,
342,2, 17.0615694046, 13.1250286865,
342,3, 17.0836364174, 13.0467642975,
342,4, 16.1837354469, 21.8691791534,
343,0, 18.6758389664, 57.2555609131,
343,1, 17.3015178108, 13.7006742477,
343,2, 19.5964829063, 33.4789768982,
343,3, 18.4485238838, 13.8978538132,
343,4, 19.0165440559, 10.2444118881,
344,0, 22.8892223740, 18.9901914978,
344,1, 19.8746630478, 18.5461172485,
344,2, 15.7655558968, 39.2898796082,
344,3, 22.0197989655, 28.0236172485,
344,4, 19.0731882095, 195.3793878174,
345,0, 22.3007913971, 14.6860091400,
345,1, 21.7867952347, 8.9441496849,
345,2, 16.3270983505, 8.6475322151,
345,3, 15.2369836617, 56.2251959229,
345,4, 14.8989151764, 13.9907056999,
346,0, 19.2330852318, 28.6720638275,
346,1, 14.2460070229, 11.8609812927,
346,2, 15.8691842461, 21.9288301849,
346,3, 15.8394285202, 9.0162133217,
346,4, 20.8528645706, 8.8829178429,
347,0, 16.0858362579, 14.1746236801,
347,1, 19.8576578140, 7.8768144798,
347,2, 17.2665809059, 51.7632737732,
347,3, 25.8917139053, 7.2681221771,
347,4, 17.5438599014, 10.8714071655,
348,0, 21.5452680206, 22.2771869659,
348,1, 15.6054842377, 15.5527531815,
348,2, 15.5296370316, 20.7533832169,
348,3, 19.3929910088, 25.6417486572,
348,4, 20.4549399948, 5.1139613628,
349,0, 16.4093664169, 12.2766164780,
349,1, 15.6676173019, 14.2908774185,
349,2, 17.8446034241, 7.0071958160,
349,3, 20.5528352737, 22.4114517212,
349,4, 15.9061004448, 18.8178432083,
350,0, 18.3764478302, 10.1313285446,
350,1, 18.7229372787, 7.2886913109,
350,2, 26.5736874771, 28.2202336884,
350,3, 18.6629085922, 11.1447697830,
350,4, 14.8283290672, 9.2428880882,
351,0, 13.5376042938, 47.3985453796,
351,1, 14.0610567474, 12.1029769897,
351,2, 15.9679765701, 9.3352344131,
351,3, 23.2044884491, 48.6065370178,
351,4, 19.2850890350, 6.4308956528,
352,0, 18.3309978104, 22.8650457001,
352,1, 16.1730913734, 15.4466901398,
352,2, 16.7506928062, 7.8007678986,
352,3, 14.4407704163, 19.3810286713,
352,4, 14.8266945648, 16.5820705795,
353,0, 20.2157867050, 19.7191158676,
353,1, 21.1869153214, 14.4091847229,
353,2, 20.7956496429, 55.1835888672,
353,3, 17.2250589371, 19.8624080276,
353,4, 17.9130998230, 12.1129781342,
354,0, 15.6230263901, 13.6778269958,
354,1, 14.2358187103, 17.2264228821,
354,2, 12.2966390419, 26.1797106934,
354,3, 19.6757975388, 12.2932497978,
354,4, 16.2033912659, 20.8135162354,
355,0, 19.8492106628, 33.8060494995,
355,1, 17.2349682426, 32.5377117920,
355,2, 17.3034138489, 18.3869375992,
355,3, 18.7610333252, 8.6783541298,
355,4, 15.7204519272, 12.3207826996,
356,0, 16.8963512611, 12.1613461685,
356,1, 14.3280287933, 13.4014466476,
356,2, 13.5405632782, 12.7565949249,
356,3, 17.4125586319, 15.3245477295,
356,4, 21.8960413551, 22.5033582687,
357,0, 17.2272209167, 18.2267267609,
357,1, 15.1864597893, 11.4710621643,
357,2, 18.0096622849, 84.7990390015,
357,3, 16.7999922562, 5.3161725807,
357,4, 14.5659957504, 13.2679574585,
358,0, 21.2520821381, 21.2254413605,
358,1, 19.1471584129, 6.4432873344,
358,2, 12.5494631004, 7.2384888458,
358,3, 11.1267857361, 50.4697492981,
358,4, 14.3038651848, 18.2389438248,
359,0, 12.0231529427, 35.2035697174,
359,1, 18.0474432755, 7.6794445229,
359,2, 25.2547426033, 25.1927578735,
359,3, 14.1188399506, 5.1248531055,
359,4, 20.5835521317, 72.6286892700,
360,0, 18.5194628525, 14.3984985352,
360,1, 15.2446852112, 8.2496601105,
360,2, 17.3667230606, 15.9926029968,
360,3, 19.2772288132, 18.3700859070,
360,4, 19.8995022964, 16.8416887665,
361,0, 15.8965695572, 13.3189962387,
361,1, 16.0318564034, 16.9940455627,
361,2, 17.4987848663, 22.8664046478,
361,3, 14.5212298012, 19.3425118637,
361,4, 12.6740207291, 14.5347098923,
362,0, 14.2187603760, 18.4325832367,
362,1, 20.3922795868, 13.1041979218,
362,2, 19.5594308090, 20.3601994705,
362,3, 16.6161901093, 9.0877522087,
362,4, 13.7419285011, 11.7228890610,
363,0, 20.5980293274, 37.1216970825,
363,1, 16.0348077011, 6.3593830490,
363,2, 11.5709012413, 11.1429291534,
363,3, 15.7556479454, 17.5064465714,
363,4, 18.4111418152, 12.1809218407,
364,0, 19.4600112915, 17.5286112976,
364,1, 18.7596453094, 6.7216655540,
364,2, 15.1155728531, 31.7647694397,
364,3, 16.7725559425, 155.2083044434,
364,4, 24.4750914764, 16.3557526779,
365,0, 15.1003453636, 9.8711556244,
365,1, 11.1750604248, 3.9605871010,
365,2, 13.2161514473, 13.4039942551,
365,3, 14.6719205856, 26.0347879028,
365,4, 19.1614176750, 10.0342936897,
366,0, 17.3442179489, 20.4364314651,
366,1, 21.1774962616, 16.4771327591,
366,2, 16.3125928879, 9.8337140656,
366,3, 15.2505867577, 6.3503847694,
366,4, 16.2232144928, 23.1594680023,
367,0, 14.6292322731, 9.6694757462,
367,1, 15.3093477821, 21.4605962753,
367,2, 15.8670603943, 13.3244501495,
367,3, 14.0849055862, 4.9609038925,
367,4, 16.1242296028, 8.3322395897,
368,0, 13.2987593842, 15.7303664398,
368,1, 13.3364472961, 32.5115175629,
368,2, 23.2385396576, 17.4331154633,
368,3, 17.2299071121, 12.9958696365,
368,4, 17.2759051514, 17.8764712143,
369,0, 14.8292980385, 14.9575898743,
369,1, 12.8854611588, 9.5742289352,
369,2, 14.3226700974, 13.2503287506,
369,3, 15.8443471909, 57.0940628052,
369,4, 14.9945879936, 7.7149782753,
370,0, 20.0644643784, 17.0715020370,
370,1, 15.6501410103, 6.7901436901,
370,2, 12.7460159111, 18.9755945206,
370,3, 12.3840563774, 46.0946066284,
370,4, 16.1024281311, 5.8994357777,
371,0, 16.5374466133, 18.0328022003,
371,1, 16.4237228012, 10.3992609596,
371,2, 18.3069894981, 28.6381674194,
371,3, 15.2639335251, 12.0841569710,
371,4, 15.8691539764, 20.9507732391,
372,0, 12.8186784554, 9.9507838058,
372,1, 14.3487427902, 9.4515375900,
372,2, 13.7163367844, 5.5351537800,
372,3, 15.9342811966, 10.7850134659,
372,4, 16.5400230217, 5.4399285126,
373,0, 16.1026432800, 56.0297120667,
373,1, 14.3528546906, 32.4581699371,
373,2, 13.9999598503, 7.7513526917,
373,3, 13.4672713089, 17.4792204285,
373,4, 14.0728035355, 4.5691318130,
374,0, 15.0720870781, 39.7304855347,
374,1, 18.1721230316, 21.5424200439,
374,2, 15.3859828568, 139.8787658691,
374,3, 16.2732529640, 35.3722586060,
374,4, 11.8181226921, 4.1154223633,
375,0, 12.5834198189, 5.5106489182,
375,1, 14.1138066292, 9.1991986847,
375,2, 13.3114143753, 23.1021474457,
375,3, 18.3509059906, 25.0780941772,
375,4, 16.8269186020, 25.0087966156,
376,0, 14.4622868729, 11.1888104630,
376,1, 14.6702351379, 9.9645604897,
376,2, 15.5045527267, 7.7818390083,
376,3, 11.9301848602, 16.6367345047,
376,4, 12.6681532860, 17.5458950806,
377,0, 16.5908336258, 85.9238436890,
377,1, 15.3872456169, 35.1359220886,
377,2, 13.7059986305, 25.2240106201,
377,3, 15.5764154434, 13.1606412125,
377,4, 15.9361869240, 10.1501534462,
378,0, 12.2191256523, 69.3686895752,
378,1, 14.2813515282, 33.7211576080,
378,2, 14.8121030807, 14.1787277412,
378,3, 15.6004206467, 16.0813526154,
378,4, 18.0257512665, 19.7437046432,
379,0, 12.5876268005, 9.4854744720,
379,1, 12.0146411896, 3.8904000854,
379,2, 23.7897959328, 38.4137339020,
379,3, 22.5585660553, 39.8558881378,
379,4, 14.9054619408, 4.1261411190,
380,0, 10.6209535789, 6.9256405449,
380,1, 12.6214417076, 6.6648259354,
380,2, 15.2381495667, 18.7292453003,
380,3, 18.6041438293, 10.2314392090,
380,4, 15.9434360123, 5.9857673645,
381,0, 10.2316599274, 20.1914826965,
381,1, 15.0035658836, 14.4744695663,
381,2, 12.7112230682, 7.3218708229,
381,3, 16.3163217354, 16.2953951263,
381,4, 14.9716854095, 11.9424653816,
382,0, 14.0602770996, 5.9352306175,
382,1, 13.1211240578, 6.3964990997,
382,2, 13.4226215744, 11.5238713646,
382,3, 12.6547650909, 12.3863700867,
382,4, 14.2645780563, 18.9481843185,
383,0, 13.9429888916, 12.0273759460,
383,1, 14.5643014336, 15.4903007126,
383,2, 12.4928833389, 5.3934225082,
383,3, 12.5608478355, 30.3211309052,
383,4, 11.8925421143, 15.0190675735,
384,0, 11.8490612984, 35.0298757935,
384,1, 14.6429106903, 13.1513287354,
384,2, 11.9918442154, 3.2416014957,
384,3, 15.5994533348, 8.7439389038,
384,4, 16.6069874191, 24.6262662506,
385,0, 22.3959231567, 28.2513439941,
385,1, 15.4470563126, 13.4589390182,
385,2, 16.3668989563, 38.0743595886,
385,3, 15.5292049789, 33.6152600861,
385,4, 13.2067605019, 5.9080720139,
386,0, 12.5244534874, 16.4915597916,
386,1, 15.8498512268, 8.2359151649,
386,2, 13.9047923660, 9.2472230148,
386,3, 16.9113829994, 10.3811563301,
386,4, 12.1330501366, 6.5385001278,
387,0, 14.8836548233, 9.0606209183,
387,1, 19.0567187691, 18.0590082169,
387,2, 15.9298769569, 21.3898779678,
387,3, 18.0725244141, 19.3666079712,
387,4, 17.0018813705, 23.0250582886,
388,0, 13.3967391396, 7.5725293732,
388,1, 12.2527571678, 38.8832881165,
388,2, 16.8755359459, 39.2521517181,
388,3, 15.2257121086, 4.3042771626,
388,4, 13.0958578873, 9.4242645454,
389,0, 10.5447053528, 5.8075344849,
389,1, 11.3900477219, 12.7975716209,
389,2, 10.8111565971, 6.8808553314,
389,3, 13.8412887001, 11.7451357079,
389,4, 17.3886570740, 6.8808019447,
390,0, 15.8869897270, 6.7242127609,
390,1, 13.6893969345, 8.5585756302,
390,2, 11.7518357468, 14.0820944595,
390,3, 12.4402303886, 6.6301198006,
390,4, 14.0229974747, 21.8794382095,
391,0, 10.8758950043, 11.2053183746,
391,1, 14.2336020660, 18.7152738571,
391,2, 12.9980177498, 14.2985997772,
391,3, 18.9707827377, 15.0931601334,
391,4, 10.8160713387, 23.4369103241,
392,0, 12.2639243317, 11.2529887390,
392,1, 11.1099467468, 11.4982862854,
392,2, 11.8996367836, 6.0865100861,
392,3, 15.8617148590, 19.7781785583,
392,4, 17.0321373177, 11.7535891724,
393,0, 12.6097944069, 8.7077037430,
393,1, 12.4116530609, 35.4005200195,
393,2, 12.4249274635, 10.3047711754,
393,3, 17.5082392693, 22.6811357117,
393,4, 11.0323113441, 6.9429965019,
394,0, 12.7292047691, 47.4566653442,
394,1, 14.9001156044, 32.7613534546,
394,2, 11.0376642227, 15.4673433685,
394,3, 11.4676074600, 4.8529955101,
394,4, 12.4151170731, 7.6117199898,
395,0, 12.2136072922, 17.0077484131,
395,1, 12.3328319931, 7.6707291031,
395,2, 14.8206251144, 8.3677322769,
395,3, 13.3796639633, 6.9351803970,
395,4, 12.8529819489, 32.3884752655,
396,0, 13.3130782127, 68.4094831848,
396,1, 15.0602107239, 5.0779390049,
396,2, 14.5252174187, 8.6301575089,
396,3, 12.4010947227, 19.1419173431,
396,4, 12.1854594231, 4.2439798260,
397,0, 16.7572151947, 35.3445638275,
397,1, 19.7456141090, 37.6818188477,
397,2, 13.7343768883, 7.0265591431,
397,3, 12.8243759727, 39.7190963745,
397,4, 9.9796591568, 10.8189828682,
398,0, 9.4631340408, 13.0970667648,
398,1, 10.8226715469, 18.7947829437,
398,2, 14.2608887482, 52.4860119629,
398,3, 12.6271271515, 7.9759254074,
398,4, 11.9416830254, 8.8924385262,
399,0, 13.7388348961, 11.3880027962,
399,1, 17.2423462105, 12.1258780289,
399,2, 13.7922259331, 10.8361924362,
399,3, 12.1762105179, 13.3893641663,
399,4, 11.9706687546, 12.0937973785,
400,0, 17.2971274757, 20.7569606781,
400,1, 16.8253746796, 26.4800149536,
400,2, 12.9142019844, 28.0112609863,
400,3, 12.7418493080, 7.3868700409,
400,4, 16.3322680092, 8.8712221718,
401,0, 14.7724560356, 16.5064442444,
401,1, 10.3716754913, 5.5065263557,
401,2, 12.5745249748, 5.0638306522,
401,3, 12.6014627838, 27.7646572113,
401,4, 11.9955225945, 22.4287557220,
402,0, 22.0718630219, 57.8809181213,
402,1, 13.2837917137, 11.7344751167,
402,2, 13.9097511101, 17.8206786346,
402,3, 13.7412018394, 15.6445120621,
402,4, 12.3004447937, 4.0460397720,
403,0, 12.3784964752, 12.1755033112,
403,1, 12.5446976852, 8.1760426426,
403,2, 9.9934203911, 10.9998731613,
403,3, 10.3827795219, 7.0169847488,
403,4, 10.6232952690, 10.0790280056,
404,0, 12.4082992744, 3.6744779873,
404,1, 12.1529651070, 5.1763179874,
404,2, 12.7864282990, 9.9549128532,
404,3, 11.4181298828, 3.3955344868,
404,4, 14.2721146965, 4.5433876801,
405,0, 11.9886556435, 10.1474795151,
405,1, 10.6328292465, 9.2279924393,
405,2, 11.8678340149, 8.0605319977,
405,3, 12.1500926781, 5.6434901237,
405,4, 15.0048738670, 18.1021079254,
406,0, 15.0441665268, 33.6335113525,
406,1, 15.7586167717, 8.9684928131,
406,2, 14.5807186890, 25.4440943909,
406,3, 19.1696532631, 11.3408103180,
406,4, 10.7173103333, 9.6519236183,
407,0, 11.1069647789, 10.0569923401,
407,1, 13.6722811699, 4.2304930496,
407,2, 14.1490055656, 41.3337232208,
407,3, 13.1812681961, 16.8544546127,
407,4, 14.0819191551, 13.5826287842,
408,0, 12.0682203484, 10.4752589417,
408,1, 14.4435974121, 13.3263149643,
408,2, 19.3059137344, 10.3479308701,
408,3, 12.4803677750, 10.2814545631,
408,4, 11.1029172707, 14.8072217178,
409,0, 13.2241049576, 21.2796704483,
409,1, 12.0122773170, 7.8872917938,
409,2, 12.0795287132, 8.0437456322,
409,3, 13.7835277367, 28.8704206848,
409,4, 13.1155569077, 6.0614324188,
410,0, 13.1853399849, 8.0605020523,
410,1, 12.8395748138, 3.0152251911,
410,2, 13.0468786430, 8.6669327545,
410,3, 9.9045874596, 22.5630311203,
410,4, 12.4972793961, 9.8564356232,
411,0, 11.9495904827, 14.3558020592,
411,1, 12.7206491470, 12.1099414825,
411,2, 11.7114925766, 20.7216781235,
411,3, 13.0328550529, 3.5889522743,
411,4, 12.0350560379, 4.3681613636,
412,0, 11.0989625359, 8.9361774445,
412,1, 10.8809221172, 23.6214094543,
412,2, 11.4404586220, 7.4887921906,
412,3, 12.8126695442, 12.3205094528,
412,4, 10.8623207664, 7.7531716347,
413,0, 10.5211592865, 6.3827334785,
413,1, 12.1573262405, 16.8578384399,
413,2, 14.9453982544, 22.8583503723,
413,3, 11.9980399895, 22.2287712097,
413,4, 11.1512825966, 7.0076301384,
414,0, 12.2334626961, 9.6333971596,
414,1, 14.8342963409, 4.1642914295,
414,2, 13.1194909668, 12.7845869446,
414,3, 12.3453399086, 14.5888737488,
414,4, 16.7488108635, 27.3143248749,
415,0, 15.1931770515, 22.5950082397,
415,1, 12.9446756744, 11.0431213188,
415,2, 13.3931148338, 22.9721913910,
415,3, 11.4805163193, 6.7954594231,
415,4, 13.0220155144, 9.3165812302,
416,0, 12.6856824112, 7.5006384850,
416,1, 13.7330249977, 10.3741890907,
416,2, 9.4449962997, 3.5093957710,
416,3, 10.9272897720, 4.8091513729,
416,4, 10.7310990715, 10.4239823151,
417,0, 10.3402314186, 6.6342600441,
417,1, 10.5174705124, 9.9453585243,
417,2, 8.2943704033, 5.7541817665,
417,3, 12.8571199799, 6.2466331100,
417,4, 10.3030272484, 7.1506964493,
418,0, 10.8164744568, 9.8014807320,
418,1, 12.1269851494, 7.2962823105,
418,2, 10.7777746201, 8.6791113472,
418,3, 11.1910208130, 11.7830843735,
418,4, 16.1894353485, 43.5730760193,
419,0, 14.1068518066, 5.0508525085,
419,1, 12.7447583961, 29.5694795990,
419,2, 10.9655907059, 3.7717486668,
419,3, 16.4524328613, 9.9208414650,
419,4, 16.4072952843, 8.6538182259,
420,0, 10.9699253464, 4.8643888760,
420,1, 10.8855625725, 13.3503163910,
420,2, 15.9862355423, 14.0528915024,
420,3, 12.2382643318, 5.9128753281,
420,4, 14.8803607941, 33.7474503326,
421,0, 17.3942661285, 41.7325884247,
421,1, 12.6952954292, 8.2931025696,
421,2, 9.3032438660, 9.5353133202,
421,3, 9.5400248146, 12.1129372215,
421,4, 12.3961804962, 5.4746733093,
422,0, 10.9477821541, 14.1681585693,
422,1, 9.8989031410, 4.0517882442,
422,2, 12.1947392845, 9.6621560860,
422,3, 11.7198466301, 14.1237961578,
422,4, 10.1003458405, 8.3126494026,
423,0, 12.5056936836, 23.8574722290,
423,1, 10.3242802620, 5.7899614334,
423,2, 10.2762281799, 13.7743287277,
423,3, 11.3095782471, 3.7598311806,
423,4, 12.0161903191, 26.4359614563,
424,0, 12.9851188278, 72.5925477600,
424,1, 10.0877332878, 9.0843584442,
424,2, 13.0985209274, 17.5231210709,
424,3, 11.7649786377, 23.7741411591,
424,4, 13.6317714882, 15.6777563858,
425,0, 10.0371708679, 16.8853972626,
425,1, 10.0974230766, 7.2802873611,
425,2, 10.0531623077, 2.9193819618,
425,3, 9.7362365341, 17.8092347717,
425,4, 9.8995635986, 4.3312504387,
426,0, 9.3054271317, 5.6650106716,
426,1, 11.8306064987, 9.4952961349,
426,2, 12.2160307312, 22.5751435089,
426,3, 10.0365319633, 8.0310473824,
426,4, 10.6037925816, 16.1453974915,
427,0, 10.7929457283, 5.2017863846,
427,1, 13.8082023239, 12.6566574478,
427,2, 12.3922097015, 3.9083819103,
427,3, 9.5304538727, 12.3274322891,
427,4, 11.3197411919, 7.0394796562,
428,0, 11.7599060822, 5.6293266487,
428,1, 9.7636622620, 6.6775493240,
428,2, 9.2654568291, 5.0398162079,
428,3, 9.3232954979, 10.9731057549,
428,4, 10.2305845261, 6.6881503487,
429,0, 18.0545196915, 16.1348007584,
429,1, 10.9487914467, 6.5557847214,
429,2, 13.3751873398, 36.8361110687,
429,3, 13.5237776184, 9.5054760551,
429,4, 12.3710548973, 6.3922400665,
430,0, 11.0160983849, 3.3660376644,
430,1, 12.5775153923, 9.8770629883,
430,2, 13.3650814438, 42.7982466125,
430,3, 12.8530486679, 9.1055069351,
430,4, 16.8734493446, 7.0902446747,
431,0, 12.9359494972, 17.1382721710,
431,1, 12.2960298538, 17.7053532410,
431,2, 11.5488545609, 14.1853330231,
431,3, 12.6152222443, 6.1037338543,
431,4, 13.1912852097, 19.9801170731,
432,0, 11.2293644333, 12.6480585861,
432,1, 9.8232097816, 4.1062603664,
432,2, 12.8632959557, 39.6990882874,
432,3, 15.4393572044, 12.0989435196,
432,4, 12.1488817596, 5.0605445957,
433,0, 10.3290166283, 15.1305496597,
433,1, 9.7839131927, 8.4042780495,
433,2, 10.2539417076, 10.1738743019,
433,3, 10.6969340706, 14.1114944458,
433,4, 12.8664284420, 20.7787240982,
434,0, 8.9116230774, 8.7603471184,
434,1, 9.2273770332, 4.6274765015,
434,2, 9.5086581993, 3.8414027119,
434,3, 13.4602333450, 8.9309227180,
434,4, 19.3589346123, 26.8093923569,
435,0, 15.5146506500, 25.3357346344,
435,1, 13.2090755272, 70.1011279297,
435,2, 12.0356302261, 5.0159009838,
435,3, 11.8611503220, 10.9941437912,
435,4, 8.4430184364, 2.8734177256,
436,0, 9.4067014408, 6.4309319496,
436,1, 10.0119843292, 25.5593556595,
436,2, 15.1956388283, 21.2415779877,
436,3, 11.4151324081, 6.0730410957,
436,4, 11.3167475700, 12.1136149597,
437,0, 12.5384511375, 10.5116326332,
437,1, 10.2764211845, 3.9912125874,
437,2, 11.6969019508, 11.1086019707,
437,3, 12.1956023788, 6.6999767590,
437,4, 10.8823126602, 11.5811236286,
438,0, 10.7898240948, 10.2791292381,
438,1, 9.4115967751, 3.1296421766,
438,2, 11.4558675194, 6.9265918732,
438,3, 9.8054397774, 28.9097515106,
438,4, 10.9989371490, 20.3813589478,
439,0, 17.6329926109, 12.0131393814,
439,1, 10.9892974472, 7.3654867554,
439,2, 10.9128920364, 3.4831726074,
439,3, 12.5916082954, 8.3468710518,
439,4, 10.2195542908, 8.3982642365,
440,0, 11.8257005119, 10.0962043762,
440,1, 12.2490202141, 8.5997365761,
440,2, 10.0573270226, 11.4580096436,
440,3, 11.0976676750, 14.6524406815,
440,4, 19.7227007294, 10.5515589333,
441,0, 10.7061793709, 25.2006896973,
441,1, 11.6346461678, 10.3144625664,
441,2, 9.2199709511, 7.2857175064,
441,3, 10.2705838394, 9.8229235649,
441,4, 11.5924575233, 7.2493348312,
442,0, 13.7956091118, 16.2157205963,
442,1, 11.0807322502, 4.0354857731,
442,2, 8.6091733551, 8.6315530586,
442,3, 10.5055406189, 16.9403906631,
442,4, 10.1527072334, 3.1214330626,
443,0, 10.9145398521, 4.7961857128,
443,1, 10.8660832024, 14.6464288330,
443,2, 10.2525788879, 5.9070548630,
443,3, 9.0251267815, 11.0651585770,
443,4, 10.3275016212, 15.1083183289,
444,0, 10.1061978149, 7.2482940483,
444,1, 9.7062824821, 6.3896976376,
444,2, 11.1398567200, 3.6453648567,
444,3, 9.6269514084, 12.7142109680,
444,4, 10.1410757446, 7.0865021896,
445,0, 10.0620352936, 16.1247772598,
445,1, 9.8867216301, 11.2706673622,
445,2, 12.6778760910, 74.5559924316,
445,3, 11.5377558136, 10.4959619522,
445,4, 10.0288385391, 5.5084992981,
446,0, 12.2853752327, 4.8251987171,
446,1, 9.8687022591, 16.6494266891,
446,2, 14.5878968239, 80.5982691956,
446,3, 13.9334834862, 6.6486925697,
446,4, 10.0536164665, 8.2353954506,
447,0, 8.6508365822, 8.0974737930,
447,1, 10.2839594269, 6.5439316750,
447,2, 11.7579013062, 8.6534098053,
447,3, 9.9265321159, 7.5186072445,
447,4, 8.2908689880, 11.8027756500,
448,0, 12.2968663597, 17.1564298630,
448,1, 10.6790657997, 8.8612596893,
448,2, 10.7074890518, 11.2154338455,
448,3, 10.1666760254, 3.6111741352,
448,4, 8.5446758652, 6.3812101555,
449,0, 8.8920582390, 9.9069635582,
449,1, 13.1035626602, 14.8560519028,
449,2, 11.6596623611, 13.9585661316,
449,3, 10.0179147720, 4.8759442043,
449,4, 10.6445250702, 28.8047339630,
450,0, 9.3389639473, 9.2338350296,
450,1, 13.5077015686, 20.0743980408,
450,2, 8.6192291069, 11.5292983437,
450,3, 8.7826809883, 25.5635672760,
450,4, 12.4987125969, 13.3510551453,
451,0, 10.8251909637, 28.4716686249,
451,1, 9.6582327080, 10.6416086388,
451,2, 9.0651712990, 9.6514756775,
451,3, 9.0755249214, 5.3585489273,
451,4, 10.5005450630, 10.5766278458,
452,0, 8.7085095596, 16.3100655746,
452,1, 8.8379397392, 6.8513628292,
452,2, 9.4736229992, 6.1241134071,
452,3, 7.5935891628, 5.3165055180,
452,4, 10.0984998703, 10.1376086998,
453,0, 9.8073578548, 8.3564544868,
453,1, 8.7101945305, 7.3685310936,
453,2, 7.7311151981, 5.3777139664,
453,3, 9.9528890991, 8.9701625633,
453,4, 8.5434739685, 8.5518737793,
454,0, 8.9767328453, 10.0881245995,
454,1, 11.6509564781, 6.8559919739,
454,2, 9.6897975826, 6.8821077919,
454,3, 13.5301543999, 11.3653910065,
454,4, 11.4063337517, 64.3402864075,
455,0, 10.3536981964, 4.7231891632,
455,1, 9.6368650627, 9.8237413216,
455,2, 12.1289296150, 8.2245318413,
455,3, 9.3139282036, 4.7292553902,
455,4, 8.4959502602, 6.4434972668,
456,0, 8.7179519081, 2.0548515654,
456,1, 8.1834750557, 3.2374649525,
456,2, 10.4398371124, 6.0504911423,
456,3, 7.8537362862, 7.3704375839,
456,4, 9.8452601242, 15.2548253632,
457,0, 9.9501133728, 9.7564767075,
457,1, 11.8739045525, 11.2554855537,
457,2, 10.2001368713, 9.7164751244,
457,3, 9.9886689949, 3.5325099087,
457,4, 11.4216126728, 9.9229906082,
458,0, 10.6121427917, 12.2137442207,
458,1, 9.8351187134, 6.5147210121,
458,2, 10.1136567879, 5.2924694252,
458,3, 8.1074539375, 6.2005326557,
458,4, 9.1178487492, 11.5732954025,
459,0, 13.3817857742, 12.7307470322,
459,1, 9.4157920074, 5.5745330811,
459,2, 9.4782962990, 7.0655994797,
459,3, 9.0713414383, 8.0524579811,
459,4, 9.8286388397, 8.5358156586,
460,0, 14.1664990425, 11.2342984009,
460,1, 9.3430859566, 6.8408863640,
460,2, 9.7497069931, 15.3960814667,
460,3, 8.2393846035, 15.3671967316,
460,4, 9.3971905899, 23.5255043793,
461,0, 7.2445713425, 10.2949739838,
461,1, 8.5745706749, 10.7458131790,
461,2, 8.8382093620, 6.1683463860,
461,3, 13.9451709747, 11.9784121704,
461,4, 10.2480472755, 12.9735754585,
462,0, 8.5976307106, 4.1814025116,
462,1, 8.0870977116, 9.2940347672,
462,2, 12.0267776108, 12.9545534134,
462,3, 9.0855326462, 3.3998555279,
462,4, 8.9091642952, 13.0946849442,
463,0, 11.5086597443, 24.5052426147,
463,1, 9.7370252037, 18.3491941071,
463,2, 9.0873430824, 4.4367120552,
463,3, 9.8545453835, 10.3464731979,
463,4, 11.2505140114, 10.5101894379,
464,0, 8.6106624794, 5.4802701092,
464,1, 11.1536767387, 42.2843879700,
464,2, 9.8751070404, 14.5935530472,
464,3, 7.7094593525, 8.6458084488,
464,4, 8.7536821556, 19.4593955231,
465,0, 10.6955186462, 6.0373534012,
465,1, 9.6725736046, 7.5393289757,
465,2, 8.9531438065, 10.4729120636,
465,3, 12.0769372177, 10.7310778809,
465,4, 9.1222568321, 8.4271996880,
466,0, 8.6992262459, 5.1186267757,
466,1, 8.9748673630, 4.8407616901,
466,2, 8.9461368370, 4.5953129768,
466,3, 9.7989664268, 8.7348210716,
466,4, 7.9927443123, 9.0876268005,
467,0, 8.1203134727, 4.5462458134,
467,1, 10.7732931328, 7.0313051605,
467,2, 8.9033619499, 17.3244986343,
467,3, 7.5079615402, 4.4006518364,
467,4, 9.0418154716, 12.8400827408,
468,0, 7.5548366356, 2.1383231258,
468,1, 9.8978275108, 5.4344854736,
468,2, 9.2047954941, 10.9664402390,
468,3, 9.5811252594, 6.0847788429,
468,4, 8.5653460312, 3.4533531189,
469,0, 8.3585951805, 8.7343453884,
469,1, 8.7358314705, 8.0147724342,
469,2, 9.7568511963, 4.0300262356,
469,3, 10.3722910118, 66.5168357849,
469,4, 11.7198248291, 61.9260960388,
470,0, 12.8335046768, 9.1769200516,
470,1, 8.7152405357, 16.7976560211,
470,2, 11.1622268105, 6.0349906826,
470,3, 9.0304472923, 14.3040086365,
470,4, 9.0133882523, 3.8452622223,
471,0, 11.5205986023, 10.2771448135,
471,1, 8.0160832596, 7.2248657227,
471,2, 9.3555344009, 7.5133068085,
471,3, 9.8849604988, 7.1927399349,
471,4, 9.8475611496, 12.4843818283,
472,0, 9.4041895103, 5.3232780838,
472,1, 8.1389622021, 6.7459244156,
472,2, 14.1671086693, 12.0760250473,
472,3, 11.0050469017, 24.4470665741,
472,4, 9.6161201096, 5.7985927773,
473,0, 9.1784445477, 3.6780948448,
473,1, 7.8491559887, 5.6615805244,
473,2, 10.5971902084, 33.9158399963,
473,3, 10.3014899063, 15.3475059891,
473,4, 9.5044790459, 6.6399584866,
474,0, 7.9992918110, 7.1138561440,
474,1, 8.2273689079, 4.6224305630,
474,2, 8.2345902824, 21.3493215942,
474,3, 8.3238095474, 5.0018308926,
474,4, 9.5011942291, 15.5198495865,
475,0, 8.7195328140, 4.8030968952,
475,1, 8.9274685955, 3.8218346786,
475,2, 9.2889688873, 9.6836900902,
475,3, 9.3703923512, 7.6085462952,
475,4, 9.9901817513, 9.4559658432,
476,0, 10.4290842438, 13.9956766510,
476,1, 8.7167941475, 5.8085138702,
476,2, 8.3378005981, 5.7509354019,
476,3, 13.2780865479, 18.7686505508,
476,4, 13.1237926292, 8.2132787132,
477,0, 8.3361965942, 4.3016346931,
477,1, 10.9691962242, 9.6575658226,
477,2, 10.4521344566, 3.8785556793,
477,3, 8.1675218105, 5.8053418922,
477,4, 10.0846430969, 11.8524723053,
478,0, 7.8370774841, 6.9982030106,
478,1, 8.6501050568, 15.3426056671,
478,2, 8.4445675182, 23.7943489456,
478,3, 8.4453064346, 7.8784646034,
478,4, 14.6500404835, 14.7489707947,
479,0, 8.9896378708, 17.0360076904,
479,1, 8.5737306499, 5.1047785187,
479,2, 7.2927086830, 10.8525653458,
479,3, 9.7831883144, 5.9675213528,
479,4, 9.7727200127, 27.5037878418,
480,0, 9.8834859848, 17.0806440353,
480,1, 7.2026226807, 3.7049581337,
480,2, 7.6887834644, 12.6463137245,
480,3, 12.5220291519, 9.7844198418,
480,4, 8.4326984787, 8.0299522018,
481,0, 9.0026974297, 19.8002861786,
481,1, 9.7412554932, 13.5386582184,
481,2, 9.7736649323, 7.1215604210,
481,3, 19.9561041641, 29.7282193756,
481,4, 11.4792537022, 16.4272066116,
482,0, 8.6763651085, 31.8022000122,
482,1, 7.0540754986, 6.9878075695,
482,2, 8.4372949219, 16.3052329636,
482,3, 10.3233965302, 5.9642607021,
482,4, 8.2380483341, 7.9917805672,
483,0, 7.0597910786, 2.0470883131,
483,1, 9.1674017906, 13.4179365540,
483,2, 14.1337978554, 3.5219215775,
483,3, 7.8527830696, 5.8023870277,
483,4, 10.9048967838, 10.5282657814,
484,0, 7.9139453983, 6.9156850052,
484,1, 12.6176794243, 11.2445397568,
484,2, 9.7649376869, 6.5821086693,
484,3, 11.8919395161, 117.3519662476,
484,4, 9.4896171951, 9.4141821671,
485,0, 10.1262261772, 5.5665926361,
485,1, 8.0992796135, 4.7174929237,
485,2, 13.6415251923, 24.0014862061,
485,3, 8.9494796944, 14.6458149719,
485,4, 8.8157402611, 2.9935696507,
486,0, 8.4280356407, 13.0251086044,
486,1, 8.7118206978, 9.3230732155,
486,2, 8.5711178112, 3.7808152485,
486,3, 7.9222567177, 6.9979078484,
486,4, 7.6552577877, 5.1329593658,
487,0, 7.6946328640, 5.2945612907,
487,1, 8.3195914841, 5.2775404167,
487,2, 8.3227194786, 4.2760968113,
487,3, 9.9906059647, 7.6677071190,
487,4, 8.2883116722, 5.9123938560,
488,0, 9.3174842644, 10.1123446846,
488,1, 13.9323937416, 32.7538143158,
488,2, 10.5298392868, 14.6338736725,
488,3, 11.0091783905, 5.9980325127,
488,4, 8.3806630516, 5.6160087776,
489,0, 8.3145273972, 6.6264104080,
489,1, 8.9263485909, 9.6980676842,
489,2, 9.5784669113, 4.4431077480,
489,3, 11.8019126320, 5.4882082939,
489,4, 9.4119873238, 5.2914101410,
490,0, 9.5851973248, 12.5461192131,
490,1, 7.5020429039, 6.1861178112,
490,2, 7.0516771889, 6.5081942749,
490,3, 7.2908697605, 4.3654500771,
490,4, 9.4470705223, 17.6991576767,
491,0, 8.0667078972, 8.7163498116,
491,1, 7.2280974388, 25.7348274994,
491,2, 8.2886039448, 3.5393029404,
491,3, 6.8543312550, 4.9345048237,
491,4, 9.8011004448, 16.1952720642,
492,0, 8.5629908943, 13.9666127396,
492,1, 8.1262605286, 8.0701550293,
492,2, 9.1900327682, 5.4289538002,
492,3, 10.4874207211, 8.2333629227,
492,4, 8.5084914494, 3.1562812328,
493,0, 8.6454310417, 7.9188899612,
493,1, 10.0440970802, 4.3193418503,
493,2, 9.7217927933, 4.6147151661,
493,3, 6.9414381409, 7.1766228390,
493,4, 7.8715121651, 6.9369556427,
494,0, 7.4389415359, 3.8502335548,
494,1, 7.4332104301, 5.7353115463,
494,2, 8.5389767075, 9.9859141922,
494,3, 9.1078154564, 5.1719429588,
494,4, 7.6622784901, 8.9523438644,
495,0, 11.1051974869, 7.0173336792,
495,1, 9.3972647285, 12.7359420395,
495,2, 8.6609173393, 6.0914137077,
495,3, 7.7300190830, 12.1059940720,
495,4, 7.3939059067, 4.2989178181,
496,0, 7.7064046383, 8.3446346474,
496,1, 7.2357692051, 9.5642946625,
496,2, 7.5845452499, 6.9391427708,
496,3, 9.2168313789, 7.3978939056,
496,4, 9.1907252502, 10.3130683517,
497,0, 9.2165319538, 6.5929095554,
497,1, 7.3979114342, 13.0229186630,
497,2, 9.7966250038, 7.4192878723,
497,3, 9.0040976143, 5.3686990738,
497,4, 8.5532936859, 13.6991798782,
498,0, 8.2803606415, 3.9655068111,
498,1, 7.1739852715, 5.2393753624,
498,2, 8.2715928078, 9.1068576813,
498,3, 7.5536548615, 3.7108769226,
498,4, 7.0646758938, 2.8941114902,
499,0, 7.7336872005, 8.9388122368,
499,1, 7.2876660538, 3.6353617001,
499,2, 10.3251451492, 3.3048811913,
499,3, 9.1747029877, 3.0174745369,
499,4, 11.0285134697, 8.2942930603,
500,0, 8.2483001900, 18.4300285721,
500,1, 8.3037956047, 3.4928344250,
500,2, 8.5186602211, 9.4789432526,
500,3, 6.9610630226, 9.1352268791,
500,4, 8.3698612213, 7.5405927658,
501,0, 10.4819863892, 4.6518652248,
501,1, 7.8795172787, 4.5719718075,
501,2, 8.1317102242, 7.9397021103,
501,3, 10.6486372375, 9.8090529251,
501,4, 7.9673084450, 3.5153162861,
502,0, 8.0163344574, 4.4560125446,
502,1, 7.8260013008, 3.7239279985,
502,2, 9.3878734112, 3.4458329630,
502,3, 8.8277847481, 21.6796521759,
502,4, 9.9924785805, 8.3989172173,
503,0, 9.8453931808, 11.4855338669,
503,1, 7.3647688580, 4.9090136909,
503,2, 9.6963559723, 31.6605422211,
503,3, 7.5734378338, 4.1739492702,
503,4, 11.4131201363, 5.7356939888,
504,0, 8.7297603035, 13.9642235947,
504,1, 8.6720364380, 3.0364216518,
504,2, 7.9315125084, 5.2778563595,
504,3, 7.1534836006, 5.3152203369,
504,4, 8.0205361080, 10.7458745575,
505,0, 7.6776006889, 8.2816651535,
505,1, 7.8407851410, 14.1287358475,
505,2, 9.3594775009, 6.3933013916,
505,3, 8.4528916931, 18.8606790924,
505,4, 10.6868762016, 5.2737032318,
506,0, 7.5830115604, 4.6569987202,
506,1, 9.9463992500, 19.0095278168,
506,2, 8.5290853786, 19.7320452881,
506,3, 8.4742182159, 4.1937304115,
506,4, 8.5407726574, 7.5532139397,
507,0, 8.3943618202, 12.4607578278,
507,1, 10.8833876419, 14.0328707886,
507,2, 10.6926096725, 60.2825761414,
507,3, 8.8312590313, 5.4342673874,
507,4, 7.1416575813, 1.9841512823,
508,0, 7.9436334133, 14.6345732498,
508,1, 6.7211968708, 8.2893845940,
508,2, 9.6633282280, 3.1949297619,
508,3, 8.2364857101, 5.9002216721,
508,4, 7.3639126873, 10.6235770416,
509,0, 19.3797203636, 8.6501951027,
509,1, 8.6004261971, 4.7305455875,
509,2, 8.8223431396, 8.9487312698,
509,3, 7.4802944088, 3.5470858431,
509,4, 8.9569717598, 34.7909143829,
510,0, 9.4605335712, 12.7690231323,
510,1, 10.2763804722, 13.2241796875,
510,2, 7.3677310371, 2.9934910870,
510,3, 7.9065347481, 13.3907757950,
510,4, 8.9610297203, 9.4484496498,
511,0, 6.3936740208, 3.0747508001,
511,1, 8.4138083458, 8.0122773552,
511,2, 9.0322156620, 4.6137209892,
511,3, 8.9436629105, 4.9327228260,
511,4, 7.7747609329, 5.4529247761,
512,0, 7.9543133736, 15.6602648544,
512,1, 7.3833490467, 6.7489407921,
512,2, 7.1264159775, 3.3211468983,
512,3, 11.4028170109, 11.9280549622,
512,4, 11.5544987869, 8.1086176109,
513,0, 7.4234888744, 12.5895812988,
513,1, 8.3318119049, 2.2586764765,
513,2, 8.6332927322, 10.3032420921,
513,3, 7.0785105896, 2.7021794510,
513,4, 7.4190885925, 8.5276847458,
514,0, 8.3931154728, 9.9371451378,
514,1, 7.3173030663, 4.7707611561,
514,2, 8.1290407085, 8.9345527840,
514,3, 13.1352803707, 17.5238712311,
514,4, 9.1771758842, 4.7574946785,
515,0, 7.7867707062, 16.0647460175,
515,1, 9.0778287983, 4.8712685585,
515,2, 8.2240763760, 28.8932360077,
515,3, 8.8014659977, 8.7493542576,
515,4, 8.5839758873, 3.3890843582,
516,0, 9.8433403587, 4.0000857067,
516,1, 8.1842853928, 3.8896600437,
516,2, 8.2779154778, 6.4716716957,
516,3, 8.3199059296, 14.5953637314,
516,4, 7.7618128586, 6.9663493919,
517,0, 9.2763512993, 3.7341749048,
517,1, 10.0925111771, 8.8075209045,
517,2, 8.5789484215, 12.2910071564,
517,3, 9.1114458370, 7.3666139030,
517,4, 13.2140946865, 26.3045670319,
518,0, 10.7509349442, 6.0262431526,
518,1, 6.9011584187, 12.7925604630,
518,2, 8.5378498650, 5.3822971153,
518,3, 7.9307750225, 4.2308025074,
518,4, 6.9751814270, 4.4098208809,
519,0, 6.9472459126, 8.5318734360,
519,1, 7.3444321918, 8.9674952126,
519,2, 7.4227074146, 13.1092226028,
519,3, 7.9531892967, 6.1016488457,
519,4, 11.1462185764, 8.3580143929,
520,0, 8.2367416477, 7.1949223280,
520,1, 7.0623185158, 5.8968334770,
520,2, 7.2785212326, 10.0892238808,
520,3, 7.2954307842, 4.2197692299,
520,4, 6.7900917912, 6.5597080994,
521,0, 9.3498105049, 9.5893790627,
521,1, 9.7118737221, 10.9705780411,
521,2, 7.6149192429, 2.9502670240,
521,3, 10.5395943260, 6.1435161400,
521,4, 7.8008374977, 5.1876041126,
522,0, 7.3190606022, 3.9417552471,
522,1, 8.7728798008, 2.4004876232,
522,2, 8.9576011944, 7.2772018337,
522,3, 8.4228613758, 5.8334569168,
522,4, 8.0569938469, 10.4119683075,
523,0, 7.1872474766, 6.5517652082,
523,1, 6.9007622051, 3.7881373119,
523,2, 7.2628872299, 2.8090125370,
523,3, 8.3757218552, 4.4836501026,
523,4, 7.1966992474, 8.3863470650,
524,0, 7.1855056000, 3.9312585974,
524,1, 10.4787818718, 4.4946615601,
524,2, 9.4743015862, 9.3335347366,
524,3, 8.0703764343, 8.9319165421,
524,4, 6.7867625809, 11.9252952385,
525,0, 18.1294809341, 29.0332415390,
525,1, 9.2295200157, 5.4783910561,
525,2, 7.0494062614, 4.9477954340,
525,3, 7.1484687424, 16.4346150970,
525,4, 6.6261459637, 3.6656680298,
526,0, 8.5993530655, 13.1155172157,
526,1, 7.7233368969, 7.3923318672,
526,2, 9.5055234718, 4.8835094452,
526,3, 6.5472047710, 3.7746074390,
526,4, 10.4710484028, 8.1091387939,
527,0, 6.8077143192, 2.2348131657,
527,1, 7.1456728745, 16.0944821548,
527,2, 7.5537456894, 3.6166055012,
527,3, 7.6648826504, 3.4309979057,
527,4, 7.6231070518, 25.5728532410,
528,0, 6.6926006126, 11.7356707001,
528,1, 8.6935819912, 4.8636083508,
528,2, 7.5478669167, 6.9259773636,
528,3, 6.4161537170, 6.1757757950,
528,4, 5.9670778370, 3.6543246222,
529,0, 7.6771812916, 5.2738836861,
529,1, 6.4912094021, 7.6174826241,
529,2, 6.9382476044, 6.8969734573,
529,3, 9.2716068840, 2.8456349087,
529,4, 7.5480207157, 7.8086685753,
530,0, 7.7607344055, 5.2170217705,
530,1, 6.8633476639, 10.9427072906,
530,2, 7.9162841320, 2.4356802654,
530,3, 8.9645468807, 10.8828425026,
530,4, 8.1024662685, 6.6768865013,
531,0, 7.0093791199, 4.3243155670,
531,1, 7.0121442986, 9.3021662140,
531,2, 6.3882468987, 9.8660442352,
531,3, 7.4435947418, 5.7035482264,
531,4, 7.3401845741, 10.6351068306,
532,0, 7.8498157883, 4.0008671761,
532,1, 7.1803919315, 8.0224718285,
532,2, 8.8971882248, 7.6653570366,
532,3, 7.7143400955, 12.3237206268,
532,4, 8.1493257999, 5.5176161861,
533,0, 7.9267294788, 2.8655527878,
533,1, 6.8705927563, 1.5745402718,
533,2, 8.9019429874, 6.3791445923,
533,3, 8.2054981613, 5.1754258728,
533,4, 7.5441546345, 12.7373546600,
534,0, 8.6139728546, 8.7647779083,
534,1, 9.2740431023, 12.0533383942,
534,2, 7.8932903481, 7.6373895264,
534,3, 8.5741977406, 8.5476157761,
534,4, 9.2988293839, 8.0395749283,
535,0, 7.3440873623, 4.0187758255,
535,1, 8.1766482449, 6.4651973724,
535,2, 9.6127860451, 4.9496895790,
535,3, 8.1598323250, 4.6343904591,
535,4, 7.0049015236, 3.9719768620,
536,0, 5.7892370796, 5.0208047867,
536,1, 6.5441880894, 3.0615816045,
536,2, 6.5778447056, 8.4966440582,
536,3, 7.4325076294, 3.5015422440,
536,4, 6.1690409946, 3.9986647034,
537,0, 6.9928114033, 4.4000463390,
537,1, 6.7088673115, 5.0453586388,
537,2, 7.2256601334, 5.6990017128,
537,3, 8.0786646748, 3.7992498112,
537,4, 7.9019261360, 10.4093090057,
538,0, 8.2193098545, 3.4755927086,
538,1, 7.3090589428, 4.7258826733,
538,2, 7.2272482681, 8.6646527481,
538,3, 8.2612947369, 5.5435813808,
538,4, 6.5989335632, 5.0425984669,
539,0, 7.1805263329, 4.3202625561,
539,1, 7.4826905155, 2.5840355587,
539,2, 8.1494861794, 8.8368552017,
539,3, 7.4172695065, 8.2359109688,
539,4, 7.6315342808, 4.0685723019,
540,0, 6.7945523357, 8.6855496597,
540,1, 7.3988352394, 4.3470121288,
540,2, 7.8924322033, 16.0327918625,
540,3, 7.2812687302, 4.8779293156,
540,4, 8.3759297180, 2.6670796680,
541,0, 7.2867153549, 10.9108538437,
541,1, 7.6905965042, 8.4910395050,
541,2, 7.4249203587, 6.5760956097,
541,3, 7.3698677731, 6.2610552979,
541,4, 8.6813639069, 10.2655186462,
542,0, 7.9904609585, 9.6803670692,
542,1, 7.0213649940, 4.8451974010,
542,2, 6.9812375832, 11.4437494659,
542,3, 6.5557154179, 1.9133976507,
542,4, 8.0215872288, 6.0677209663,
543,0, 7.6159428215, 3.5772663021,
543,1, 6.0325336266, 2.1797807455,
543,2, 7.6213574505, 4.6568996334,
543,3, 6.5859890270, 6.6386809063,
543,4, 6.4204302597, 7.3058356857,
544,0, 6.4885605145, 2.8882086802,
544,1, 8.0844530487, 6.7000767326,
544,2, 7.9833874798, 7.3024685669,
544,3, 5.8692188835, 6.0168529892,
544,4, 11.5443795872, 7.5906700134,
545,0, 8.2901081944, 11.4645997810,
545,1, 5.7809819508, 5.6837228012,
545,2, 8.3861344147, 6.6233692074,
545,3, 8.2801693344, 8.0927356148,
545,4, 6.4332117081, 4.4872407913,
546,0, 15.9486573410, 7.2256240654,
546,1, 8.3246082497, 9.1903704262,
546,2, 8.6394723225, 4.4067409039,
546,3, 7.3238262272, 6.5996820259,
546,4, 6.3962648296, 2.3459594631,
547,0, 7.2894831562, 7.3636464691,
547,1, 7.2408259869, 4.5269752121,
547,2, 5.7349482250, 4.5524988174,
547,3, 5.9390311432, 7.8719873619,
547,4, 6.6707599068, 6.4849809265,
548,0, 7.9335901070, 5.1861249733,
548,1, 7.0317643166, 4.7493751049,
548,2, 5.7449407482, 6.8133674049,
548,3, 7.7562936783, 3.4260191822,
548,4, 6.3387301254, 3.6136329556,
549,0, 7.7553456306, 10.0997805977,
549,1, 7.7997359276, 11.8594621468,
549,2, 7.0151029873, 6.7546632767,
549,3, 6.6169527626, 3.0028095722,
549,4, 6.2769296932, 4.9285382462,
550,0, 5.4911633682, 3.3975753212,
550,1, 7.0579509068, 4.1033665562,
550,2, 6.7071574402, 4.7749475813,
550,3, 6.3570564938, 10.3650372887,
550,4, 5.7602308559, 12.3947984314,
551,0, 10.6901469612, 4.9231767368,
551,1, 6.1475716305, 2.2747771931,
551,2, 8.4489291668, 3.1488224316,
551,3, 7.3159733200, 7.9614679718,
551,4, 9.5334202576, 8.1111157417,
552,0, 7.1198753071, 4.3633301067,
552,1, 9.0983064461, 4.0403538513,
552,2, 6.0388700581, 5.7637678146,
552,3, 7.4127050018, 5.7566362572,
552,4, 6.3757066727, 3.6920302200,
553,0, 6.1964057255, 5.3932911301,
553,1, 7.2919194603, 5.1956881809,
553,2, 9.8216021729, 12.1852875137,
553,3, 7.2140701103, 11.5480937958,
553,4, 11.1008735466, 22.3992073822,
554,0, 9.5016150093, 9.9738750839,
554,1, 7.8239125156, 7.7539803696,
554,2, 6.2705336189, 2.7928286839,
554,3, 6.1564321423, 3.7339660168,
554,4, 6.0117095184, 3.2226437473,
555,0, 6.3062421322, 3.2075061417,
555,1, 6.7978693485, 6.7235338783,
555,2, 6.5049523926, 2.9025706387,
555,3, 6.0661245823, 6.8525467682,
555,4, 6.7094408131, 4.4153135490,
556,0, 9.7540841198, 18.4779746628,
556,1, 7.3594851208, 6.6722656345,
556,2, 6.8492264843, 6.4879857063,
556,3, 8.0295012665, 1.9023058224,
556,4, 5.8283085918, 5.6407021141,
557,0, 6.4938325882, 7.5787738991,
557,1, 7.4709640598, 3.0775593662,
557,2, 9.6991899300, 5.3229787064,
557,3, 6.9940702915, 14.8557370377,
557,4, 6.4193542671, 4.4045827961,
558,0, 6.0875707150, 7.5511110878,
558,1, 5.8083495140, 7.0802950954,
558,2, 6.0609952354, 3.1862562466,
558,3, 6.3191780090, 6.0026711559,
558,4, 7.1158025837, 6.8993910217,
559,0, 5.8264561176, 3.3854320383,
559,1, 6.6691803074, 6.4579326630,
559,2, 6.4072056866, 2.2149066401,
559,3, 6.3501343250, 10.4348537254,
559,4, 6.6369741154, 3.2123375320,
560,0, 6.3743901157, 8.4141615677,
560,1, 6.8048854637, 3.1378597927,
560,2, 6.8703570080, 6.4938062572,
560,3, 7.6332338047, 5.7961837769,
560,4, 8.0888862038, 10.6570443344,
561,0, 6.8800707054, 1.9651375103,
561,1, 8.4265692139, 10.9873394585,
561,2, 6.6464452362, 3.4720164394,
561,3, 5.9911621952, 10.8174890900,
561,4, 6.8817525959, 4.9053046799,
562,0, 7.6818704700, 2.9470534325,
562,1, 6.5853891754, 3.7943977404,
562,2, 7.9534982777, 4.0948271751,
562,3, 7.0033743858, 6.4236632156,
562,4, 7.2091424561, 8.3868455505,
563,0, 6.2883998108, 2.3271066856,
563,1, 6.1616543388, 9.1304206085,
563,2, 5.6867300415, 6.8088211155,
563,3, 6.1017014122, 8.0991573715,
563,4, 7.2698605347, 6.4937702656,
564,0, 9.3989314365, 4.3991401768,
564,1, 8.5952929115, 8.7447937870,
564,2, 6.8175250530, 3.0223047638,
564,3, 6.5666070938, 7.0662201691,
564,4, 6.3199214745, 10.2572686577,
565,0, 7.2342815971, 2.7764151669,
565,1, 6.9379727936, 5.9135873032,
565,2, 6.0896870995, 7.1508847523,
565,3, 6.5021761703, 15.8178530121,
565,4, 5.9718042946, 3.7697291756,
566,0, 6.8170270061, 2.2640788078,
566,1, 6.8310750866, 3.8992665863,
566,2, 6.0197748947, 3.9043892097,
566,3, 6.1960005569, 8.6103285027,
566,4, 5.7686970901, 12.8636894989,
567,0, 6.3280537033, 4.4907046127,
567,1, 6.3894948769, 3.5096777344,
567,2, 7.3088126850, 5.1678362179,
567,3, 7.6774141693, 3.5810235977,
567,4, 9.0105899143, 9.9179878235,
568,0, 6.9000277328, 6.1492602444,
568,1, 6.4452984715, 5.4384595442,
568,2, 7.6581534576, 11.2076165390,
568,3, 6.4364808464, 4.5665421200,
568,4, 6.2849266148, 3.2385820675,
569,0, 6.1536515713, 5.3368825150,
569,1, 6.5938743782, 10.9931140518,
569,2, 5.7969426537, 3.9934008694,
569,3, 7.1074011517, 7.4747604752,
569,4, 7.6315085506, 18.2760018921,
570,0, 6.8771751785, 4.9570226002,
570,1, 6.2895006180, 5.8177049541,
570,2, 7.0411852360, 2.9810527229,
570,3, 7.3921581554, 2.8148276043,
570,4, 6.5405770397, 5.4641518211,
571,0, 6.3608942032, 14.5201449966,
571,1, 5.9435395718, 6.4127585983,
571,2, 5.7932292366, 4.1724519920,
571,3, 5.7994106960, 4.9264917564,
571,4, 6.0772693729, 4.7686953068,
572,0, 6.3252458096, 4.7928619766,
572,1, 7.1590352631, 9.6133940125,
572,2, 6.6799425507, 2.5285237408,
572,3, 6.2924403954, 3.7483651352,
572,4, 5.2692572689, 4.2205559015,
573,0, 6.0899347687, 14.6851765060,
573,1, 7.2497999382, 11.5050494194,
573,2, 7.5282226849, 8.2978090858,
573,3, 7.0245380497, 8.0707126236,
573,4, 6.8215869141, 6.5285806084,
574,0, 6.3390619850, 3.7426631546,
574,1, 8.8147204876, 7.3759852982,
574,2, 6.5744866657, 10.1105016518,
574,3, 7.1502371216, 4.8634804440,
574,4, 6.0300844765, 3.6890588570,
575,0, 9.4656026459, 4.6924934673,
575,1, 7.0067282486, 35.4711557007,
575,2, 5.3380610371, 4.6503874588,
575,3, 5.3199237442, 6.8967477226,
575,4, 6.2409738064, 3.6342302990,
576,0, 5.8622832680, 6.1704714680,
576,1, 6.5899056339, 2.3011376047,
576,2, 6.0151187134, 3.5401329517,
576,3, 7.2614921093, 8.4866648293,
576,4, 9.2613670254, 8.9387239742,
577,0, 7.4611277866, 8.0640916252,
577,1, 6.5830923462, 3.9329447174,
577,2, 7.7663469887, 19.0291899872,
577,3, 7.8711362362, 9.9751200485,
577,4, 7.8075877285, 7.3710176277,
578,0, 8.5936069584, 6.6581466198,
578,1, 6.2250663948, 3.6182900620,
578,2, 6.4062448597, 7.9002133560,
578,3, 5.6939919949, 5.7568948269,
578,4, 6.4892084026, 4.5054460239,
579,0, 8.5120053291, 5.1478639030,
579,1, 7.4087426376, 6.0691104317,
579,2, 6.8456264114, 9.6773360062,
579,3, 5.9416646576, 3.9029092979,
579,4, 6.0385486794, 5.8228480244,
580,0, 8.9465261078, 8.1518441963,
580,1, 7.8768949795, 3.4129304600,
580,2, 5.8610300255, 10.1613405800,
580,3, 6.7941613293, 3.7466346169,
580,4, 5.6721623421, 3.2087957907,
581,0, 6.3072157669, 7.7103453255,
581,1, 6.2740569305, 7.9832133293,
581,2, 5.8236034012, 2.6214898682,
581,3, 5.1754594707, 2.0492569208,
581,4, 6.4817696857, 6.1653668499,
582,0, 6.3169872570, 7.1235728264,
582,1, 12.2762551498, 4.4870460892,
582,2, 5.9621609783, 2.7389572620,
582,3, 5.6948119926, 3.6489643669,
582,4, 5.9396880627, 4.8810680199,
583,0, 6.3636229992, 4.4439259911,
583,1, 5.6041860962, 2.9969573450,
583,2, 6.7252228928, 6.2733764648,
583,3, 5.3885688877, 5.4527934265,
583,4, 7.2103641224, 3.9365544796,
584,0, 6.7675807762, 3.8164699554,
584,1, 6.3849819469, 5.0726415157,
584,2, 5.6529156017, 4.5910284424,
584,3, 6.1727822399, 8.0728065872,
584,4, 8.4363650513, 3.9227450657,
585,0, 7.8349024773, 4.2543670082,
585,1, 5.8988811207, 6.7974423790,
585,2, 6.4814412498, 2.4599723196,
585,3, 5.5080398560, 4.6912348557,
585,4, 5.4829261112, 4.1925440693,
586,0, 7.4878412724, 7.9905874443,
586,1, 12.8946105289, 6.7877339077,
586,2, 11.4372912598, 5.0209731007,
586,3, 5.8881619167, 3.0392914104,
586,4, 5.1279977131, 4.4822818613,
587,0, 5.3241766930, 5.2506683445,
587,1, 5.3247552967, 5.1960100079,
587,2, 5.6544443893, 2.5479406023,
587,3, 7.7244380188, 8.3644168758,
587,4, 6.4737534809, 4.8507167816,
588,0, 6.5639693069, 3.6899133492,
588,1, 5.9830740261, 6.5399238873,
588,2, 6.1078589630, 4.7682211971,
588,3, 7.3158701229, 8.9211434746,
588,4, 6.3415004921, 4.2547694206,
589,0, 6.6398945808, 6.0924378586,
589,1, 7.2935168648, 4.2009193993,
589,2, 5.4475977230, 2.0784796524,
589,3, 5.5107724094, 2.9354421616,
589,4, 6.4760064125, 3.8196054983,
590,0, 6.0296863270, 6.4029412746,
590,1, 6.8244751072, 15.3994245529,
590,2, 5.9045046234, 2.0793439889,
590,3, 6.2247270393, 4.3128199673,
590,4, 8.6245685387, 12.9800083542,
591,0, 6.6845130825, 7.3794043350,
591,1, 8.7868266296, 3.9046218348,
591,2, 5.7643626595, 7.0611360645,
591,3, 6.6096616173, 2.7257515812,
591,4, 7.5557395458, 4.2414746189,
592,0, 6.3390588093, 4.0169660759,
592,1, 6.1746442604, 2.8683371592,
592,2, 4.9133445263, 3.5929748964,
592,3, 6.0034625435, 4.9786447001,
592,4, 6.4823606300, 8.2347729683,
593,0, 7.4893372631, 6.3600386238,
593,1, 7.1808017540, 7.3462709427,
593,2, 6.9171339130, 5.9769106960,
593,3, 6.3563633060, 4.2799251556,
593,4, 7.5119200706, 7.7648326683,
594,0, 6.2825603008, 3.6134215450,
594,1, 5.5513393784, 6.9962073135,
594,2, 7.3367724514, 9.7343297958,
594,3, 7.0298738289, 4.4070541286,
594,4, 7.7874451065, 11.3640774918,
595,0, 7.4661377907, 22.9390429688,
595,1, 6.1771708012, 4.0870212412,
595,2, 5.6798528004, 1.7430079126,
595,3, 5.0745512295, 3.7207000446,
595,4, 4.9983843517, 3.5140771818,
596,0, 5.4414522076, 5.7045876122,
596,1, 5.4805431175, 4.5296057224,
596,2, 5.5374637508, 3.2263023949,
596,3, 8.1556933212, 9.5971185303,
596,4, 5.9941969776, 12.5496829033,
597,0, 5.5878594589, 2.8025589132,
597,1, 7.0907561398, 7.8560035133,
597,2, 5.2205858135, 4.7010429382,
597,3, 6.1996094894, 5.4853294373,
597,4, 6.4314543247, 9.0063207054,
598,0, 5.9188111687, 3.4182051086,
598,1, 11.0723882771, 8.7798948860,
598,2, 6.4209689426, 2.6175316811,
598,3, 5.8811536121, 10.0083856010,
598,4, 5.2372615719, 2.3786576843,
599,0, 5.1382898045, 8.2026615143,
599,1, 6.0862687588, 4.6198174953,
599,2, 6.9957880878, 6.4756202698,
599,3, 6.8156267071, 5.6011825752,
599,4, 6.0194565678, 5.9840735912,
600,0, 7.2941363049, 3.5554257011,
600,1, 6.5026763725, 9.5540000248,
600,2, 6.7454115295, 5.8232999134,
600,3, 5.8881389713, 4.7601049423,
600,4, 5.6648094273, 2.3379963255,
601,0, 5.1845067406, 2.8927688742,
601,1, 9.4540812016, 6.1881268597,
601,2, 7.2258108711, 6.3954360199,
601,3, 6.6242584229, 7.6573270416,
601,4, 5.3202346897, 2.2896481085,
602,0, 4.9276884651, 5.1700822163,
602,1, 5.4359092331, 4.9780815887,
602,2, 6.9086387634, 6.6466221428,
602,3, 5.3447874641, 6.5584104061,
602,4, 5.3889673901, 4.8936796379,
603,0, 5.8108600712, 5.1008081532,
603,1, 5.4437814522, 3.6089222431,
603,2, 6.1036009502, 13.8562985992,
603,3, 8.0901058197, 3.1493200874,
603,4, 10.4369141769, 25.4908265686,
604,0, 6.8686079311, 2.3903043127,
604,1, 5.6800549507, 2.5648929596,
604,2, 4.7591572666, 8.7938451195,
604,3, 5.5162702084, 3.0636205959,
604,4, 6.1651175785, 3.4358307171,
605,0, 5.9790637302, 9.9952644348,
605,1, 6.3061814499, 3.5219056940,
605,2, 5.4891941261, 3.8023667812,
605,3, 5.6362113380, 3.9006673717,
605,4, 5.9173968506, 7.7077241421,
606,0, 4.9874925518, 3.8634926796,
606,1, 5.6763959312, 5.0287507534,
606,2, 5.5802677822, 6.8161728287,
606,3, 6.3299760628, 7.3264182854,
606,4, 6.3233797264, 1.7508418417,
607,0, 6.1063187695, 5.6039937782,
607,1, 5.9830312538, 2.6775387287,
607,2, 5.7734786797, 6.3438521004,
607,3, 4.8911612892, 2.3640303040,
607,4, 9.3815657806, 4.2337287235,
608,0, 5.5374781799, 2.0912083125,
608,1, 6.8571754169, 7.2670308304,
608,2, 5.9946076679, 5.2795310974,
608,3, 7.9879806137, 11.8216099167,
608,4, 6.5057524681, 6.9350603485,
609,0, 6.5636175919, 2.8439456129,
609,1, 5.4195535278, 2.8612659836,
609,2, 6.3502138233, 4.2183457375,
609,3, 6.1201340103, 4.1045946503,
609,4, 6.4093124962, 4.6486820984,
610,0, 5.0956099796, 3.7468900490,
610,1, 7.2416550922, 4.5202087975,
610,2, 5.6338470364, 7.2330444241,
610,3, 5.4670351887, 3.1744813967,
610,4, 5.6316189194, 8.8433828926,
611,0, 5.4321120644, 4.5588074398,
611,1, 5.1411721230, 3.9247678089,
611,2, 5.7728139019, 3.1748597527,
611,3, 5.0650989532, 9.2110271645,
611,4, 6.9797037411, 6.7084507370,
612,0, 6.3955103493, 4.4791400719,
612,1, 6.2985108852, 2.5791180182,
612,2, 6.6910701656, 6.7171986961,
612,3, 6.8805731201, 10.6718617058,
612,4, 6.0626072598, 4.4502065372,
613,0, 5.4499326515, 5.8718845081,
613,1, 7.0244943428, 6.2487014389,
613,2, 5.0040457821, 5.5107961941,
613,3, 5.6609572411, 2.7225866032,
613,4, 6.1590788269, 2.8729037189,
614,0, 5.8926696777, 6.6171685028,
614,1, 5.5297719383, 3.7679162025,
614,2, 10.8713383293, 19.9743689346,
614,3, 6.1862195206, 3.4813710690,
614,4, 5.1568966198, 3.2123587894,
615,0, 8.4910051727, 6.8369403267,
615,1, 6.9722513390, 4.3502275658,
615,2, 7.0758190632, 4.1783942699,
615,3, 5.9537146473, 7.2899376392,
615,4, 11.8204610443, 6.3110338306,
616,0, 7.7587670994, 4.6973905849,
616,1, 5.9293298435, 4.1087357140,
616,2, 5.3252747917, 4.7350329399,
616,3, 5.1589933395, 9.1700545692,
616,4, 5.3022686291, 2.5871985245,
617,0, 4.9959595966, 4.3453481436,
617,1, 6.0371381092, 5.5489730263,
617,2, 6.2790225315, 10.8445794678,
617,3, 6.1178367615, 2.8493208075,
617,4, 6.9971534061, 16.1603647614,
618,0, 5.6333405876, 6.0179644108,
618,1, 5.3799524879, 3.3200216675,
618,2, 7.6633298588, 10.2715902328,
618,3, 7.3176811504, 11.6544107437,
618,4, 6.3348055649, 4.1514494658,
619,0, 6.3777854156, 4.7583872604,
619,1, 5.9150549316, 4.0222375679,
619,2, 6.2671270943, 11.6145312119,
619,3, 5.8736403561, 1.5182723117,
619,4, 5.3762361240, 7.4142903519,
620,0, 5.5969403553, 2.3696762466,
620,1, 7.4331267452, 9.3478901672,
620,2, 5.9308720398, 2.6637690306,
620,3, 6.0842079353, 2.4106053829,
620,4, 5.5806960011, 4.3840931559,
621,0, 5.9264881420, 2.2855311775,
621,1, 5.8147703648, 3.5968924141,
621,2, 5.9316990280, 5.4217630196,
621,3, 4.7009686518, 8.8307870865,
621,4, 5.8740551758, 2.9211127186,
622,0, 5.6507448387, 6.1777274704,
622,1, 5.1679428196, 5.3549556637,
622,2, 5.5496166801, 5.2903351021,
622,3, 5.7771871471, 4.6920684004,
622,4, 7.1536510468, 4.8135207558,
623,0, 5.3394766617, 5.9871064568,
623,1, 6.2696409702, 3.7655717087,
623,2, 5.0876115608, 2.6643681192,
623,3, 5.2288179779, 6.2427469826,
623,4, 4.8008038807, 4.7344117165,
624,0, 8.2034402180, 9.7613069725,
624,1, 5.8875351048, 2.9017996788,
624,2, 6.1301157188, 4.3274542809,
624,3, 4.8922195721, 3.1842691898,
624,4, 6.5925766850, 4.3897624683,
625,0, 5.4856208420, 2.7497492218,
625,1, 5.1147152615, 3.2763054371,
625,2, 6.9289011765, 7.7290708351,
625,3, 5.0665773296, 6.8772635269,
625,4, 5.7641125202, 2.4677744341,
626,0, 5.3079656887, 7.6605050278,
626,1, 5.1336617756, 5.4288195896,
626,2, 6.0021166420, 2.8155040598,
626,3, 5.3213559532, 6.2073566532,
626,4, 5.4580579662, 7.3454369545,
627,0, 5.6098908615, 2.4367849874,
627,1, 5.5254754162, 3.3157571697,
627,2, 7.7799410248, 4.3776693821,
627,3, 5.4741516685, 6.3245668221,
627,4, 5.9610890007, 7.2411009026,
628,0, 7.0744293213, 5.1852940941,
628,1, 6.4396840954, 5.3336863708,
628,2, 6.5076324844, 6.6581871510,
628,3, 7.0785705090, 4.2850784206,
628,4, 5.3944614124, 4.8468959332,
629,0, 5.4478172779, 4.6379235935,
629,1, 6.1307330990, 2.9502285433,
629,2, 5.4196336365, 7.6431487274,
629,3, 6.3850964642, 4.6631024456,
629,4, 5.6558172417, 4.5016949606,
630,0, 5.2476912498, 4.8764591169,
630,1, 4.7965808058, 2.1191078711,
630,2, 5.5247514534, 6.5566573906,
630,3, 5.5237922955, 5.2349853325,
630,4, 7.4106386185, 9.6887614059,
631,0, 4.6415205288, 2.3547357702,
631,1, 5.9724972916, 9.6850818825,
631,2, 4.6761532593, 3.5763112402,
631,3, 5.1072908020, 2.9930878925,
631,4, 4.9286365891, 2.1721928120,
632,0, 5.6874983311, 5.2596094894,
632,1, 16.2067470074, 15.9511210632,
632,2, 5.5306565952, 3.8456877708,
632,3, 6.5494119358, 5.8582304382,
632,4, 7.2326841164, 6.1763523006,
633,0, 5.7742812729, 1.5991661811,
633,1, 7.6556307030, 6.1421611214,
633,2, 4.4294694328, 3.1305345774,
633,3, 7.3153948879, 4.0442342472,
633,4, 6.5204776573, 3.2174963331,
634,0, 5.4890993118, 3.8610286713,
634,1, 5.5330553055, 8.2816430855,
634,2, 5.9744047642, 4.6727873898,
634,3, 5.8509500122, 8.0831392860,
634,4, 5.8526851654, 6.6386069679,
635,0, 5.0035744095, 2.5217466736,
635,1, 4.3582634163, 3.0154303169,
635,2, 6.0616957760, 4.8754511261,
635,3, 5.6161823750, 3.1557487297,
635,4, 4.7335175037, 3.9154266500,
636,0, 5.7622902489, 31.7080001068,
636,1, 7.0254520226, 4.3379404163,
636,2, 5.9706269073, 2.6926654530,
636,3, 5.0507115650, 2.1628400993,
636,4, 5.5860775948, 5.6123715973,
637,0, 6.2365558243, 5.2060591888,
637,1, 6.3525622940, 6.1326393890,
637,2, 5.3192690468, 6.9445913696,
637,3, 4.8946634865, 4.2142975664,
637,4, 5.0878874588, 2.6636333990,
638,0, 5.1067864704, 4.4882089710,
638,1, 4.7306754017, 2.0526209831,
638,2, 5.0994348431, 6.4424852467,
638,3, 6.2613765907, 4.6875048923,
638,4, 5.0460278893, 4.6884993458,
639,0, 7.2908707142, 5.3717870235,
639,1, 7.1003279018, 4.6871572304,
639,2, 5.2400249863, 2.2609924364,
639,3, 5.1313846493, 6.7541229916,
639,4, 5.4336887455, 3.7775593376,
640,0, 5.5801652813, 10.4741711426,
640,1, 5.8363618851, 12.3252230835,
640,2, 7.9042335987, 6.2684757710,
640,3, 5.2337224960, 6.5395675659,
640,4, 5.6023443413, 3.0437431812,
641,0, 6.0297960472, 8.7163973236,
641,1, 5.2439044857, 2.1584156370,
641,2, 5.8759114838, 5.5061378098,
641,3, 5.4691589928, 2.5279756403,
641,4, 5.1580350399, 6.7778886986,
642,0, 4.7750613117, 3.8949374866,
642,1, 4.9508979988, 3.2009298134,
642,2, 5.3263268280, 7.5245427513,
642,3, 5.1772409058, 2.5930024958,
642,4, 7.1541516781, 18.5327845764,
643,0, 6.0190167999, 5.9667290401,
643,1, 5.6919754028, 5.5084704304,
643,2, 4.8403391457, 4.3910706997,
643,3, 6.2661819744, 8.2332541656,
643,4, 5.4300787830, 4.1004551411,
644,0, 5.1266789055, 2.5451489878,
644,1, 4.9274292326, 2.8159433317,
644,2, 7.6504821205, 2.9229628611,
644,3, 6.1497986507, 8.3843957710,
644,4, 5.4394441891, 3.5836860752,
645,0, 5.5753684902, 4.4333696270,
645,1, 5.5009097862, 4.5291404343,
645,2, 4.9261742306, 2.6733633661,
645,3, 4.9554890299, 4.9576716518,
645,4, 4.6705066395, 1.7348741007,
646,0, 5.0603209209, 4.6079176378,
646,1, 11.7879700375, 8.2509042549,
646,2, 5.6524105453, 2.3413546896,
646,3, 8.8982370567, 10.5676118279,
646,4, 4.8703565502, 4.5713525105,
647,0, 7.2490055275, 6.1233201027,
647,1, 4.7142028809, 4.4051377344,
647,2, 5.4113907909, 6.8366976547,
647,3, 4.9690312672, 5.0517685509,
647,4, 4.9726858711, 2.4956292820,
648,0, 6.3158835411, 3.2138413715,
648,1, 6.6613855648, 9.0454706573,
648,2, 7.1029277897, 9.3420059395,
648,3, 6.0465539742, 2.5724696112,
648,4, 6.0623465919, 9.3445061874,
649,0, 4.9627111483, 6.6737665176,
649,1, 6.0105279160, 5.8566711140,
649,2, 6.2678853893, 4.4818919373,
649,3, 4.6158149338, 1.8215319777,
649,4, 4.8954100895, 5.2179707432,
650,0, 5.2055656433, 4.9800995350,
650,1, 5.1749383068, 8.2809344673,
650,2, 6.7040680790, 19.8800471497,
650,3, 5.5824429035, 2.9370834541,
650,4, 5.2175970650, 3.6960408211,
651,0, 5.5632144642, 2.9803274059,
651,1, 5.5714954281, 2.9446104097,
651,2, 5.9217593575, 7.5965434647,
651,3, 4.5696552849, 2.0113463259,
651,4, 5.9132991219, 11.5057240295,
652,0, 4.9945420551, 5.1601217937,
652,1, 5.2820422459, 2.2109364080,
652,2, 5.1594719315, 3.4790312958,
652,3, 5.7361767864, 5.4883187866,
652,4, 5.4205703163, 4.2148691463,
653,0, 6.2782939434, 4.8316139221,
653,1, 5.5419478703, 5.8765333176,
653,2, 6.3964302063, 7.9531528473,
653,3, 4.4942946243, 2.2107085323,
653,4, 4.5519423914, 2.2468809175,
654,0, 5.2398217392, 4.8560864544,
654,1, 5.3808859062, 2.4999193525,
654,2, 5.2126525497, 5.8969350243,
654,3, 6.3558346081, 7.7977707481,
654,4, 6.6101546860, 6.3732143784,
655,0, 4.7027441406, 2.4745233440,
655,1, 4.6381181717, 5.9601300907,
655,2, 5.3331385136, 5.9596495438,
655,3, 5.1875785828, 1.7668755484,
655,4, 5.1640148258, 4.0155711937,
656,0, 5.0050739956, 3.9432311726,
656,1, 6.9015871906, 5.5838097763,
656,2, 6.5863349724, 3.9047777843,
656,3, 5.6714459133, 5.6325809097,
656,4, 5.6036250210, 5.1569151115,
657,0, 4.0806955528, 3.1372684813,
657,1, 5.2215703583, 2.7259540176,
657,2, 5.8956149483, 2.6971466303,
657,3, 5.9807370281, 5.5085195351,
657,4, 4.4316040516, 5.6070873260,
658,0, 4.8963166523, 7.7164801979,
658,1, 6.4201004505, 6.6709272957,
658,2, 4.3447049809, 2.2036687851,
658,3, 4.5187253761, 3.8934662914,
658,4, 4.7534850216, 7.2374205399,
659,0, 4.8182063866, 2.6503737879,
659,1, 4.8031038570, 5.0988607883,
659,2, 4.5745677853, 3.2047979641,
659,3, 5.1663063717, 5.0451177025,
659,4, 5.4276351547, 5.0976252460,
660,0, 5.6095750618, 7.4018450260,
660,1, 6.2271242428, 3.4038792992,
660,2, 5.6471358299, 3.2157610321,
660,3, 5.4877605724, 5.4231111908,
660,4, 5.2150831604, 2.1755169511,
661,0, 6.6912568474, 4.1322297287,
661,1, 5.4478390884, 15.0677802277,
661,2, 5.2429422760, 7.5757808495,
661,3, 6.9052882099, 5.3902303505,
661,4, 5.2357387352, 2.6781538725,
662,0, 4.9541056728, 4.0697357655,
662,1, 5.3485074997, 8.2933827591,
662,2, 6.0771381092, 10.3705897522,
662,3, 5.2321215153, 2.4161651087,
662,4, 5.4965958977, 10.9143952942,
663,0, 5.2028963852, 4.0242454720,
663,1, 5.5686189747, 2.6120483732,
663,2, 4.4630045700, 5.6719020176,
663,3, 6.1614078712, 2.6548013926,
663,4, 5.1378538227, 2.9256877708,
664,0, 4.4613520908, 10.0639801788,
664,1, 6.1125625706, 8.5699602699,
664,2, 5.3373672485, 8.7675457573,
664,3, 5.9179423714, 4.5293380451,
664,4, 5.0597536659, 3.8324824047,
665,0, 5.7483846569, 5.2549362564,
665,1, 6.3891082287, 4.6834107018,
665,2, 5.2210031319, 1.6412390709,
665,3, 5.2322694778, 2.1171008968,
665,4, 4.9447945976, 3.4532050180,
666,0, 5.6633648872, 7.8892364311,
666,1, 5.9600151539, 3.0104759121,
666,2, 4.5747915936, 3.0007922792,
666,3, 4.6427995205, 2.1056206846,
666,4, 4.9320707607, 7.6849176979,
667,0, 5.4105590057, 4.3692762852,
667,1, 4.1675639391, 4.5093027306,
667,2, 5.6726099968, 4.6005163479,
667,3, 6.0446998501, 3.0997702789,
667,4, 5.2684083366, 7.1834192181,
668,0, 5.3800044060, 2.6093826342,
668,1, 5.9657317638, 7.0517040062,
668,2, 5.0695153713, 2.1019430065,
668,3, 5.4694423103, 3.8777108765,
668,4, 4.4179244423, 8.0044460678,
669,0, 5.3225946999, 4.5255485582,
669,1, 5.5750823402, 1.9812637806,
669,2, 5.0082440853, 6.5435525608,
669,3, 4.7533926296, 2.4399853563,
669,4, 4.8596522999, 4.7623495674,
670,0, 4.5470773697, 4.2420008183,
670,1, 4.0659027815, 2.7003635740,
670,2, 4.6462524700, 5.6412965488,
670,3, 5.5655674362, 9.6259373474,
670,4, 4.8321597862, 2.3821098351,
671,0, 5.4599775982, 2.5786781597,
671,1, 5.5001942062, 5.5763528633,
671,2, 6.9149067879, 14.3105559921,
671,3, 5.1304130840, 3.7683706474,
671,4, 4.5221580219, 3.4586108923,
672,0, 5.8797399616, 5.1632599354,
672,1, 5.4965927315, 6.0598398018,
672,2, 5.6993230057, 2.7063550234,
672,3, 4.2755755806, 6.1133293343,
672,4, 5.3026142979, 4.5108015633,
673,0, 5.8057956409, 12.4488739395,
673,1, 4.5659038067, 3.9510864925,
673,2, 5.0035836506, 7.0879049110,
673,3, 6.1440899658, 4.6059062004,
673,4, 7.1232767582, 2.5777030993,
674,0, 5.1930786610, 3.8741921902,
674,1, 4.5309206104, 1.8251478100,
674,2, 5.1303898716, 3.7626667213,
674,3, 6.5872357941, 8.3942548370,
674,4, 5.8781014061, 13.9820353317,
675,0, 6.0783275127, 4.6675626659,
675,1, 4.5033200932, 2.0329142523,
675,2, 5.8725898647, 4.6657856846,
675,3, 4.7661331177, 3.8090248966,
675,4, 5.4595225430, 6.3539667034,
676,0, 5.5459880066, 4.5809146404,
676,1, 6.9073924446, 4.8872939873,
676,2, 5.2810110044, 3.2901890945,
676,3, 4.5993385696, 2.5196195793,
676,4, 5.3700122547, 6.5022497749,
677,0, 4.9020256996, 4.4550352859,
677,1, 5.2247516918, 3.3357957363,
677,2, 4.5269242668, 2.7621134758,
677,3, 5.0787497807, 3.7121756554,
677,4, 5.1529051685, 3.2386673498,
678,0, 5.6630249691, 2.1896171951,
678,1, 5.5250414276, 4.4544007206,
678,2, 5.4166659164, 7.6058749008,
678,3, 5.4170655632, 7.3884140396,
678,4, 4.3565494108, 10.3204389572,
679,0, 5.3240409851, 3.3823458529,
679,1, 6.0894509029, 5.8136885834,
679,2, 5.6223491192, 5.9160021114,
679,3, 9.3771749306, 6.2629282379,
679,4, 5.8423827362, 4.6562068129,
680,0, 6.6865619469, 2.8689556265,
680,1, 4.8440044308, 6.9413185501,
680,2, 5.2090086842, 2.6883690786,
680,3, 4.3091450500, 1.8241740799,
680,4, 4.9643250656, 2.2736332655,
681,0, 4.1277542782, 4.2245829868,
681,1, 4.9503562784, 5.1689916420,
681,2, 5.1003906155, 6.4932814217,
681,3, 6.0869544411, 3.4515085983,
681,4, 4.8768541241, 1.4396812582,
682,0, 4.0705206966, 3.3318888092,
682,1, 4.7941270828, 4.8812574482,
682,2, 5.9045349503, 5.4402876568,
682,3, 4.8265744972, 5.9674965382,
682,4, 4.4202069187, 1.8542445898,
683,0, 5.4990643692, 5.6928257370,
683,1, 4.7177063465, 4.1276357269,
683,2, 4.5584425402, 3.1277934361,
683,3, 4.4819846439, 3.0568238735,
683,4, 4.9041603088, 2.2157260418,
684,0, 4.1604138565, 2.4237579060,
684,1, 6.0295743895, 6.0577987480,
684,2, 10.2715806198, 10.3067743492,
684,3, 5.4410973072, 2.4583021069,
684,4, 5.1276671028, 6.5492599869,
685,0, 7.0234596825, 6.4217342377,
685,1, 5.0928575611, 3.1149923134,
685,2, 4.7682960224, 2.0020715427,
685,3, 5.4716054726, 2.2400473833,
685,4, 7.6514144325, 3.8627740335,
686,0, 4.8116385603, 3.7058301830,
686,1, 5.9384460926, 3.7158436680,
686,2, 5.7745441437, 3.1573477745,
686,3, 4.3665253448, 4.5673254681,
686,4, 4.4219478035, 4.4073593044,
687,0, 5.6996032906, 4.0358013439,
687,1, 5.5044349289, 2.0212865973,
687,2, 6.1642997742, 7.3470552254,
687,3, 4.7768281078, 4.7607604599,
687,4, 4.7884745216, 4.6065781546,
688,0, 5.8264219189, 2.8669629145,
688,1, 4.8489561844, 4.7381887722,
688,2, 5.6231651974, 6.9388540649,
688,3, 7.8941055489, 5.2036525154,
688,4, 5.0580718708, 3.8215675831,
689,0, 4.7757089138, 1.8623318624,
689,1, 5.7476900768, 5.8771379185,
689,2, 4.6089896679, 3.7057494068,
689,3, 4.6084964657, 2.4387387753,
689,4, 4.9818458271, 3.8898908234,
690,0, 4.3461448956, 5.0042199421,
690,1, 5.4947836590, 5.4696113586,
690,2, 5.4129653454, 4.8001683521,
690,3, 4.6538165188, 2.7446938467,
690,4, 4.9066909599, 5.4945687866,
691,0, 4.9379965019, 3.4594275284,
691,1, 6.1503331757, 3.2116554928,
691,2, 4.9368240452, 3.7142410755,
691,3, 4.9357209015, 2.1927764463,
691,4, 7.1430482674, 7.2201868439,
692,0, 5.3312251759, 3.1122193384,
692,1, 4.5657330132, 3.8902453566,
692,2, 4.6853705883, 6.5461048317,
692,3, 6.0584266090, 4.4381155777,
692,4, 4.3178378868, 2.5178774977,
693,0, 4.4578662109, 2.3118397379,
693,1, 5.5954404545, 3.9721607351,
693,2, 5.1187430859, 3.4301924610,
693,3, 4.9926993752, 3.0058621740,
693,4, 6.9288725948, 7.9342670918,
694,0, 4.5439071178, 5.4838666534,
694,1, 4.9109370232, 3.4953491545,
694,2, 5.9547338104, 3.2294481277,
694,3, 4.7572621822, 3.3704086590,
694,4, 4.4679363489, 1.8334359765,
695,0, 4.2179450369, 5.1847683334,
695,1, 6.2167742825, 7.4878970718,
695,2, 5.3784672928, 2.3729513454,
695,3, 6.8135115719, 2.9559065485,
695,4, 4.4724489212, 4.1749845028,
696,0, 4.5304908848, 3.7435658836,
696,1, 6.3968462801, 7.1304867935,
696,2, 5.1418196392, 1.8688060760,
696,3, 4.6803949642, 4.9083918095,
696,4, 5.1537166214, 3.5133310223,
697,0, 5.1988055801, 7.6503389359,
697,1, 4.7322731209, 6.4588932037,
697,2, 4.7202262878, 2.7549509478,
697,3, 4.4982989788, 5.4320633888,
697,4, 3.9493618202, 4.1470750427,
698,0, 5.1008130074, 6.9701168823,
698,1, 5.0093626308, 3.5198065472,
698,2, 5.1966097927, 7.9158534241,
698,3, 5.0393190002, 5.4356607056,
698,4, 4.8777798271, 3.3483145905,
699,0, 4.5916858196, 1.8506822205,
699,1, 5.1545638180, 2.4182358360,
699,2, 4.0749783611, 5.0497988033,
699,3, 4.4897799921, 1.8627634144,
699,4, 4.6757761097, 6.6291773415,
700,0, 5.4979362679, 2.1690726233,
700,1, 4.2774800777, 3.2695581865,
700,2, 4.1141379547, 5.3211499214,
700,3, 6.7278319502, 3.4778369236,
700,4, 5.6753431606, 2.0711115885,
701,0, 5.2478861237, 3.6150869179,
701,1, 4.4468643188, 3.9773925114,
701,2, 5.7805550766, 3.0053720665,
701,3, 4.0296600246, 2.7080182362,
701,4, 4.5528667164, 6.0619169426,
702,0, 4.2145835972, 2.6135521317,
702,1, 4.9406842804, 5.5429634476,
702,2, 4.6433715439, 7.2215696144,
702,3, 4.6920730495, 3.9713274956,
702,4, 4.7379377270, 3.4816107321,
703,0, 5.0323886395, 5.8275770187,
703,1, 5.4281430244, 3.4410982037,
703,2, 4.9195328045, 6.4805331707,
703,3, 4.6112213707, 5.4958147812,
703,4, 5.7544952202, 12.9808510208,
704,0, 6.2439161015, 6.4074062920,
704,1, 4.6532800388, 2.3069207954,
704,2, 5.1207691002, 3.6056770325,
704,3, 4.7198190689, 6.7849068069,
704,4, 4.1542415524, 5.7671496391,
705,0, 5.0433252239, 4.6312132835,
705,1, 6.3630674362, 4.4754319096,
705,2, 4.0854867554, 2.4187717533,
705,3, 4.5066642380, 4.7636351585,
705,4, 4.7995291805, 4.1803112984,
706,0, 3.7911370659, 2.8699823809,
706,1, 4.1688084412, 2.1732639790,
706,2, 4.3156730461, 3.1143186188,
706,3, 5.0586964798, 5.7684725475,
706,4, 5.8151540565, 3.2149897861,
707,0, 5.2888376522, 3.0442204475,
707,1, 4.8627996922, 14.1828596878,
707,2, 5.4335627460, 4.8866221046,
707,3, 5.0369254494, 5.4333466053,
707,4, 4.6639916992, 4.3886617088,
708,0, 5.2390620899, 4.8852562618,
708,1, 4.9861367941, 2.8827784920,
708,2, 4.5157699299, 7.6294250107,
708,3, 4.5900900555, 6.9346463203,
708,4, 4.4800319862, 2.2471660328,
709,0, 4.8841143036, 4.7639071369,
709,1, 5.2280735302, 2.6485526085,
709,2, 5.5264401627, 3.2314290524,
709,3, 4.3465960073, 3.8884547424,
709,4, 4.6477229691, 3.0312741852,
710,0, 4.7604087830, 6.3473509121,
710,1, 4.8761640835, 4.6659644079,
710,2, 4.7372764015, 5.3117448997,
710,3, 4.3762547874, 5.2996825027,
710,4, 5.3741319561, 3.4824406910,
711,0, 4.7859182262, 3.5233698940,
711,1, 3.8612742519, 3.5865044785,
711,2, 5.7494979095, 7.4108846283,
711,3, 4.1566012573, 3.6286859226,
711,4, 4.9742101192, 2.1962843561,
712,0, 4.6230792618, 5.7871349049,
712,1, 4.6117095566, 3.4603892326,
712,2, 6.9065124989, 6.8576401234,
712,3, 4.8854036713, 7.3376338577,
712,4, 3.8365316296, 2.0509453726,
713,0, 3.9329304790, 5.1327378464,
713,1, 6.0988115120, 7.6467452812,
713,2, 4.4381845951, 2.0112545633,
713,3, 4.5494806099, 3.2022073841,
713,4, 4.6147901487, 2.6436021709,
714,0, 4.6343360138, 1.6856128788,
714,1, 4.9894966316, 3.3667113018,
714,2, 4.9960617542, 3.9499292278,
714,3, 4.4843738365, 8.0571817780,
714,4, 3.9262968445, 1.8944042110,
715,0, 4.5995247555, 2.9576393700,
715,1, 4.4960179043, 6.3982690525,
715,2, 4.4687751007, 3.5223051929,
715,3, 4.1160650682, 2.9313807535,
715,4, 4.2392932749, 3.0891807461,
716,0, 6.0028189754, 4.9359998608,
716,1, 4.8189139366, 4.1834206390,
716,2, 4.9818635368, 3.7257939148,
716,3, 4.1338038921, 3.0864763546,
716,4, 4.8675573063, 2.5488694572,
717,0, 4.7054898119, 6.5496219540,
717,1, 9.2614838696, 6.2462789154,
717,2, 4.3555574608, 5.4100922680,
717,3, 4.3027197742, 5.3515113544,
717,4, 3.6341171741, 3.2232541275,
718,0, 4.3090316010, 4.8014481831,
718,1, 6.3147838974, 4.9369235897,
718,2, 5.7078789902, 4.9236026955,
718,3, 5.2731724644, 2.0671887302,
718,4, 5.8018979263, 6.7275584221,
719,0, 4.2533264923, 2.9758300972,
719,1, 4.9880947542, 5.4100355816,
719,2, 5.3138916397, 2.8576936626,
719,3, 4.1798178864, 4.5366737318,
719,4, 4.1140427828, 4.4356014824,
720,0, 5.4498939133, 3.6082238483,
720,1, 4.1264396667, 7.2150570488,
720,2, 4.2547902393, 2.8027248955,
720,3, 4.5892576790, 10.1465057373,
720,4, 4.8357380581, 2.2246427917,
721,0, 9.6008872604, 3.6506771564,
721,1, 5.2311975288, 3.4148544502,
721,2, 4.3556323481, 2.6135276985,
721,3, 7.7792227411, 10.6927963066,
721,4, 5.1101751328, 3.0710757542,
722,0, 4.8970948410, 3.9096351814,
722,1, 5.9983067989, 2.5738534069,
722,2, 5.6084164143, 8.6161534691,
722,3, 4.4232095623, 5.3279195786,
722,4, 4.4778208971, 3.1228500509,
723,0, 9.3048678589, 6.7583555698,
723,1, 4.9083755779, 2.7525193739,
723,2, 6.1491256523, 3.0805916595,
723,3, 5.4922198772, 7.1451347542,
723,4, 5.4006923008, 3.3918889999,
724,0, 4.7284328651, 3.7126950550,
724,1, 4.2183106041, 4.3958807945,
724,2, 5.7341900730, 5.2282051659,
724,3, 4.9547015476, 3.6450903273,
724,4, 4.8205001450, 2.7223557281,
725,0, 4.8531151962, 2.4192411995,
725,1, 4.3951570129, 4.6161919022,
725,2, 5.1872738934, 3.9803244400,
725,3, 3.9375486660, 3.6873360014,
725,4, 4.5989855433, 3.7501736259,
726,0, 4.1194603920, 1.7057017517,
726,1, 4.1776902723, 2.2378132820,
726,2, 3.9481496906, 2.6256812000,
726,3, 4.3401898670, 2.1987163401,
726,4, 4.9223103428, 6.4333311176,
727,0, 4.7184218884, 8.0616798210,
727,1, 5.0241693211, 2.4494920111,
727,2, 4.1711500645, 10.2460711479,
727,3, 4.6131440639, 2.7547085953,
727,4, 4.2036623001, 7.5701595688,
728,0, 14.7873090172, 11.2178080750,
728,1, 4.4313915730, 3.5237377167,
728,2, 4.0131496668, 4.5064641285,
728,3, 4.3476346970, 2.5594742346,
728,4, 3.9895679474, 2.9620552444,
729,0, 4.0468436050, 5.7837117386,
729,1, 5.2915229797, 11.2344784737,
729,2, 5.1713905716, 7.0076019859,
729,3, 4.5183735991, 2.7533094597,
729,4, 6.2053137159, 7.7751586723,
730,0, 5.1228090000, 3.6669046116,
730,1, 4.9077411842, 3.8290388775,
730,2, 4.8149244118, 4.5214024925,
730,3, 4.7013428593, 9.4600503349,
730,4, 4.5860744858, 2.7021034193,
731,0, 4.0340327597, 3.0452400398,
731,1, 4.8855153990, 4.3505879879,
731,2, 4.1932806492, 6.8943243504,
731,3, 4.8439635658, 4.0102682590,
731,4, 4.1754983902, 2.8710658932,
732,0, 5.7335323095, 7.2694824600,
732,1, 5.0098402786, 2.9388203859,
732,2, 4.8658104515, 7.9563829613,
732,3, 4.1736732149, 3.4814839458,
732,4, 4.3202611160, 4.3906563807,
733,0, 4.1615107155, 5.7526809216,
733,1, 4.4572383118, 3.9581781578,
733,2, 4.0479790592, 3.1030367851,
733,3, 5.3329717636, 5.0262962437,
733,4, 5.7194941330, 3.2353690624,
734,0, 4.4494788647, 2.7826835680,
734,1, 4.7322300434, 7.5813212013,
734,2, 4.3431662560, 3.4275197220,
734,3, 4.1032027721, 3.6771208191,
734,4, 3.9939008808, 2.9390534353,
735,0, 4.8444975758, 2.7989568615,
735,1, 6.7952846527, 4.3903184414,
735,2, 5.9110098457, 8.8485998344,
735,3, 4.7704375076, 4.3543765068,
735,4, 4.4310782146, 5.3184024906,
736,0, 4.9545162201, 6.2913383675,
736,1, 5.2655677271, 4.9816777992,
736,2, 3.5879202890, 5.0719771862,
736,3, 4.4300024509, 2.5905064583,
736,4, 3.8806215096, 5.6611280155,
737,0, 4.7109468460, 6.5781886959,
737,1, 4.7517324257, 6.4209911728,
737,2, 5.4578468323, 3.9485841846,
737,3, 4.1032466936, 5.4232381248,
737,4, 4.8781210327, 4.1416985703,
738,0, 5.7026065540, 7.4933343887,
738,1, 4.8554974556, 4.3734671497,
738,2, 4.8919916630, 3.1876728535,
738,3, 5.0951970577, 7.9117079353,
738,4, 6.4433689308, 5.5549888325,
739,0, 4.6256863308, 3.2629919672,
739,1, 4.2680403423, 3.9321509886,
739,2, 4.0479032421, 2.1158598280,
739,3, 4.4834199047, 5.5769432831,
739,4, 4.0560772371, 4.2699417591,
740,0, 4.8006939507, 2.7853775787,
740,1, 3.9611763287, 4.8065061188,
740,2, 4.2562592697, 3.1971053219,
740,3, 5.4256375217, 2.7166888952,
740,4, 4.2340737152, 1.4833533287,
741,0, 4.1130288506, 3.5645433426,
741,1, 3.9727800846, 7.1629354000,
741,2, 3.9431807327, 3.7266574764,
741,3, 5.1247018337, 3.5483116627,
741,4, 5.3423605633, 5.7375421238,
742,0, 5.4726842403, 6.8623217964,
742,1, 4.3446602631, 3.9268511105,
742,2, 4.7820311546, 2.9484783316,
742,3, 4.9379058552, 3.2691277695,
742,4, 5.5892352676, 5.9728752327,
743,0, 5.2576787186, 3.5458167171,
743,1, 5.1332806492, 2.5733225298,
743,2, 4.2371559620, 2.3268398952,
743,3, 3.9041223860, 3.2370572472,
743,4, 3.9130450058, 1.8771015882,
744,0, 3.6882421398, 3.0756491756,
744,1, 4.3495526695, 4.9969335556,
744,2, 3.9225077724, 4.2030297375,
744,3, 4.9876483917, 4.9331324482,
744,4, 3.6579394245, 3.4592150259,
745,0, 4.0146511889, 4.0315705967,
745,1, 4.1140929413, 9.0287506676,
745,2, 4.2978482628, 2.7117666340,
745,3, 4.7512606525, 2.9813741970,
745,4, 5.6704379368, 4.4696321774,
746,0, 5.2676143456, 2.7589597583,
746,1, 4.8776631641, 2.2327483940,
746,2, 4.4419725704, 2.3193362331,
746,3, 4.8524988747, 3.7671182108,
746,4, 5.1067957115, 2.5950992966,
747,0, 9.1568903160, 5.1321685123,
747,1, 5.6420387268, 5.2118240070,
747,2, 4.5410112572, 3.6235063744,
747,3, 5.2956674957, 3.0676042080,
747,4, 5.1070100689, 4.1360929632,
748,0, 4.1065618420, 4.7552401829,
748,1, 5.1656715775, 10.7756991577,
748,2, 4.9790373325, 2.2961945581,
748,3, 5.1852709389, 1.9691356611,
748,4, 4.7729964542, 2.6714245129,
749,0, 9.4554399395, 10.1347233582,
749,1, 5.1429468632, 3.3717657089,
749,2, 4.3102826357, 3.6547065258,
749,3, 3.7063963890, 4.8850671291,
749,4, 5.6428666878, 4.4677096176,
750,0, 4.5040693235, 3.7946883583,
750,1, 5.3627589703, 5.9001221943,
750,2, 6.7083256340, 6.0699920845,
750,3, 4.6488926601, 4.5770602989,
750,4, 7.6588665771, 9.2879703140,
751,0, 4.1838053703, 3.9968896294,
751,1, 4.9076144361, 3.0828525209,
751,2, 4.5357560349, 3.7550393200,
751,3, 4.5445645666, 5.3988295650,
751,4, 4.0290155220, 6.4448061371,
752,0, 3.8895543671, 3.0227866554,
752,1, 4.6759362507, 1.8782004213,
752,2, 6.0796025515, 5.3374486494,
752,3, 4.6978549957, 4.5544613838,
752,4, 3.8389702797, 3.5723588085,
753,0, 3.9506328773, 3.4970151234,
753,1, 4.5781758022, 3.0818503428,
753,2, 4.4838798094, 5.8365465355,
753,3, 4.1980618095, 2.3981828499,
753,4, 5.1818688011, 4.0615959024,
754,0, 8.1555087948, 8.7299211693,
754,1, 4.9626046658, 9.5106891823,
754,2, 4.2619266987, 1.9878668904,
754,3, 5.1089242601, 4.5531654739,
754,4, 4.4253710842, 3.3824696064,
755,0, 4.3927528572, 2.8515294027,
755,1, 3.9072121620, 4.3720141315,
755,2, 5.8487204409, 12.8512128830,
755,3, 3.9432160854, 3.7111062050,
755,4, 4.5439068556, 2.8615251350,
756,0, 4.0733468056, 4.5550912857,
756,1, 4.1900824785, 3.3259599543,
756,2, 4.7477422810, 6.1206321621,
756,3, 4.5451931953, 2.0037225485,
756,4, 4.4513628101, 3.2211916351,
757,0, 4.9867908573, 2.3912218809,
757,1, 6.2469289684, 6.9087037086,
757,2, 4.6844395924, 2.7739195395,
757,3, 3.9082200527, 3.3796355057,
757,4, 4.1907891846, 3.2586685038,
758,0, 4.0256916809, 3.9377429223,
758,1, 4.0786735153, 3.6755732441,
758,2, 4.2863134956, 2.6210117960,
758,3, 3.8557892323, 5.3447417736,
758,4, 5.9452055836, 4.8306788826,
759,0, 4.1933362436, 5.9750453186,
759,1, 4.4450393105, 11.0495360374,
759,2, 5.0884833145, 2.7002275038,
759,3, 4.4145741940, 2.2607630920,
759,4, 4.4989951515, 3.8049672508,
760,0, 4.6887707901, 4.0259583950,
760,1, 4.0900598764, 4.9745423031,
760,2, 4.4136712456, 3.5837712002,
760,3, 4.4119909477, 3.1124378157,
760,4, 4.3415191078, 3.4668160343,
761,0, 3.9380361843, 2.7973365426,
761,1, 3.7778513718, 2.3115444279,
761,2, 4.3116706371, 1.8716711617,
761,3, 4.7228057432, 5.0772621918,
761,4, 4.5841360474, 3.0089679527,
762,0, 4.2296741009, 2.3020145702,
762,1, 4.7926507187, 3.6154900837,
762,2, 4.9092368078, 5.8381756878,
762,3, 3.9813422298, 4.4816270638,
762,4, 3.8130085850, 4.4712913322,
763,0, 4.2745611238, 4.7319854975,
763,1, 5.0202906799, 4.1292734241,
763,2, 4.3545835876, 5.0036094570,
763,3, 4.1548271656, 4.8633117771,
763,4, 4.5149614525, 3.2146347713,
764,0, 6.7663095856, 6.9235944366,
764,1, 5.9967397022, 3.5077647114,
764,2, 3.8624899912, 4.4716625500,
764,3, 5.4347645473, 3.1782103014,
764,4, 4.7057561922, 2.3486968565,
765,0, 3.9749495935, 4.4847308779,
765,1, 4.4414681816, 3.4620078754,
765,2, 5.5178570557, 5.0835186958,
765,3, 4.1111749840, 2.5910647297,
765,4, 4.4189199066, 4.1220423460,
766,0, 4.2150323820, 3.6375038338,
766,1, 4.8566628647, 2.4087955618,
766,2, 4.6356681442, 4.9105441761,
766,3, 4.8835965014, 6.1549868107,
766,4, 5.2972887421, 4.7278456926,
767,0, 5.1595300865, 7.7475164604,
767,1, 4.4371567440, 6.8208907700,
767,2, 4.4023342133, 4.0112733459,
767,3, 3.8346325588, 7.5628772354,
767,4, 4.4737935543, 3.8413175201,
768,0, 4.6421133327, 2.9465059423,
768,1, 4.2947005939, 3.8216830349,
768,2, 4.2186669636, 3.1369306755,
768,3, 4.4616943264, 3.7559966946,
768,4, 4.6844474506, 3.0207844067,
769,0, 4.1691590881, 2.2441936636,
769,1, 4.0239895439, 4.1812314224,
769,2, 3.5976944971, 2.3542234182,
769,3, 6.3498858547, 2.2908596611,
769,4, 4.4085144234, 4.1077186108,
770,0, 4.1858264065, 5.9470083427,
770,1, 3.8127516413, 3.6485443211,
770,2, 5.2201816750, 4.5827923298,
770,3, 3.9513900852, 4.1013127041,
770,4, 4.4396114635, 2.0027725267,
771,0, 4.1019468069, 3.7156211710,
771,1, 4.1162899971, 2.5683982182,
771,2, 3.9704428577, 3.3620717049,
771,3, 4.4549716091, 2.8781715870,
771,4, 4.0901215458, 2.7559362984,
772,0, 4.1845579624, 5.5898551369,
772,1, 4.0265826273, 3.9305104065,
772,2, 3.6578101730, 3.0953608179,
772,3, 4.9176534462, 2.7539517307,
772,4, 5.5316390705, 3.9473914337,
773,0, 4.4268863010, 6.4276101780,
773,1, 4.5292843819, 3.2688942051,
773,2, 4.5877404118, 4.9190076733,
773,3, 4.6155782795, 2.8519803429,
773,4, 4.3464494896, 3.8187848473,
774,0, 3.8046844244, 2.3381830692,
774,1, 4.4370042610, 4.6394777298,
774,2, 4.4874272633, 3.5448802090,
774,3, 4.7775022125, 3.7781779289,
774,4, 4.0734175205, 4.5116421413,
775,0, 4.4091959286, 2.7692458105,
775,1, 4.5685578203, 2.8390549469,
775,2, 4.1950186539, 2.2017444992,
775,3, 4.4718413734, 3.3025658607,
775,4, 4.0640747547, 2.6521422625,
776,0, 4.8607317734, 4.4474574471,
776,1, 5.1937570000, 3.1124245405,
776,2, 3.9628226757, 5.0287355900,
776,3, 4.3784699631, 5.7256283855,
776,4, 4.5007750177, 7.1987567329,
777,0, 5.6624905396, 11.1659213257,
777,1, 4.8375084877, 4.8509049320,
777,2, 4.3102198172, 4.8973578072,
777,3, 4.4496663809, 4.0885935020,
777,4, 4.2472518635, 4.0613753510,
778,0, 4.1649112034, 2.5303604698,
778,1, 4.2731184101, 5.0202537727,
778,2, 3.5904960155, 4.7427200413,
778,3, 4.0654888916, 4.8384126186,
778,4, 4.6164946461, 3.7482183075,
779,0, 4.0232618332, 4.0629353046,
779,1, 4.0685513783, 3.0155680370,
779,2, 3.6081804848, 4.8383392620,
779,3, 4.6770217514, 5.5837554169,
779,4, 3.3762029219, 3.1645680714,
780,0, 4.3996539783, 2.7040139246,
780,1, 4.2795419598, 4.9174048901,
780,2, 3.4824242115, 2.1500252438,
780,3, 3.7744860172, 3.9952964497,
780,4, 5.3674245644, 8.4144261360,
781,0, 4.8789299726, 3.4287310600,
781,1, 5.1124504375, 2.8432612562,
781,2, 4.8025977421, 3.0139064932,
781,3, 4.1844737720, 6.0677798843,
781,4, 3.4420199251, 5.1938539791,
782,0, 3.7304981136, 3.0191296196,
782,1, 3.9588483953, 5.5299616528,
782,2, 4.0204394770, 2.7932329464,
782,3, 4.0634175110, 1.6138428259,
782,4, 4.9074399757, 3.0603249073,
783,0, 4.7538780451, 4.7282357168,
783,1, 4.4494112492, 2.4619791746,
783,2, 4.3286570215, 4.1675372887,
783,3, 5.4388750362, 5.0797689342,
783,4, 4.3619668102, 3.0365659952,
784,0, 15.9545203924, 7.0155467606,
784,1, 3.6767685032, 2.9263790512,
784,2, 5.4958817673, 5.4116868019,
784,3, 4.2107499552, 4.5918116951,
784,4, 3.8608129120, 3.0351131487,
785,0, 4.1170348167, 2.4191865253,
785,1, 4.0217586708, 2.0420671177,
785,2, 3.3113909626, 3.9088180351,
785,3, 7.7531519318, 5.4799881935,
785,4, 5.1636730957, 4.6201910496,
786,0, 3.6854269123, 3.6003367424,
786,1, 3.8286826849, 5.0160484791,
786,2, 3.5734640312, 2.6744544983,
786,3, 4.5158629704, 2.7025377893,
786,4, 5.2566884613, 5.4344659901,
787,0, 5.1709491730, 2.0036753178,
787,1, 3.6574241447, 5.2816080379,
787,2, 3.8285152197, 3.4201092100,
787,3, 4.7315582418, 7.1550777626,
787,4, 4.2193488312, 5.0967399025,
788,0, 4.9444998932, 4.8652697563,
788,1, 3.8073169947, 2.5911180019,
788,2, 4.0687901211, 3.0815266562,
788,3, 4.1892156601, 4.4774256420,
788,4, 4.4014799976, 6.1968729067,
789,0, 3.9290066481, 3.3152295923,
789,1, 4.0346551895, 1.7696783304,
789,2, 3.7156361246, 4.0901683140,
789,3, 6.4067352057, 2.7056698084,
789,4, 4.0557313061, 2.9554656458,
790,0, 4.3166302872, 2.8455907631,
790,1, 4.1048307180, 3.9513736343,
790,2, 4.6691407776, 4.7894896793,
790,3, 4.5892594719, 7.2182533264,
790,4, 5.5011163664, 4.2890046501,
791,0, 3.6064969921, 5.5657457161,
791,1, 4.4022840834, 2.0307660007,
791,2, 5.0537615252, 3.7468371582,
791,3, 4.4927184677, 2.0527669525,
791,4, 3.8651361132, 2.3910488415,
792,0, 4.6345004654, 6.0517066383,
792,1, 5.2403751326, 4.8146063709,
792,2, 3.9032056379, 2.5798067236,
792,3, 3.5414091396, 3.6346350574,
792,4, 3.5047763920, 3.0332419395,
793,0, 3.7014300060, 4.0379531002,
793,1, 4.1497108555, 5.0889901066,
793,2, 3.4454149580, 3.4593624592,
793,3, 4.1877437449, 3.5236335659,
793,4, 4.0123332977, 2.6714439535,
794,0, 4.3231384468, 2.4905450583,
794,1, 4.2120511341, 2.7064262962,
794,2, 3.6718544483, 3.5642033100,
794,3, 4.4715101147, 3.8992690659,
794,4, 4.1813493824, 3.0054083514,
795,0, 4.3512650776, 2.7739594555,
795,1, 4.4797689199, 4.5969611740,
795,2, 3.5980572605, 3.8684345102,
795,3, 4.4558840466, 7.1869298649,
795,4, 3.9735023689, 3.5057441998,
796,0, 3.3769728661, 2.7922098541,
796,1, 7.4873605824, 5.8581151009,
796,2, 4.5169790792, 4.0383004856,
796,3, 4.0890435791, 3.1953260565,
796,4, 4.0482950497, 3.8927012539,
797,0, 4.7212228823, 5.5535885811,
797,1, 3.9113087988, 3.9970984840,
797,2, 3.7866827440, 3.9920092773,
797,3, 4.4458344650, 3.9763219261,
797,4, 4.1950003672, 5.4843090916,
798,0, 3.9390854406, 5.5705025673,
798,1, 3.7245129871, 3.1576216030,
798,2, 3.8331607723, 3.9694855976,
798,3, 4.1856392956, 5.7747802544,
798,4, 4.5208553123, 3.7670620441,
799,0, 4.0390033340, 6.0683462048,
799,1, 4.0282287025, 4.0269918728,
799,2, 3.9098152542, 3.3071959686,
799,3, 4.7198188114, 6.9922372627,
799,4, 4.7285179329, 6.6991841888,
800,0, 4.9478009605, 2.6159016228,
800,1, 4.1469203377, 2.9857891130,
800,2, 3.9676571321, 2.1935185909,
800,3, 4.1498447704, 3.0407644081,
800,4, 4.2129521656, 4.6010924816,
801,0, 3.6444956207, 3.9680805254,
801,1, 4.8988718224, 1.8284005451,
801,2, 4.2420281315, 2.3618523312,
801,3, 4.6438571835, 2.6747555876,
801,4, 5.3898122263, 4.2881416035,
802,0, 4.4323792362, 3.3531691313,
802,1, 3.9719640732, 3.5064152050,
802,2, 4.6565695047, 2.5168119049,
802,3, 3.6864504147, 2.5620040512,
802,4, 3.9719725513, 2.5119556713,
803,0, 3.8547580099, 3.6698885632,
803,1, 5.0376581669, 3.3551846313,
803,2, 4.5941896534, 3.5521023560,
803,3, 5.0444053555, 3.8201467514,
803,4, 4.3433559227, 4.7491211843,
804,0, 3.8661342764, 5.6015165043,
804,1, 3.4907733727, 4.1468631935,
804,2, 4.0323754787, 2.7338204479,
804,3, 3.6529948235, 2.2040477705,
804,4, 4.2392917156, 2.7516376543,
805,0, 4.2333796024, 3.9108057213,
805,1, 3.3045482206, 3.5463055468,
805,2, 4.0679640913, 3.5694852638,
805,3, 4.0927463341, 2.6882771730,
805,4, 4.1154089165, 2.2928013563,
806,0, 4.2611611414, 5.0231765270,
806,1, 3.5255972481, 4.2074632931,
806,2, 3.8957585049, 3.8211006212,
806,3, 3.5558151722, 2.2743390322,
806,4, 4.3946140242, 2.9026958656,
807,0, 4.3581432152, 2.4948672009,
807,1, 4.8892904186, 6.2466288471,
807,2, 3.7463189602, 4.1093227291,
807,3, 4.7737450123, 8.2671129799,
807,4, 4.2793707895, 5.7988685036,
808,0, 3.9302202034, 1.9290454197,
808,1, 4.1136066818, 2.3745007086,
808,2, 4.2208382273, 3.6342481613,
808,3, 3.7255045319, 5.0939634418,
808,4, 3.2874038935, 3.7517103577,
809,0, 3.7521072769, 2.8142898321,
809,1, 4.4356371975, 4.1786477280,
809,2, 4.1006303978, 2.8919988346,
809,3, 4.3249014664, 4.3565282011,
809,4, 3.7129477501, 5.8628287411,
810,0, 4.1077639008, 4.6326071358,
810,1, 4.6179671335, 5.2870600128,
810,2, 4.7303030300, 3.2994991302,
810,3, 4.2968179893, 4.0945658302,
810,4, 3.8190740490, 3.8550249100,
811,0, 3.3697391224, 3.0895198536,
811,1, 4.2397035122, 4.1708411980,
811,2, 3.7154815674, 4.9364191484,
811,3, 3.7177132893, 1.5757985330,
811,4, 3.5176419163, 3.4378411055,
812,0, 4.4847508907, 4.0709120703,
812,1, 4.2097808170, 2.3052294540,
812,2, 3.9854914188, 1.8087978458,
812,3, 4.4552929115, 2.8649134064,
812,4, 3.5447645092, 2.9609770107,
813,0, 3.6263834763, 4.6008001995,
813,1, 3.9783489799, 3.8522395802,
813,2, 4.3267983532, 3.1925494194,
813,3, 3.5732975054, 2.7418533754,
813,4, 3.8146124601, 6.5081898499,
814,0, 3.7235274887, 3.4944694567,
814,1, 3.8996944714, 3.7084385538,
814,2, 5.1384056234, 5.3613813972,
814,3, 3.8148471069, 5.5310744762,
814,4, 4.4348107243, 3.2259935188,
815,0, 3.4851586151, 2.1286504841,
815,1, 6.2351872492, 2.7767074871,
815,2, 4.8140300560, 2.1602867937,
815,3, 4.0780363655, 3.4341097736,
815,4, 3.6099267101, 2.4708161020,
816,0, 3.9142996311, 4.4738027906,
816,1, 4.2578837204, 2.4408829498,
816,2, 4.3635370827, 1.7787936378,
816,3, 4.1551128960, 2.5270218325,
816,4, 4.5992819738, 3.1363762712,
817,0, 3.5596350050, 7.0579626465,
817,1, 3.6340086937, 2.0164003372,
817,2, 4.2277162743, 3.2803224468,
817,3, 4.2878022194, 2.5129361057,
817,4, 4.1783849907, 2.5935470200,
818,0, 3.7223088884, 2.4306968451,
818,1, 4.1401259565, 3.9769300747,
818,2, 3.9698214388, 4.1704747391,
818,3, 6.0072595501, 4.9070268536,
818,4, 4.0746352005, 3.3237198448,
819,0, 4.0159478378, 5.1878993130,
819,1, 4.2144927454, 5.3487016582,
819,2, 3.7278893948, 1.7330005836,
819,3, 5.1485966396, 4.3776408768,
819,4, 4.6746441174, 2.9463560295,
820,0, 4.0276824665, 3.9335245657,
820,1, 4.4288441133, 3.8215661335,
820,2, 4.4431027555, 2.6470935154,
820,3, 3.6087750912, 2.1461424971,
820,4, 3.9156218338, 3.2527674961,
821,0, 4.6880821085, 4.1913442707,
821,1, 3.5981830645, 4.3398964691,
821,2, 4.0963137197, 5.3220322418,
821,3, 4.1628692245, 3.1186444330,
821,4, 4.2827256870, 4.2269986296,
822,0, 4.5144906330, 4.8739238548,
822,1, 5.2367017174, 9.0326785469,
822,2, 3.6678357410, 2.7207193518,
822,3, 5.2472782230, 2.6338499165,
822,4, 4.3851895332, 2.5311670303,
823,0, 5.3897306442, 4.7658590508,
823,1, 3.8539359760, 2.2822398996,
823,2, 4.2918120289, 3.4302296114,
823,3, 3.8557031679, 2.2848513556,
823,4, 4.3929635048, 4.0852011967,
824,0, 3.8086786366, 2.7716198540,
824,1, 3.6460332632, 3.9316509056,
824,2, 3.6332496500, 5.0611902523,
824,3, 3.8743557310, 2.8320250463,
824,4, 4.6197905064, 4.2548128891,
825,0, 3.6779110479, 2.8392283678,
825,1, 4.5528554821, 2.9447577858,
825,2, 4.8976956940, 4.7599867439,
825,3, 3.9954785347, 3.0544061470,
825,4, 3.7396419716, 3.2495301342,
826,0, 4.0188883591, 3.7573233414,
826,1, 3.7736864185, 3.1259996128,
826,2, 4.0917561340, 3.5092814636,
826,3, 3.7865092945, 2.0669355822,
826,4, 4.3729284096, 5.8868444157,
827,0, 4.4668414497, 1.4158600402,
827,1, 3.8137244081, 4.3834616375,
827,2, 4.4415660572, 6.0249717045,
827,3, 3.4611338568, 3.4179064941,
827,4, 3.4369072866, 2.7852023649,
828,0, 3.5027067471, 4.5296592617,
828,1, 4.5922301388, 2.5777527714,
828,2, 3.4424887037, 3.8988566446,
828,3, 4.0958303738, 1.5142575788,
828,4, 4.5483296204, 4.9616825104,
829,0, 4.0205600166, 4.6741326046,
829,1, 3.6788812017, 4.8017319107,
829,2, 3.9122528362, 2.4973667049,
829,3, 4.1342368507, 3.2906992006,
829,4, 3.6572360277, 1.7739246011,
830,0, 4.8835291862, 2.9433526134,
830,1, 3.6409769154, 2.4194058371,
830,2, 4.2598654795, 3.9507634926,
830,3, 5.5834787941, 2.6875674105,
830,4, 3.5675885487, 5.8375914001,
831,0, 4.1080629492, 4.9307506371,
831,1, 3.6167979288, 3.7963484669,
831,2, 4.0120603180, 3.1402051353,
831,3, 3.4910398817, 1.4912094212,
831,4, 3.4077382612, 2.9641666198,
832,0, 3.6204017448, 2.6844816494,
832,1, 4.3839782619, 5.2130231285,
832,2, 4.1774950314, 5.8679597378,
832,3, 4.0507083893, 3.0603845692,
832,4, 4.5204738712, 3.2759316826,
833,0, 4.1474427032, 3.5937584400,
833,1, 3.7181073046, 3.8640620995,
833,2, 4.5480213451, 7.7412656021,
833,3, 4.8774324894, 3.0961087513,
833,4, 3.7119234896, 4.8627231407,
834,0, 4.1612491417, 3.2929275656,
834,1, 3.7281371880, 2.6884052372,
834,2, 3.8545955086, 3.5283391762,
834,3, 4.5432089901, 4.0801621151,
834,4, 3.6271164560, 1.9866188812,
835,0, 4.1830788326, 1.6684342861,
835,1, 3.6747464037, 4.1304712582,
835,2, 3.6779734516, 4.9604160500,
835,3, 3.0368321371, 4.5310134983,
835,4, 4.0332509470, 2.6574392939,
836,0, 3.7641394854, 2.6094073486,
836,1, 3.9486575985, 2.0258359671,
836,2, 4.7846422291, 4.4339757919,
836,3, 3.0681097841, 4.3379179382,
836,4, 28.4510441494, 9.4718522644,
837,0, 4.5153715992, 3.1276417446,
837,1, 3.3762925482, 1.6149443483,
837,2, 3.8651451683, 2.7197508097,
837,3, 3.5278245401, 4.5003394747,
837,4, 4.1361183739, 6.3248451042,
838,0, 4.3130100107, 4.3306862736,
838,1, 6.2019782305, 4.5335927677,
838,2, 4.2928789330, 4.2140681839,
838,3, 4.3708730698, 4.1627746105,
838,4, 3.4036700439, 5.0574241066,
839,0, 4.3600192833, 2.9007207823,
839,1, 3.9723426199, 4.7310187721,
839,2, 4.4138707161, 2.7509827995,
839,3, 3.8063868618, 4.2287578869,
839,4, 6.7559292269, 9.2368848228,
840,0, 3.7503306675, 4.4318606567,
840,1, 3.7785722923, 2.8350905657,
840,2, 3.7179372883, 2.2892680883,
840,3, 3.7045886993, 2.5553921413,
840,4, 4.4752777910, 4.9823238754,
841,0, 4.4762737751, 3.5990381050,
841,1, 4.1322486639, 2.9233864689,
841,2, 4.1256208181, 2.6864656782,
841,3, 3.9458472729, 4.8359635544,
841,4, 4.5678652382, 3.2882646084,
842,0, 4.2341332626, 2.1683098984,
842,1, 3.2754412174, 4.2178915358,
842,2, 3.7901649427, 2.0572325945,
842,3, 5.3030129433, 4.1047233772,
842,4, 5.2961212921, 3.5399362183,
843,0, 4.0926194334, 3.4447473621,
843,1, 4.4084891462, 4.5920520782,
843,2, 3.8183067846, 2.7005225897,
843,3, 4.0740932703, 3.3248449945,
843,4, 3.9446539164, 5.7943823433,
844,0, 4.5247600079, 2.5135972548,
844,1, 4.1345707369, 4.1149980450,
844,2, 3.7268684006, 3.5835304832,
844,3, 4.0181118345, 4.9302030468,
844,4, 3.6457164288, 3.6475061750,
845,0, 3.9787840891, 5.6650898647,
845,1, 4.7382108498, 5.1542603207,
845,2, 3.6273656654, 2.3871267557,
845,3, 3.7371693277, 4.2033127356,
845,4, 4.2485635328, 5.1260086918,
846,0, 4.4452737617, 3.9904393291,
846,1, 3.5733324575, 4.3430677605,
846,2, 6.7487610912, 5.3963780689,
846,3, 4.1156588888, 1.5783094406,
846,4, 4.4003492069, 3.4905319691,
847,0, 3.6685237646, 4.8260564184,
847,1, 3.7642508936, 2.8569627285,
847,2, 4.4605325365, 1.8560383654,
847,3, 4.0588136768, 2.7022269726,
847,4, 4.0337572479, 4.2823268127,
848,0, 4.0362442589, 3.7342900944,
848,1, 3.8666926193, 5.0188879871,
848,2, 4.1455396605, 4.2628740311,
848,3, 3.8166471672, 2.3749721527,
848,4, 3.8206595516, 2.7709031200,
849,0, 4.3814354467, 2.8010507774,
849,1, 3.9692532444, 4.2694211292,
849,2, 4.2968695354, 2.2855633068,
849,3, 3.1051908922, 3.6696753502,
849,4, 4.5364267445, 2.6534749651,
850,0, 3.6661880541, 3.7824721050,
850,1, 3.5990344143, 1.9062466526,
850,2, 4.8605708885, 2.7675423431,
850,3, 3.6365114594, 3.1279128599,
850,4, 4.1877097940, 6.5930116558,
851,0, 3.7437471294, 3.1054457045,
851,1, 3.7863840818, 2.3410466862,
851,2, 3.8336490202, 3.7405750608,
851,3, 5.1490663338, 3.4776080084,
851,4, 3.5360292339, 2.9140382147,
852,0, 3.8880107594, 2.0068057871,
852,1, 4.0318560791, 3.6868959761,
852,2, 4.4991681004, 4.4159535885,
852,3, 3.8925295115, 5.3916858196,
852,4, 4.1244453955, 2.9019051170,
853,0, 3.8110584259, 3.2451642370,
853,1, 3.9484926224, 4.2346901989,
853,2, 3.6385496330, 3.9510680342,
853,3, 3.4063132000, 3.4235504818,
853,4, 4.0943220377, 4.6178133869,
854,0, 3.7095669937, 4.1179018784,
854,1, 3.8029363108, 4.4658549404,
854,2, 4.0111499596, 4.3869401932,
854,3, 3.4554651165, 4.3080519390,
854,4, 4.2437765074, 3.3434763002,
855,0, 4.2333688688, 2.9679371166,
855,1, 4.3055377579, 4.4822643328,
855,2, 4.1832816887, 3.4633470917,
855,3, 3.5085993385, 4.8195845127,
855,4, 3.8079256487, 3.3535212517,
856,0, 4.2666907406, 2.6062244940,
856,1, 3.6222755146, 3.7836946964,
856,2, 3.2621460199, 3.0652484608,
856,3, 3.3821350431, 3.9163282681,
856,4, 3.8387711334, 3.4394802761,
857,0, 3.7666422129, 3.7013511181,
857,1, 3.9047286558, 4.1484081841,
857,2, 4.4721077633, 1.9054746866,
857,3, 3.9728101301, 3.1557476950,
857,4, 3.8541760063, 2.4780754948,
858,0, 3.6780501461, 4.1854880142,
858,1, 3.6749700165, 3.6463170719,
858,2, 4.1202715397, 4.6837810421,
858,3, 3.7832269239, 2.9587081766,
858,4, 3.7682729244, 3.9468215084,
859,0, 4.1665821838, 2.8671035814,
859,1, 3.7659986115, 2.9380585146,
859,2, 3.9716642237, 1.6856938648,
859,3, 3.8567685270, 4.6434454823,
859,4, 3.9068651056, 2.7735380316,
860,0, 3.9631048727, 2.8688307858,
860,1, 3.4583565331, 3.0414908600,
860,2, 3.2690578461, 2.2425243187,
860,3, 4.3663097000, 4.0489052582,
860,4, 5.2175111675, 6.7383875275,
861,0, 3.3455238438, 4.6755688477,
861,1, 3.9252102852, 2.9729909658,
861,2, 3.9548704720, 3.3591954803,
861,3, 3.6147192669, 2.3717477608,
861,4, 3.7421459913, 2.3806161547,
862,0, 3.8765857458, 4.1325313616,
862,1, 3.6929418373, 4.0498841286,
862,2, 3.4611512661, 2.6936835957,
862,3, 7.0845685339, 7.8836705017,
862,4, 3.9795948887, 3.2343580008,
863,0, 3.9398291588, 3.3850045443,
863,1, 4.0514785099, 3.3194636822,
863,2, 3.1752535057, 2.4448590994,
863,3, 4.1025958729, 2.4246152496,
863,4, 3.9578490448, 3.4018553877,
864,0, 3.7795916414, 4.6124322176,
864,1, 3.8120084667, 3.1630839539,
864,2, 3.9087221718, 3.4431827259,
864,3, 4.0662826633, 3.0152075148,
864,4, 4.9934385538, 3.1523631096,
865,0, 3.7474609566, 3.8200223970,
865,1, 3.8228661776, 2.8343946123,
865,2, 3.7071930218, 1.4547102070,
865,3, 3.7383109617, 2.3556962681,
865,4, 3.8758442116, 4.2654370308,
866,0, 3.5113507509, 3.7730742073,
866,1, 3.7434451580, 3.4728564739,
866,2, 3.6260023117, 2.5782309246,
866,3, 4.1795226049, 3.9163737249,
866,4, 3.1055344248, 2.0099895906,
867,0, 4.5631839895, 5.4221116066,
867,1, 3.9390853262, 3.6303797722,
867,2, 4.2437391043, 2.1542118645,
867,3, 4.1570282125, 3.2374338102,
867,4, 3.7404181957, 3.2219152355,
868,0, 3.7799766541, 2.9275492334,
868,1, 4.0853092909, 2.7832320166,
868,2, 3.1811747789, 4.0410161304,
868,3, 4.7268609619, 2.8601882553,
868,4, 4.2149807167, 4.4022359467,
869,0, 3.9637735844, 3.2622728205,
869,1, 4.4738306618, 3.8862213230,
869,2, 3.9674000072, 4.2298541451,
869,3, 3.8241995478, 3.2877323627,
869,4, 3.6201719761, 5.4833757210,
870,0, 4.0710250092, 3.5059828663,
870,1, 3.7543890953, 5.1045710087,
870,2, 3.7150615692, 4.9719206905,
870,3, 3.4920617628, 2.5889052343,
870,4, 4.6998154020, 3.6673917675,
871,0, 6.1602818680, 3.7620038700,
871,1, 4.0037571716, 4.7663546467,
871,2, 3.9862446642, 3.3753112793,
871,3, 3.9469755173, 3.9946091366,
871,4, 3.9336979246, 2.8487806845,
872,0, 3.1755733538, 1.9538121223,
872,1, 3.5774166250, 2.4873175526,
872,2, 3.5302474260, 4.6210432911,
872,3, 4.0000479364, 2.3082351303,
872,4, 4.4666055107, 6.4979900074,
873,0, 3.0787744331, 2.6261063671,
873,1, 3.5810705566, 3.9435563993,
873,2, 4.1756913900, 5.2585659885,
873,3, 5.2778797722, 3.5702484655,
873,4, 5.1783568287, 6.2515637112,
874,0, 3.9283465004, 2.7006112814,
874,1, 4.3307436991, 3.6778534889,
874,2, 3.7635230255, 4.2860856581,
874,3, 4.5373002815, 4.3384969616,
874,4, 3.8315487289, 3.0419204044,
875,0, 3.1316619492, 4.0538482666,
875,1, 3.3628462267, 4.7505956364,
875,2, 4.3830747128, 3.4573103619,
875,3, 3.5565314674, 3.6548124599,
875,4, 3.7186549807, 5.2906090069,
876,0, 4.6538302040, 4.0639976454,
876,1, 3.6429420662, 2.1885804319,
876,2, 4.9653521872, 7.3707371044,
876,3, 4.7206179619, 5.8092833042,
876,4, 4.7587933636, 2.5440534687,
877,0, 4.0355032921, 3.2784297037,
877,1, 3.6816193724, 4.1044843435,
877,2, 3.8011130142, 2.8842212296,
877,3, 3.9346799088, 2.0980665255,
877,4, 4.9716237116, 3.1407633781,
878,0, 3.5623223782, 4.4806178665,
878,1, 4.4751459980, 5.4922267437,
878,2, 3.7581005526, 2.5707159376,
878,3, 3.7781553316, 2.3300779533,
878,4, 3.5418511009, 3.0990014744,
879,0, 3.8775045919, 3.1226234531,
879,1, 3.8393814898, 4.3556180382,
879,2, 3.9219123840, 4.6218866444,
879,3, 4.0738393164, 4.4087004280,
879,4, 5.9813163519, 4.5447969532,
880,0, 3.8906801414, 3.6897666836,
880,1, 3.9713110256, 2.4179180098,
880,2, 4.0082689238, 2.8814452696,
880,3, 3.5113110352, 5.3756459808,
880,4, 4.1749129009, 2.2947426701,
881,0, 4.2110446453, 4.8302142715,
881,1, 3.9570814228, 3.7855153465,
881,2, 3.7078276157, 2.7830540562,
881,3, 3.7646177435, 2.9523850679,
881,4, 3.4527716446, 1.8846668148,
882,0, 4.7457541800, 3.9570462704,
882,1, 3.8459759426, 3.7092770100,
882,2, 3.6914810896, 1.6154215097,
882,3, 3.8690158606, 1.9578363657,
882,4, 3.6788204575, 3.5039291573,
883,0, 3.4929901981, 4.9541376877,
883,1, 6.3226622152, 4.3519220543,
883,2, 6.2268288279, 2.4607203007,
883,3, 4.6574238396, 2.2935613060,
883,4, 3.9638089085, 2.3465814972,
884,0, 3.4673837042, 3.1757159328,
884,1, 3.7921991920, 2.3423284769,
884,2, 3.4743613338, 3.4126397133,
884,3, 3.4836809635, 3.0537954235,
884,4, 4.0810988140, 3.9677807331,
885,0, 3.6319988489, 2.7729061460,
885,1, 3.7209976101, 6.3428805161,
885,2, 3.5504235220, 3.1749827385,
885,3, 3.7549091005, 2.1454924965,
885,4, 3.6943523645, 4.9295527363,
886,0, 4.0694114208, 4.6666768646,
886,1, 3.9353028059, 5.2116117764,
886,2, 4.4396924925, 8.2270945549,
886,3, 4.2848558235, 5.3683961296,
886,4, 3.8899958324, 2.1666806936,
887,0, 3.9876104116, 3.5489899254,
887,1, 3.7959718370, 2.5953416109,
887,2, 3.6327644920, 4.7160165596,
887,3, 3.7889712143, 2.8657193279,
887,4, 4.0557170868, 2.9025667906,
888,0, 3.8363989353, 3.5125796127,
888,1, 3.1766971731, 3.3879139614,
888,2, 3.0063523817, 3.6881490612,
888,3, 3.5456077337, 2.6344917393,
888,4, 3.4015504169, 3.8237535286,
889,0, 4.5282930326, 3.9157915115,
889,1, 3.8908521080, 3.9979184961,
889,2, 3.6248710775, 3.0918678474,
889,3, 4.2073370123, 3.5040761852,
889,4, 4.1229692936, 1.8878251982,
890,0, 5.7049174881, 8.4492920876,
890,1, 4.8959701490, 3.4673587036,
890,2, 4.0659110785, 2.6855458879,
890,3, 3.5276298046, 2.3097281361,
890,4, 4.1190617847, 2.7411762238,
891,0, 3.7534725761, 3.2311496925,
891,1, 3.4247890425, 4.1841180420,
891,2, 3.6860131550, 2.2321140814,
891,3, 3.4236994791, 4.0781216097,
891,4, 4.2325796318, 3.4952671623,
892,0, 4.4897901487, 5.3278110218,
892,1, 4.2900667715, 2.8905188036,
892,2, 3.5629202318, 3.3410518742,
892,3, 3.7628173828, 4.2376938248,
892,4, 2.9790963030, 3.0997092676,
893,0, 3.5324150848, 2.3553868532,
893,1, 4.6189110899, 7.4462001228,
893,2, 3.7829560184, 3.6609638023,
893,3, 3.3380465412, 4.7595141697,
893,4, 3.7724983215, 7.1185667992,
894,0, 4.3157487011, 3.4306908274,
894,1, 3.2899212837, 5.9333562756,
894,2, 3.9680925274, 2.8599525356,
894,3, 4.9987563276, 2.4182978964,
894,4, 3.5312977695, 1.4941710186,
895,0, 3.6081278706, 4.9434671021,
895,1, 4.4844254541, 2.4608000231,
895,2, 4.3374481630, 2.2591543293,
895,3, 3.2936974430, 4.3144764137,
895,4, 3.7066022158, 2.7494056654,
896,0, 3.5879466963, 4.6638833427,
896,1, 3.8678939438, 3.9383634710,
896,2, 2.9030161619, 2.8189157104,
896,3, 7.0054237700, 3.6642244434,
896,4, 3.9181444550, 3.6594166756,
897,0, 3.6537590027, 3.5798068810,
897,1, 4.4238363075, 3.5612133741,
897,2, 3.9070703983, 3.4005375385,
897,3, 3.4335461330, 3.2759574461,
897,4, 3.2107891941, 2.3484897089,
898,0, 4.1631487656, 5.3024357128,
898,1, 4.1743417215, 3.0918368530,
898,2, 3.8806472969, 2.2152830696,
898,3, 3.2828752279, 3.9669845915,
898,4, 3.7797382259, 2.3882527161,
899,0, 4.4714145470, 2.5063209152,
899,1, 3.5200079823, 4.3614705563,
899,2, 3.2134984922, 1.9484665775,
899,3, 3.6763933945, 3.7700997257,
899,4, 4.5707203531, 2.7161522865,
900,0, 3.4087058210, 4.1476662350,
900,1, 11.2262161350, 4.1806323719,
900,2, 4.3105773258, 2.7680793858,
900,3, 4.0301746988, 4.0660795403,
900,4, 3.1095781994, 2.8538579464,
901,0, 3.8904013300, 2.9704798555,
901,1, 3.8855662537, 2.5902200127,
901,2, 3.4216349030, 4.1280800247,
901,3, 3.2762578773, 5.1453758907,
901,4, 3.6069289398, 3.2895399046,
902,0, 2.8828683138, 2.5037020922,
902,1, 3.8882623100, 3.1385364866,
902,2, 3.5554898310, 5.7509951019,
902,3, 3.1613183022, 1.5113958645,
902,4, 3.8649356890, 3.7410239506,
903,0, 3.3957366562, 4.7197371435,
903,1, 3.9886168766, 2.7755488205,
903,2, 4.1470736265, 4.6387586975,
903,3, 4.7433468485, 3.6821276569,
903,4, 2.9436043167, 1.3610348916,
904,0, 3.5920866203, 3.4749160051,
904,1, 3.2912740231, 2.9461308956,
904,2, 4.8543859911, 3.3852884483,
904,3, 3.7774889708, 2.5252503347,
904,4, 3.8813393545, 4.1364709187,
905,0, 4.2155091858, 3.7786064243,
905,1, 4.7231123590, 3.6266686916,
905,2, 3.8548393536, 3.8962351704,
905,3, 3.9259977531, 2.0996372366,
905,4, 4.8475784302, 2.8588541889,
906,0, 3.5879207277, 4.3324101448,
906,1, 3.9572654629, 3.1726693439,
906,2, 3.4136377001, 2.6324828529,
906,3, 3.2233985710, 4.4185510588,
906,4, 3.6666366243, 3.3415156555,
907,0, 5.6521520233, 5.9479960060,
907,1, 4.3309138489, 4.1821661854,
907,2, 3.2988179016, 1.9755648208,
907,3, 3.7595279884, 1.5628620720,
907,4, 4.3964973021, 3.9960737991,
908,0, 5.1025087547, 3.3445653009,
908,1, 3.6521097088, 2.7008019400,
908,2, 5.0349360704, 4.5181369877,
908,3, 3.7811843491, 2.9218268061,
908,4, 3.0686277628, 2.8414201975,
909,0, 3.8603030586, 3.7896935940,
909,1, 3.9676681185, 6.1300736046,
909,2, 3.8305243969, 2.9828500748,
909,3, 3.3606286287, 3.2704749298,
909,4, 4.1805864096, 3.1865982723,
910,0, 4.1564023113, 5.0845572186,
910,1, 3.6524202919, 2.0654119277,
910,2, 3.2653578949, 2.7085031033,
910,3, 4.5629341507, 2.4471042728,
910,4, 3.8938167095, 2.8627513981,
911,0, 3.4014020729, 2.4170099497,
911,1, 4.2184126091, 3.6274972725,
911,2, 3.3222945690, 5.6528893948,
911,3, 3.7080477333, 2.7210658073,
911,4, 3.5791663313, 3.2442498398,
912,0, 3.8916423035, 2.4829077291,
912,1, 3.6670902538, 3.3934782505,
912,2, 4.5892437983, 3.0902040577,
912,3, 4.3838427496, 4.5484060812,
912,4, 3.9638377571, 1.8309601068,
913,0, 4.5853920031, 1.8147949505,
913,1, 3.6264066124, 2.5162425709,
913,2, 3.7884389877, 2.9812989283,
913,3, 4.3174579906, 4.1137010288,
913,4, 3.8044138861, 4.2550614929,
914,0, 3.3172087097, 3.0761551571,
914,1, 3.9083701038, 4.9364614201,
914,2, 3.7730392933, 3.2601588631,
914,3, 3.5361378813, 4.1093009758,
914,4, 4.4423153877, 3.9463565350,
915,0, 3.5670678711, 3.3893907976,
915,1, 3.4719537544, 2.5909307337,
915,2, 3.6527244234, 3.7960575485,
915,3, 3.6268871784, 3.4944662523,
915,4, 4.0832499790, 3.0959121227,
916,0, 3.7095460987, 3.1544220638,
916,1, 4.1172682714, 2.5880719662,
916,2, 2.9884423018, 1.9269355869,
916,3, 3.5592221451, 4.3180372238,
916,4, 3.3573436546, 4.6728410625,
917,0, 4.0542096567, 3.0308573341,
917,1, 3.6179382467, 4.1460436058,
917,2, 3.7086090994, 7.4048673630,
917,3, 4.1272476673, 2.8094398785,
917,4, 3.8510428381, 4.0374159765,
918,0, 3.7360442257, 2.7596340704,
918,1, 4.8589730787, 5.7337412262,
918,2, 4.7166237640, 3.9428452682,
918,3, 3.5477668333, 4.4331715941,
918,4, 3.8652711439, 3.3475856400,
919,0, 3.9576441908, 3.6012213516,
919,1, 3.3408072519, 2.4315157986,
919,2, 3.1369067669, 2.0526412535,
919,3, 3.8110472393, 2.5521319532,
919,4, 2.9565930319, 4.0570884943,
920,0, 3.2293556595, 3.0141744471,
920,1, 4.0963365221, 1.4069364262,
920,2, 5.1472325897, 3.4169815159,
920,3, 4.0333136082, 3.5741149521,
920,4, 4.4908345509, 4.4378649139,
921,0, 3.4040081358, 3.6134108162,
921,1, 3.3901459932, 3.3078617001,
921,2, 3.7796353006, 3.1541842461,
921,3, 3.7813902855, 3.8808663607,
921,4, 3.5647134972, 2.3303260422,
922,0, 3.8743618011, 2.6883976030,
922,1, 3.5068391275, 3.4838734770,
922,2, 3.6854590416, 4.9582674026,
922,3, 3.4854533577, 2.8389887571,
922,4, 3.8515214634, 2.6045657253,
923,0, 3.9723893213, 2.9287704754,
923,1, 3.5859737062, 4.4828246880,
923,2, 3.7978238821, 1.6676951313,
923,3, 3.8564328766, 1.5767113233,
923,4, 3.3217873096, 3.3162653494,
924,0, 3.4342881250, 3.5048906279,
924,1, 3.4577653980, 4.5442014599,
924,2, 3.4650193548, 2.8946858025,
924,3, 3.4612370443, 2.7942281342,
924,4, 3.5449545860, 3.4012120819,
925,0, 3.5383409452, 2.9757840061,
925,1, 3.5839435768, 3.4793575907,
925,2, 3.5907816267, 2.0748861122,
925,3, 3.6557236195, 2.7847236681,
925,4, 3.9166383028, 3.7104481602,
926,0, 3.6598733330, 3.5762110567,
926,1, 4.2541599274, 2.8734020948,
926,2, 3.8869101048, 2.1064048958,
926,3, 3.9883400488, 2.8521292257,
926,4, 3.6747506237, 1.6842328978,
927,0, 3.4950660706, 3.8208850002,
927,1, 3.5120232487, 4.0540882063,
927,2, 3.2960418987, 2.4488435221,
927,3, 3.6134657240, 3.5610473728,
927,4, 3.7202762365, 2.9831498098,
928,0, 3.7882253742, 1.4918113089,
928,1, 3.6527000427, 3.1609334087,
928,2, 3.7143543720, 3.8919963837,
928,3, 3.9212262392, 3.3283891296,
928,4, 3.1285264063, 3.7188900709,
929,0, 3.1600105762, 3.8933482265,
929,1, 3.6070234823, 2.7992436028,
929,2, 3.9849981499, 1.6913008857,
929,3, 3.8617219639, 5.1660174274,
929,4, 3.5630871630, 4.4716178226,
930,0, 3.6446228600, 4.1617954016,
930,1, 3.3038603401, 1.9508715487,
930,2, 4.0607701206, 3.1788423681,
930,3, 3.6823379850, 4.2906443882,
930,4, 3.2944064999, 3.2364333916,
931,0, 3.7458447790, 3.6474644470,
931,1, 3.5534648323, 3.0578042984,
931,2, 3.5863068008, 3.7301736832,
931,3, 2.9579068136, 2.3261772871,
931,4, 3.5452988243, 4.4433513069,
932,0, 3.5081221056, 3.4722683644,
932,1, 3.4622543812, 2.0848118830,
932,2, 3.8652847862, 2.8451002169,
932,3, 4.1910152531, 3.4373552895,
932,4, 3.4096064997, 3.7113194752,
933,0, 3.2474757862, 3.1921021891,
933,1, 3.8227416039, 4.2802728653,
933,2, 3.4275598240, 2.5215505600,
933,3, 3.8987693548, 3.4680108356,
933,4, 4.4118101120, 5.6658015823,
934,0, 3.7572824669, 2.6105008411,
934,1, 4.1809112597, 3.9269317722,
934,2, 4.5558812475, 2.4338938379,
934,3, 4.0729189682, 5.2202827930,
934,4, 3.8734728527, 2.3348504925,
935,0, 3.5066898251, 3.6434573221,
935,1, 3.6228539419, 2.6547504377,
935,2, 3.2992355967, 2.5612062311,
935,3, 3.2318327951, 2.8125325298,
935,4, 3.7796990395, 3.0486870146,
936,0, 4.6135653019, 2.6937713671,
936,1, 3.6351271820, 2.6207874107,
936,2, 3.7565981102, 3.4307170486,
936,3, 3.6948020554, 3.0715357590,
936,4, 5.3603237915, 3.9358156490,
937,0, 3.2449959660, 1.9388445997,
937,1, 4.1990352583, 5.0299949455,
937,2, 3.6029062843, 2.8776346493,
937,3, 3.3367719793, 2.5695439243,
937,4, 3.9322003508, 3.3889116573,
938,0, 3.9302649212, 4.8356941509,
938,1, 3.8639441776, 3.8573744917,
938,2, 3.6847177935, 3.6105869389,
938,3, 4.0838985538, 4.1226658916,
938,4, 3.9072655487, 2.5571223068,
939,0, 3.9815758991, 2.3294486141,
939,1, 3.6358148527, 4.7896552944,
939,2, 4.1754626799, 3.5391448593,
939,3, 3.7631421709, 2.4539717340,
939,4, 3.6582342911, 2.8970073414,
940,0, 3.7081796122, 3.1894000244,
940,1, 4.4078767681, 3.9988880825,
940,2, 3.2312188530, 2.8051792574,
940,3, 3.6598721600, 3.8622266674,
940,4, 4.0741042042, 5.2054426670,
941,0, 3.2192638111, 3.2053571725,
941,1, 3.8414999247, 3.4258258629,
941,2, 3.2706619978, 3.7033411312,
941,3, 3.8071102381, 3.9176035500,
941,4, 3.5138477087, 2.3480021381,
942,0, 3.8219112825, 1.8406823206,
942,1, 3.3956107187, 3.4674397850,
942,2, 4.4044766808, 3.9703050518,
942,3, 4.1291616821, 2.6577476454,
942,4, 3.8947570086, 1.8591564798,
943,0, 3.4581503439, 3.9313237476,
943,1, 3.3458043909, 3.3695018291,
943,2, 3.3579419470, 4.4938673544,
943,3, 3.8231419325, 3.0873913670,
943,4, 2.9644933701, 2.0124029446,
944,0, 3.5677195454, 4.1529051685,
944,1, 3.5273962879, 2.7487406826,
944,2, 3.7609046793, 2.4060526180,
944,3, 4.4246449709, 4.2797349501,
944,4, 3.6472735739, 2.1176548386,
945,0, 3.2971668768, 3.2816599846,
945,1, 3.7848630714, 4.0729212809,
945,2, 3.7007057905, 3.2736678696,
945,3, 3.8082370567, 2.8671195221,
945,4, 3.4926794815, 2.0229850245,
946,0, 3.1028385496, 3.1760134506,
946,1, 3.1421663237, 2.5126085758,
946,2, 4.9884310722, 3.3774915123,
946,3, 3.6855045033, 3.6982807827,
946,4, 3.3101292801, 2.7961758852,
947,0, 3.1998504877, 3.3472830582,
947,1, 4.2503292561, 3.9509563541,
947,2, 3.9165951824, 3.4779876757,
947,3, 3.2414457226, 5.6188586712,
947,4, 3.5080110312, 2.7835173368,
948,0, 3.7606092834, 4.6499737740,
948,1, 3.3758654642, 2.3888305426,
948,2, 3.3470510960, 4.6486213303,
948,3, 3.6986120224, 3.4442173958,
948,4, 4.8621279097, 3.4974688530,
949,0, 4.2133493280, 2.4437333918,
949,1, 3.7615045738, 3.5537837410,
949,2, 3.5387365627, 2.7048879480,
949,3, 3.3545367813, 4.7223414278,
949,4, 4.2485259008, 5.7966760445,
950,0, 3.7750703764, 3.1835280943,
950,1, 3.7027533340, 4.2767428970,
950,2, 3.6640074778, 3.8712665033,
950,3, 3.6252064610, 2.8891055012,
950,4, 4.0989819145, 3.9595310497,
951,0, 3.1988963175, 2.8414580393,
951,1, 3.2692482567, 3.1830159378,
951,2, 3.0163319063, 3.7650756168,
951,3, 3.0796181774, 5.1289327335,
951,4, 4.5948998785, 3.1230699348,
952,0, 3.5353755474, 3.2600569534,
952,1, 4.3195709801, 2.7568724442,
952,2, 3.5147156286, 2.1625744295,
952,3, 4.3671366882, 3.4752613258,
952,4, 3.5816659832, 3.8459021759,
953,0, 3.2521796608, 3.0487230301,
953,1, 4.3636293793, 4.5757882500,
953,2, 3.8154397488, 5.5581932163,
953,3, 4.0037605619, 3.0356571007,
953,4, 3.5472375250, 1.9684865999,
954,0, 3.0159863806, 4.7059689283,
954,1, 3.3522050095, 1.6104435182,
954,2, 3.9288456917, 4.0229985523,
954,3, 3.9540916729, 2.8793019533,
954,4, 3.3788072252, 2.4201349688,
955,0, 3.1536257887, 4.1407259083,
955,1, 3.0373474741, 3.9311064625,
955,2, 3.5713411665, 2.2502143097,
955,3, 3.7255750322, 3.1795726299,
955,4, 3.2666147375, 2.1284065771,
956,0, 3.4480453157, 4.2510680103,
956,1, 3.2865274715, 3.4548619461,
956,2, 3.8777414894, 2.5407661533,
956,3, 4.1959635973, 5.2001808548,
956,4, 3.8584868431, 5.4954420948,
957,0, 5.9817675591, 5.4246486187,
957,1, 3.6591916895, 2.3248573971,
957,2, 3.6511884499, 2.1167684555,
957,3, 5.1657145548, 3.1892824650,
957,4, 3.8524241590, 3.6283493185,
958,0, 3.1596176863, 3.0861101627,
958,1, 3.7557801962, 4.2149077702,
958,2, 4.2729531765, 3.1113566709,
958,3, 3.4322464418, 2.0191502476,
958,4, 4.0869069195, 4.2358080292,
959,0, 6.4196241522, 5.1396970749,
959,1, 3.5747247171, 2.2962585449,
959,2, 3.5383666277, 3.9241576672,
959,3, 3.4636703300, 3.7076603603,
959,4, 3.4581934738, 2.5354272604,
960,0, 3.4103602457, 2.6498277330,
960,1, 3.6363651228, 3.1074980307,
960,2, 3.3938140059, 1.9773610926,
960,3, 3.2299470425, 4.7329391384,
960,4, 3.4647569513, 2.7728146696,
961,0, 2.9417494583, 3.5199429560,
961,1, 4.9859474754, 4.4743263626,
961,2, 5.0461709738, 3.7797136211,
961,3, 4.1960772181, 3.5068731499,
961,4, 3.7555729294, 3.3549765301,
962,0, 3.8601938868, 1.6685250139,
962,1, 3.1985688925, 2.3042092991,
962,2, 3.4687951469, 4.3056517792,
962,3, 3.5426764250, 2.0109637737,
962,4, 3.5835084105, 4.7650644350,
963,0, 4.0640609503, 5.6217620659,
963,1, 3.4481527185, 3.4604023361,
963,2, 3.3789336061, 3.1168906212,
963,3, 4.0924233866, 2.9117051840,
963,4, 3.7677748680, 2.5228391409,
964,0, 3.1941028881, 2.7135467863,
964,1, 4.1529815245, 2.3716493797,
964,2, 3.1397482204, 4.9082650423,
964,3, 3.0314146328, 2.5417920732,
964,4, 3.1887351274, 2.9717317533,
965,0, 4.4324156284, 3.3169889641,
965,1, 3.0343531704, 2.2029950142,
965,2, 4.0919771385, 2.5630548525,
965,3, 3.7615781450, 4.4258653879,
965,4, 4.1208916616, 3.4137384939,
966,0, 3.6506234550, 2.8245095921,
966,1, 3.2919179964, 4.6504699039,
966,2, 3.2111031723, 2.6900509644,
966,3, 3.0976013422, 3.3990600967,
966,4, 3.2249827623, 3.2423883295,
967,0, 3.3341381502, 4.0053859091,
967,1, 4.0088573217, 2.4735854340,
967,2, 3.4612550592, 2.6166373587,
967,3, 3.7680850506, 4.4574209976,
967,4, 4.3092868042, 4.4313844872,
968,0, 3.8971863461, 3.6334542561,
968,1, 3.0857028389, 3.8219363976,
968,2, 4.2413727999, 1.6983026338,
968,3, 3.4298848104, 2.4265727949,
968,4, 5.5016791344, 3.8718463707,
969,0, 2.9379195595, 2.1946862650,
969,1, 3.5707676220, 1.8254469156,
969,2, 4.2218409395, 3.2892874146,
969,3, 3.8573058462, 2.2689073515,
969,4, 3.7427775002, 5.6258107662,
970,0, 3.6435267019, 3.2065222120,
970,1, 4.2146154451, 2.6860321236,
970,2, 3.4811675119, 3.9470344448,
970,3, 3.6405402613, 5.0150229549,
970,4, 3.6067655087, 3.9692376041,
971,0, 3.1346047735, 2.9093827629,
971,1, 3.6386535931, 3.9256110668,
971,2, 3.7543996239, 3.3239909172,
971,3, 3.2953376818, 3.2188509560,
971,4, 3.4400825500, 3.4352652597,
972,0, 3.4006217718, 2.9783466387,
972,1, 3.4611451435, 2.8289735746,
972,2, 3.3110865784, 2.9840044451,
972,3, 3.8841791058, 3.0809238148,
972,4, 3.7545418644, 3.1056272221,
973,0, 3.0507667494, 3.2328269386,
973,1, 5.4493494844, 6.0382989025,
973,2, 4.3294448996, 5.2021352386,
973,3, 8.5430965281, 3.7191499233,
973,4, 3.0260622072, 2.2052672625,
974,0, 3.3010939646, 2.2891982365,
974,1, 3.2128607607, 4.4452379227,
974,2, 4.0269475174, 4.1407308769,
974,3, 3.6344893885, 2.6533070469,
974,4, 3.7882486439, 2.4891174603,
975,0, 3.4705677176, 3.6357726860,
975,1, 3.7811155081, 4.2678470325,
975,2, 3.6839302444, 4.0779148483,
975,3, 4.0361085081, 4.2511285114,
975,4, 3.4119876385, 4.0787606525,
976,0, 3.4132507992, 3.6386548138,
976,1, 3.5962629223, 2.8074652147,
976,2, 3.9246409273, 1.8551084328,
976,3, 3.4823635197, 2.3856809282,
976,4, 4.4499433422, 4.5231803942,
977,0, 3.1289864397, 2.7556840992,
977,1, 3.6816405630, 3.3057054806,
977,2, 3.3437527752, 5.9779618454,
977,3, 3.8909145641, 2.7168509579,
977,4, 3.3864028072, 3.3017038870,
978,0, 3.4493445683, 3.6408824158,
978,1, 3.6154448938, 2.4187175131,
978,2, 3.3190772772, 2.9757198858,
978,3, 3.8060927629, 4.1401863289,
978,4, 3.8342934942, 2.2275558615,
979,0, 4.2000096703, 3.0407813835,
979,1, 3.5752037764, 2.5243209171,
979,2, 5.4410663795, 4.1848169231,
979,3, 3.5578907204, 2.4362445736,
979,4, 3.8353294516, 2.7768218040,
980,0, 3.9193831110, 3.4430210590,
980,1, 3.4902966833, 2.5629022837,
980,2, 3.9648788786, 4.4805368042,
980,3, 3.6305681562, 4.5106331539,
980,4, 3.4922715616, 3.0868518496,
981,0, 3.2255599689, 3.0423296928,
981,1, 3.9012127399, 3.3129463720,
981,2, 4.2498510361, 4.6785503435,
981,3, 4.1450559998, 4.0246932507,
981,4, 3.4752868223, 2.2731749582,
982,0, 3.7289799786, 4.3444601917,
982,1, 4.3438210058, 4.7724469662,
982,2, 4.4333527660, 2.6836119628,
982,3, 3.3287668419, 2.7306894827,
982,4, 3.2273217821, 3.2357196808,
983,0, 2.8366484690, 4.1913118553,
983,1, 3.9606476212, 4.1134461260,
983,2, 3.3399304867, 3.0626824760,
983,3, 3.7463929224, 2.7558656788,
983,4, 3.4579011250, 2.6510806036,
984,0, 3.8578504992, 2.9227476501,
984,1, 3.0979657459, 4.2635332203,
984,2, 3.3954798746, 3.4003134394,
984,3, 3.8673683786, 2.0868753386,
984,4, 3.7915027189, 3.3655235291,
985,0, 4.7100123215, 2.2709394407,
985,1, 3.8042296505, 3.1204842758,
985,2, 3.1859857130, 2.6851893187,
985,3, 3.5880174398, 4.0089257145,
985,4, 3.5285567904, 2.6398883009,
986,0, 3.0677436876, 4.4777814007,
986,1, 3.9388632870, 3.2471245766,
986,2, 3.8108605194, 3.2868028927,
986,3, 3.8057862329, 3.0169218588,
986,4, 3.5526680565, 3.3707916021,
987,0, 4.8189421606, 2.6815012550,
987,1, 3.3505797195, 2.8669263411,
987,2, 3.2462641525, 4.1031739044,
987,3, 3.6907672739, 3.2280605412,
987,4, 3.7562271023, 3.2204684591,
988,0, 3.5895345592, 2.7458156013,
988,1, 2.9737173271, 4.5147462940,
988,2, 4.0459878397, 2.6349443674,
988,3, 3.3623649836, 5.3772496319,
988,4, 3.5547957802, 2.1789528418,
989,0, 3.8859308815, 3.4519842529,
989,1, 2.9673270750, 2.8239009237,
989,2, 3.2239121151, 4.6030139160,
989,3, 3.3383964062, 3.6997411156,
989,4, 3.9443011618, 4.2135641384,
990,0, 3.9955259466, 3.9738202190,
990,1, 3.1221700430, 2.5942869997,
990,2, 3.7750678730, 4.9154205227,
990,3, 3.2236395407, 2.0885689831,
990,4, 3.9222459698, 4.8316831303,
991,0, 6.3559569311, 4.5766821289,
991,1, 3.6679202318, 3.5007988358,
991,2, 4.8945180178, 2.5871581078,
991,3, 3.0779253149, 3.4143141460,
991,4, 3.6754249620, 4.1349814701,
992,0, 3.6231921053, 4.0387310791,
992,1, 3.9737040663, 2.1962420845,
992,2, 3.5792608166, 3.3613601589,
992,3, 3.9387180996, 2.6293279076,
992,4, 3.9691792488, 3.5391146374,
993,0, 3.2292219639, 2.9449332809,
993,1, 3.8818878937, 2.4200463820,
993,2, 3.6420898008, 4.9574683475,
993,3, 3.1927794075, 3.4984002733,
993,4, 3.7866962624, 2.3712921715,
994,0, 3.5945299482, 4.9394658041,
994,1, 3.4502054167, 2.8250841475,
994,2, 3.7460007811, 3.7690685654,
994,3, 3.6678549051, 2.6291699314,
994,4, 4.2993073034, 2.6672136927,
995,0, 3.3305460835, 2.8368011618,
995,1, 3.3952278328, 3.4663978863,
995,2, 3.4448577404, 2.1409879827,
995,3, 3.3233231592, 3.0080553722,
995,4, 3.2972126818, 3.3458279037,
996,0, 4.1361339140, 3.6246639729,
996,1, 3.6784014988, 2.3193617105,
996,2, 3.6384267378, 3.3801268196,
996,3, 3.5742566824, 3.3923673534,
996,4, 4.0098184347, 4.5402920341,
997,0, 3.3016398430, 3.8309165955,
997,1, 4.0174823570, 3.1558187437,
997,2, 4.1841833019, 3.7963412142,
997,3, 2.8889461851, 2.3455136156,
997,4, 3.8181970835, 2.5345972157,
998,0, 2.9524363041, 3.2090185714,
998,1, 3.6336912394, 3.2537004375,
998,2, 3.1988654137, 2.0564221334,
998,3, 3.0042504787, 3.2974104595,
998,4, 4.3952740908, 3.2232506704,
999,0, 3.7070143700, 3.4628758097,
999,1, 3.3114771938, 3.8481752491,
999,2, 3.2658371639, 2.7171071672,
999,3, 3.1218064308, 3.2839446640,
999,4, 3.6196776390, 4.1668414783,
1000,0, 3.1829519796, 3.4487648010,
1000,1, 3.2721969509, 3.2466848087,
1000,2, 3.9050506783, 3.9058214092,
1000,3, 3.5439929867, 2.9227194977,
1000,4, 3.7062869835, 3.9259179783,
1001,0, 4.1169184589, 3.3938070965,
1001,1, 3.5598603821, 3.7639581966,
1001,2, 4.0960995626, 2.9352424669,
1001,3, 3.3446742344, 2.2638794851,
1001,4, 3.5843195677, 4.2508757019,
1002,0, 3.9156492090, 2.8877366257,
1002,1, 3.0049883842, 4.3049380922,
1002,2, 3.1240392256, 4.8493329239,
1002,3, 3.3457778978, 2.4202678394,
1002,4, 3.1133656693, 3.6651963091,
1003,0, 3.8763993931, 4.0474392843,
1003,1, 3.4516356468, 2.5637073755,
1003,2, 4.2303731489, 4.5276162529,
1003,3, 3.6915692043, 2.8596008539,
1003,4, 4.0422335291, 5.4409417152,
1004,0, 2.8816089773, 2.2317907190,
1004,1, 3.4062955236, 4.5320713091,
1004,2, 4.3300154829, 2.4748857737,
1004,3, 3.8652088070, 2.6422664642,
1004,4, 3.0268952703, 2.2113564825,
1005,0, 3.6881070185, 1.8418696404,
1005,1, 3.5758312464, 4.8531167889,
1005,2, 2.9947163868, 1.9982741261,
1005,3, 4.3307135153, 4.2978622437,
1005,4, 4.3011379719, 3.4183784485,
1006,0, 3.4761868477, 2.3310756969,
1006,1, 3.3968779945, 2.4958848286,
1006,2, 5.7889937592, 5.5523844147,
1006,3, 5.2223688030, 3.2149298334,
1006,4, 4.0623705435, 3.0773236179,
1007,0, 3.3710245609, 3.1281220531,
1007,1, 3.6280455875, 2.0267468691,
1007,2, 3.3200943756, 3.2191655254,
1007,3, 2.8827317572, 2.5595535564,
1007,4, 4.7694244576, 5.8842234039,
1008,0, 3.7781583261, 3.0739046764,
1008,1, 3.5592038727, 3.4717777348,
1008,2, 3.7137075853, 3.3643970537,
1008,3, 3.8814968395, 3.3364078617,
1008,4, 3.7900032473, 5.1355267429,
1009,0, 3.6533339453, 5.1380314779,
1009,1, 4.1285511446, 4.3287680244,
1009,2, 3.3745702124, 2.5449868727,
1009,3, 3.6632096291, 3.0428024578,
1009,4, 3.7130823612, 3.9059686756,
1010,0, 4.2889743090, 2.2622686195,
1010,1, 3.2946455097, 4.0305114603,
1010,2, 3.3376351786, 2.7034496403,
1010,3, 3.3367644024, 1.9411776948,
1010,4, 3.6512945700, 2.8250027657,
1011,0, 3.4736783934, 3.1438720131,
1011,1, 3.6519524479, 3.7741673374,
1011,2, 3.4002040482, 3.7238059616,
1011,3, 3.0341902113, 2.2621173477,
1011,4, 3.3137908411, 3.7939770412,
1012,0, 5.6077920914, 4.2197459888,
1012,1, 3.6562982559, 3.0405756664,
1012,2, 5.6425651073, 5.5974728680,
1012,3, 3.1756354380, 4.2730823421,
1012,4, 3.0547502851, 2.5507043266,
1013,0, 3.5182039499, 2.2145326900,
1013,1, 4.1038314390, 2.8308473301,
1013,2, 4.2669782639, 4.0393016911,
1013,3, 3.2659224606, 3.9274898243,
1013,4, 4.1881965590, 3.7306521416,
1014,0, 3.9203050375, 2.7251650953,
1014,1, 3.2238107300, 2.5112464714,
1014,2, 3.2447086811, 3.6155087090,
1014,3, 3.1512241125, 2.5088837862,
1014,4, 3.5758479595, 3.6844888258,
1015,0, 3.2825439167, 2.4859066725,
1015,1, 3.7953354549, 3.9374212885,
1015,2, 3.4008734703, 2.8687901497,
1015,3, 3.2266282082, 2.2192920303,
1015,4, 3.3413761711, 2.7267728806,
1016,0, 3.2500258112, 3.4194643068,
1016,1, 3.7801949167, 3.7736718941,
1016,2, 3.7869803238, 3.8432360363,
1016,3, 3.2216378546, 1.7290307999,
1016,4, 3.9475524807, 4.2663360882,
1017,0, 3.0109288549, 2.0150604296,
1017,1, 3.3165270329, 2.8970133591,
1017,2, 3.3189221430, 2.8834545088,
1017,3, 2.8029466534, 3.4408170986,
1017,4, 3.7806434250, 3.0609593487,
1018,0, 3.3042738867, 3.0931790829,
1018,1, 3.4246730566, 2.5781874990,
1018,2, 3.6556359339, 3.6141934204,
1018,3, 3.9945232630, 4.3917063618,
1018,4, 3.3648217583, 5.1567306805,
1019,0, 3.7685038996, 3.9045674515,
1019,1, 3.0100215340, 2.9271474457,
1019,2, 3.0158211088, 3.5606633377,
1019,3, 3.7087059069, 4.9793688965,
1019,4, 3.6460576773, 2.6214195585,
1020,0, 3.4972421455, 2.3089792824,
1020,1, 3.1388417864, 3.5416807079,
1020,2, 3.7488568211, 2.6121487188,
1020,3, 3.2572874784, 4.7301709509,
1020,4, 4.0696506310, 4.3915204334,
1021,0, 3.4300169468, 3.9329505730,
1021,1, 3.6859396744, 3.9386280918,
1021,2, 3.6420372248, 3.2921579647,
1021,3, 3.1489519215, 2.0022962713,
1021,4, 3.8824865818, 2.7144677830,
1022,0, 3.8672502804, 4.4150182438,
1022,1, 4.5286297894, 3.6884094715,
1022,2, 3.2040375423, 2.9663730001,
1022,3, 3.6275530338, 4.4125892162,
1022,4, 3.4979203987, 2.4183645487,
1023,0, 3.3288273954, 2.3397276163,
1023,1, 4.4329597902, 4.2205284452,
1023,2, 4.0484366322, 3.7086579418,
1023,3, 3.4684137487, 4.6767592335,
1023,4, 4.0823380423, 4.2049542999,
1024,0, 3.1364585972, 4.8785379982,
1024,1, 3.2856846809, 2.8781925058,
1024,2, 3.1074624729, 2.2441074848,
1024,3, 3.8549430513, 3.3760554934,
1024,4, 3.4158797359, 2.3036206293,
1025,0, 3.4079165077, 3.0291560030,
1025,1, 3.8789557552, 2.1692848349,
1025,2, 3.9905437994, 2.8723162699,
1025,3, 3.7391196680, 3.5952690315,
1025,4, 3.8464657259, 4.1159715509,
1026,0, 3.2539616442, 4.4868843842,
1026,1, 3.4354815578, 1.9446517801,
1026,2, 4.4512378216, 2.9530752659,
1026,3, 3.0406443787, 2.9739785767,
1026,4, 3.1904339123, 2.7566228771,
1027,0, 3.7151009846, 3.3549369526,
1027,1, 3.1088019609, 4.2601101398,
1027,2, 2.8472740269, 3.0720613337,
1027,3, 2.9018403196, 3.4066552782,
1027,4, 3.7558218431, 3.8888712883,
1028,0, 3.9081124210, 2.7847922087,
1028,1, 3.8558926439, 3.4277588987,
1028,2, 3.2490331602, 3.8027157116,
1028,3, 3.6906081867, 3.3744407272,
1028,4, 4.3821513367, 3.4987139606,
1029,0, 3.1656308937, 2.4940878677,
1029,1, 3.4026677752, 3.9537583828,
1029,2, 3.7605345774, 2.9302501059,
1029,3, 3.6451005030, 3.3264249945,
1029,4, 3.5674770737, 2.3139728928,
1030,0, 3.3140931940, 2.6345056105,
1030,1, 3.7038841105, 3.9717915964,
1030,2, 4.4728938437, 3.2741026258,
1030,3, 3.5438731146, 2.4672544432,
1030,4, 3.5418037987, 3.5701508045,
1031,0, 4.4230029058, 4.1846516418,
1031,1, 3.4420880938, 2.2340336633,
1031,2, 3.0765523624, 2.7408706856,
1031,3, 3.2163001299, 3.1571930790,
1031,4, 3.5507839680, 2.6035409975,
1032,0, 3.0640485811, 2.3409780693,
1032,1, 3.8331662416, 3.6424457550,
1032,2, 3.4231953144, 2.8305240822,
1032,3, 3.4532285070, 4.3504770803,
1032,4, 3.5944730282, 3.8185785580,
1033,0, 3.6472907543, 3.1445297766,
1033,1, 3.2557750750, 3.2071887445,
1033,2, 3.8921208954, 2.5324563217,
1033,3, 4.0599988937, 2.8781222057,
1033,4, 4.3035378313, 2.8973688650,
1034,0, 3.4435570192, 3.2693226814,
1034,1, 3.5964748001, 2.6105329275,
1034,2, 3.3408228540, 3.9816170692,
1034,3, 3.6375679827, 4.7140509796,
1034,4, 3.7850776529, 3.3841680908,
1035,0, 3.9219704151, 3.7626578283,
1035,1, 3.8832849073, 3.3252018976,
1035,2, 3.4323494291, 2.9363695908,
1035,3, 3.4731146669, 2.9047660542,
1035,4, 3.8162903214, 2.9697072554,
1036,0, 3.4444989061, 2.4483703089,
1036,1, 3.4928175926, 3.3396870708,
1036,2, 3.7153239918, 3.1062909985,
1036,3, 3.4487521696, 4.6742487526,
1036,4, 3.4982498407, 3.1958075476,
1037,0, 3.6101939678, 3.5407276917,
1037,1, 3.6012648153, 4.4147143507,
1037,2, 3.4609402704, 3.2133833027,
1037,3, 3.6805263424, 3.3118183565,
1037,4, 3.2414351845, 2.4608867216,
1038,0, 4.0774350071, 4.9829322338,
1038,1, 3.2084114456, 1.9386574054,
1038,2, 3.6285228920, 2.6913588905,
1038,3, 4.0191528416, 4.3018521929,
1038,4, 4.0454100847, 4.2312305069,
1039,0, 3.2205999374, 3.4099204540,
1039,1, 3.5862438869, 2.7837714863,
1039,2, 3.4790848541, 2.6534561968,
1039,3, 3.5789213562, 2.5638792515,
1039,4, 4.1748097563, 4.0491799212,
1040,0, 3.5521928644, 2.4549143982,
1040,1, 3.4863239002, 3.2489345360,
1040,2, 3.9177858257, 2.1952453041,
1040,3, 3.5503536558, 3.8277055073,
1040,4, 4.0991266680, 3.8588944817,
1041,0, 3.3716109085, 3.9009796667,
1041,1, 3.2870804262, 2.2196917582,
1041,2, 4.1724286652, 4.0266508579,
1041,3, 5.2768973351, 3.3276691055,
1041,4, 3.5795263910, 2.4946160841,
1042,0, 3.2290864801, 2.1094296980,
1042,1, 3.2822166443, 4.0528534317,
1042,2, 3.3329180956, 3.5687982655,
1042,3, 3.9992534018, 2.2924994659,
1042,4, 3.0948646069, 2.8805522346,
1043,0, 2.8323869610, 2.9255976152,
1043,1, 3.5384971571, 2.2897855949,
1043,2, 3.1622056150, 2.0821129894,
1043,3, 3.0642287016, 2.4524541330,
1043,4, 3.2125158358, 4.1798092031,
1044,0, 3.1612872648, 3.8530708694,
1044,1, 3.4711517096, 3.6306513023,
1044,2, 3.7110570765, 2.4525101614,
1044,3, 2.9274122095, 2.4102146101,
1044,4, 3.6502848530, 2.6416382456,
1045,0, 3.1010035658, 2.7443274117,
1045,1, 3.5469293976, 3.5619845009,
1045,2, 3.0719512701, 5.8622466373,
1045,3, 3.3952883863, 2.5398758125,
1045,4, 3.2890796089, 3.1489504480,
1046,0, 3.4666619110, 2.3041110039,
1046,1, 3.6418874073, 2.5205873632,
1046,2, 3.5488476706, 4.1257650805,
1046,3, 2.8685560608, 2.3529760885,
1046,4, 3.3835687447, 2.2427148819,
1047,0, 3.6192662287, 2.8700975800,
1047,1, 3.0193286896, 2.8676577711,
1047,2, 3.5318572140, 3.2099719572,
1047,3, 3.3614030504, 2.5517880917,
1047,4, 3.3934390402, 3.8450757647,
1048,0, 3.0693156147, 4.9504754639,
1048,1, 3.2140476942, 3.5252984524,
1048,2, 3.0815050745, 3.5886488724,
1048,3, 3.7361513186, 2.9456142902,
1048,4, 3.5294064426, 3.6201217461,
1049,0, 3.0050495386, 3.6079177189,
1049,1, 3.7699618196, 3.8739337635,
1049,2, 3.7671266651, 4.7948354340,
1049,3, 3.5342677498, 3.3343277740,
1049,4, 3.9026574469, 4.5085953426,
1050,0, 3.4860745144, 2.6187588358,
1050,1, 3.5590835094, 2.0573044467,
1050,2, 3.1678073502, 4.1512573099,
1050,3, 2.9124826717, 2.9494590473,
1050,4, 3.1175442410, 3.5113368034,
1051,0, 3.5906868076, 3.1668203163,
1051,1, 3.6398804665, 2.5931504107,
1051,2, 3.2723246050, 5.0400509834,
1051,3, 4.2837704372, 2.9263441944,
1051,4, 3.2386026001, 4.6651507378,
1052,0, 3.2017867994, 1.6391397285,
1052,1, 3.4788675928, 2.8578482246,
1052,2, 3.0150362539, 4.3235573578,
1052,3, 3.3589955854, 2.3993990707,
1052,4, 3.1660762024, 2.2916442251,
1053,0, 3.1597757292, 3.2295447397,
1053,1, 3.4265522099, 3.9746539593,
1053,2, 3.2558504915, 3.6687042618,
1053,3, 5.0814330626, 4.3769968414,
1053,4, 3.4587674189, 3.3576647568,
1054,0, 3.4237425470, 2.9687314129,
1054,1, 3.3114168024, 4.2076895285,
1054,2, 3.5563553476, 3.8326356602,
1054,3, 3.1820016146, 4.2357315540,
1054,4, 3.6315330362, 3.2182424974,
1055,0, 4.3412795544, 2.7801630259,
1055,1, 4.1789564228, 3.8018409157,
1055,2, 4.4974118519, 4.8771597576,
1055,3, 3.5014907694, 3.0646662045,
1055,4, 3.5102569532, 3.1418708324,
1056,0, 3.3132416677, 4.3912318039,
1056,1, 3.3659948492, 4.3051509619,
1056,2, 3.0894771814, 2.8280334091,
1056,3, 5.7101311827, 3.9826230812,
1056,4, 3.5549082947, 3.4505602551,
1057,0, 3.5310404634, 3.5645884895,
1057,1, 3.1085133171, 2.7818421841,
1057,2, 4.0683272362, 3.9896374226,
1057,3, 3.2111918354, 5.1107597780,
1057,4, 3.3597709703, 3.3347207642,
1058,0, 3.6171970654, 4.4715161610,
1058,1, 3.0705081654, 3.6959561348,
1058,2, 3.5375818539, 2.9310000038,
1058,3, 3.2004617786, 3.3461924744,
1058,4, 3.0500528336, 3.2434068394,
1059,0, 3.0215471077, 4.6874695015,
1059,1, 3.7799407196, 2.7650532627,
1059,2, 3.4867959356, 4.4508273172,
1059,3, 3.5162602997, 2.5789431000,
1059,4, 3.2691297722, 3.9008010101,
1060,0, 3.6197434425, 1.9945132065,
1060,1, 2.9267411470, 2.3054599333,
1060,2, 3.5146749544, 3.0774625731,
1060,3, 3.2215691233, 2.0971292734,
1060,4, 3.5279605675, 4.1514631367,
1061,0, 3.6131359863, 4.2907407856,
1061,1, 3.6288324213, 2.5523163176,
1061,2, 3.9445944929, 3.4795581198,
1061,3, 3.2167893314, 2.5147869492,
1061,4, 3.6313184166, 3.4246569538,
1062,0, 3.8325136089, 2.8519793224,
1062,1, 3.4486885929, 3.5179208183,
1062,2, 3.7508670950, 4.7692796516,
1062,3, 3.5523719978, 2.2895682621,
1062,4, 3.4248738718, 4.8409587669,
1063,0, 3.1481554270, 3.5769925976,
1063,1, 3.3591012335, 3.2255793428,
1063,2, 4.4403546810, 4.0939297104,
1063,3, 3.1490560246, 4.6649474525,
1063,4, 3.0232537985, 4.0561379766,
1064,0, 3.4546198797, 2.3130266190,
1064,1, 4.8395548725, 4.5059780407,
1064,2, 4.0183293486, 4.6182479954,
1064,3, 4.1764031219, 3.8075222015,
1064,4, 4.1103777981, 3.5473813057,
1065,0, 3.1150085640, 3.0516869164,
1065,1, 3.4768556452, 2.1112302780,
1065,2, 3.5697216988, 4.0530868769,
1065,3, 4.2208159447, 3.7120845890,
1065,4, 3.7995384979, 2.2207593298,
1066,0, 3.1844731236, 4.7859655762,
1066,1, 3.6429122496, 2.5892961597,
1066,2, 3.9516999578, 3.5485890722,
1066,3, 3.5498327780, 3.2158657837,
1066,4, 2.9823203754, 3.1475643873,
1067,0, 3.5081834888, 3.1486728621,
1067,1, 3.6862253714, 3.0805894423,
1067,2, 3.2372634411, 2.8253628635,
1067,3, 3.5064384317, 3.8444264555,
1067,4, 4.1724508667, 4.7616573381,
1068,0, 3.6136894751, 3.3266474390,
1068,1, 3.3900714159, 3.9575817871,
1068,2, 3.3849200010, 3.0982617664,
1068,3, 3.2732415152, 3.4075196648,
1068,4, 3.0653048849, 3.7865237617,
1069,0, 3.4822302961, 1.8425617027,
1069,1, 2.9670645142, 3.4358404779,
1069,2, 3.1331947041, 2.4747739601,
1069,3, 2.9246890688, 2.6216136646,
1069,4, 2.9216353416, 2.4526888752,
1070,0, 3.3347597551, 3.2485136223,
1070,1, 5.4811871052, 4.0630479908,
1070,2, 3.5229468441, 4.2492351437,
1070,3, 3.3754319954, 3.0952173948,
1070,4, 3.3092349672, 3.2113896942,
1071,0, 3.2995052958, 2.5083681822,
1071,1, 3.0178616810, 3.4443535614,
1071,2, 3.6765843678, 4.2537724590,
1071,3, 2.9110789013, 2.1450314617,
1071,4, 2.8709591770, 3.4769731283,
1072,0, 3.2491416979, 2.8429243279,
1072,1, 3.5705982685, 3.1768888760,
1072,2, 3.1299294281, 4.4503508854,
1072,3, 5.2736048079, 3.7237844849,
1072,4, 3.4466309071, 2.1897265577,
1073,0, 3.7215980816, 2.8582826757,
1073,1, 3.5223699045, 4.2498938274,
1073,2, 3.4040139818, 2.9861622715,
1073,3, 3.6184906387, 1.7501522589,
1073,4, 3.0719253349, 2.7458019066,
1074,0, 3.9854540920, 4.5396406555,
1074,1, 3.4258217621, 3.0790865850,
1074,2, 2.8269041300, 2.9099181461,
1074,3, 3.9065372610, 3.6716740036,
1074,4, 3.0631741238, 2.4725918770,
1075,0, 3.8167809391, 3.7061842585,
1075,1, 3.6446490860, 2.6401732922,
1075,2, 6.3598823118, 5.1794880676,
1075,3, 3.7297607040, 5.1429679537,
1075,4, 3.5526597595, 1.8785753489,
1076,0, 2.9456636572, 2.7621723795,
1076,1, 4.4267758942, 3.9349749470,
1076,2, 2.9694538069, 2.2730232763,
1076,3, 4.2905109739, 3.6229147339,
1076,4, 2.9193724155, 4.5895653296,
1077,0, 3.3701560307, 2.9316802120,
1077,1, 3.6023542547, 3.2767729568,
1077,2, 3.4635218763, 4.4720494270,
1077,3, 3.4219070768, 3.4585113239,
1077,4, 3.9933722019, 3.2508221674,
1078,0, 3.1831770754, 2.6426966047,
1078,1, 3.7410376501, 2.8440703344,
1078,2, 4.7992410707, 3.3155679703,
1078,3, 3.2087016201, 4.2439246702,
1078,4, 3.7883119440, 2.8802588558,
1079,0, 3.5617976046, 2.8996454525,
1079,1, 3.3622645235, 3.2718655729,
1079,2, 3.1576883125, 2.3901598787,
1079,3, 5.2098039865, 3.5560723782,
1079,4, 3.7140648699, 4.6322265577,
1080,0, 3.0367089796, 2.2931349659,
1080,1, 3.6345238352, 3.7565522099,
1080,2, 3.2789245892, 3.5958483601,
1080,3, 3.2156281281, 3.6724622822,
1080,4, 3.0063757086, 4.9147598553,
1081,0, 2.8657771921, 4.2762798309,
1081,1, 3.2965662670, 3.0373843145,
1081,2, 3.4464126873, 2.2588850832,
1081,3, 2.9590519094, 2.5774393225,
1081,4, 2.9072136354, 2.9862422752,
1082,0, 3.2752331924, 3.5616699505,
1082,1, 3.2226109505, 3.2039781952,
1082,2, 3.3499318933, 2.3596964025,
1082,3, 3.0902669954, 4.3051259661,
1082,4, 3.1843091488, 2.5659460783,
1083,0, 3.3370106602, 3.5669911337,
1083,1, 3.4199419498, 2.6090791559,
1083,2, 3.5145842600, 3.1133873606,
1083,3, 3.0960701084, 3.0171628284,
1083,4, 3.1826532364, 2.6848707914,
1084,0, 3.8747984457, 3.7777153111,
1084,1, 3.1297623062, 3.5202238703,
1084,2, 3.8587002325, 3.1894956589,
1084,3, 3.4365737057, 3.4732143974,
1084,4, 4.6386250639, 3.9115839100,
1085,0, 2.7249543285, 1.8020757341,
1085,1, 3.8491678238, 4.5078584862,
1085,2, 3.6550080824, 3.1286237717,
1085,3, 3.8959897041, 3.2497634172,
1085,4, 3.1396934366, 2.3337978983,
1086,0, 3.7125545597, 2.4497313690,
1086,1, 3.2903600121, 2.7592099047,
1086,2, 3.5119105482, 5.2718204880,
1086,3, 3.8986540508, 2.5823973703,
1086,4, 3.3037536383, 2.6864108706,
1087,0, 2.8902842093, 3.1725747108,
1087,1, 3.6999777126, 3.1698871040,
1087,2, 3.0398559475, 3.5303642845,
1087,3, 3.0867506218, 3.2599846935,
1087,4, 4.8082376242, 2.7659559727,
1088,0, 4.2703290176, 2.4632709217,
1088,1, 3.3433371305, 4.1256116629,
1088,2, 3.3713100958, 2.4935063982,
1088,3, 3.5260506296, 2.3780594540,
1088,4, 3.8544896841, 4.3144935036,
1089,0, 4.6069051504, 4.4660124683,
1089,1, 4.3355506372, 4.4512256670,
1089,2, 3.3159645367, 1.9540760994,
1089,3, 4.3055769587, 4.0482018852,
1089,4, 3.4614697695, 3.7911314392,
1090,0, 3.7211699581, 3.0316276932,
1090,1, 3.7763300705, 2.4261650085,
1090,2, 3.9012018967, 3.4977393484,
1090,3, 3.6269275475, 3.7838228798,
1090,4, 2.8738039970, 2.3917662239,
1091,0, 3.2078357410, 4.3616861582,
1091,1, 3.8763827133, 3.1720410395,
1091,2, 3.4585639954, 3.9121444225,
1091,3, 3.9063055468, 3.0993991613,
1091,4, 4.5811937618, 3.2381404161,
1092,0, 6.9401749897, 3.9862124443,
1092,1, 3.9691873598, 3.0178498459,
1092,2, 3.7976401901, 2.6978710794,
1092,3, 3.1578948689, 2.5412167168,
1092,4, 2.8926483250, 3.3122631788,
1093,0, 2.8558633041, 4.0367033434,
1093,1, 3.5336650276, 4.6782694054,
1093,2, 4.2558313179, 3.7075365877,
1093,3, 6.1589175940, 2.7064578390,
1093,4, 3.2893874550, 3.1188773203,
1094,0, 2.8706386662, 2.2791886139,
1094,1, 3.6456278658, 2.7568289614,
1094,2, 3.5810600853, 4.1198948669,
1094,3, 3.2992166042, 2.7484483337,
1094,4, 4.5887986946, 3.1087672710,
1095,0, 3.5622258997, 3.3187615824,
1095,1, 3.4169263887, 3.5741151619,
1095,2, 3.5292850542, 2.9027344799,
1095,3, 4.5178300858, 3.3594558811,
1095,4, 3.3246548176, 3.4264410639,
1096,0, 3.1140272284, 3.2650381422,
1096,1, 3.4755950451, 2.5446477556,
1096,2, 2.8850188398, 4.1099521828,
1096,3, 3.2034562063, 3.6012876511,
1096,4, 4.9809553862, 3.4713474560,
1097,0, 3.2609209728, 4.4392698479,
1097,1, 3.4687052393, 3.0964518738,
1097,2, 4.0730455112, 3.1066240788,
1097,3, 3.3435953093, 2.6904062986,
1097,4, 3.4576168823, 2.1014781094,
1098,0, 3.4113160133, 4.0603670311,
1098,1, 3.1255066442, 4.1490448666,
1098,2, 3.4686135960, 2.8742303419,
1098,3, 3.4278672171, 4.2318367958,
1098,4, 2.9808515453, 4.3061637831,
1099,0, 3.0912932920, 5.4348265791,
1099,1, 3.3082504749, 2.4729528904,
1099,2, 3.7564082384, 2.4763353109,
1099,3, 3.1391448021, 3.1165634632,
1099,4, 3.3973362017, 2.7259114933,
1100,0, 3.5434343290, 3.1794243193,
1100,1, 3.3103233624, 4.0854774618,
1100,2, 3.5145596361, 2.9167971134,
1100,3, 3.4046508121, 3.5863193893,
1100,4, 2.7944160080, 2.5426984549,
1101,0, 3.3718076897, 3.0151335955,
1101,1, 3.6644502115, 3.8506052208,
1101,2, 3.3147841597, 3.6231785917,
1101,3, 3.8819025898, 4.1280440426,
1101,4, 3.9611896038, 2.6076838827,
1102,0, 3.0123622513, 2.9091029787,
1102,1, 3.9833846283, 4.7104318619,
1102,2, 3.7825170374, 3.1592775297,
1102,3, 4.2666039610, 3.6983022404,
1102,4, 3.1852682304, 3.6086257744,
1103,0, 3.3083877659, 4.2448871136,
1103,1, 3.2419760990, 3.2012668610,
1103,2, 3.5926126862, 3.3655880451,
1103,3, 2.8308077288, 2.6203810310,
1103,4, 3.2570186472, 2.5473938513,
1104,0, 2.9922369719, 2.3619474363,
1104,1, 3.0820635128, 2.5636235952,
1104,2, 3.6839122105, 3.5276731396,
1104,3, 3.6528621197, 2.3669205809,
1104,4, 3.3825994110, 3.8531500578,
1105,0, 2.6194140434, 2.8596315765,
1105,1, 3.4558293200, 3.4066016197,
1105,2, 3.3174282598, 3.7651122999,
1105,3, 3.1971170044, 3.4031463480,
1105,4, 3.3712270689, 4.3415857792,
1106,0, 3.4092134428, 3.7505954456,
1106,1, 3.9947839022, 2.4520450544,
1106,2, 3.4166628313, 2.8129184055,
1106,3, 3.4831833172, 4.2273100710,
1106,4, 3.2908776283, 2.7773923540,
1107,0, 3.2856514454, 4.0169326305,
1107,1, 3.5636252403, 3.6234884596,
1107,2, 2.9262215567, 4.1685241938,
1107,3, 3.5014023590, 2.5476048803,
1107,4, 3.6565242434, 3.7169595146,
1108,0, 5.9232214975, 3.7434253311,
1108,1, 3.6336023092, 4.3287932920,
1108,2, 2.9818795633, 2.1581478357,
1108,3, 3.7003726673, 2.6254575109,
1108,4, 3.3581782484, 2.4533566380,
1109,0, 3.2663695765, 3.5786870289,
1109,1, 3.2060023499, 3.6646398163,
1109,2, 3.0858567715, 2.2213794136,
1109,3, 3.3459850073, 2.3581596327,
1109,4, 3.1695368338, 3.2134397840,
1110,0, 3.5523510551, 2.9884548664,
1110,1, 3.4627253246, 2.1319449377,
1110,2, 3.1408530807, 3.1458871174,
1110,3, 4.2279503918, 5.1342038536,
1110,4, 4.0994957590, 3.9152518177,
1111,0, 3.3238409567, 3.5221609020,
1111,1, 3.6695608377, 2.3088871527,
1111,2, 4.1850439501, 3.3274623013,
1111,3, 3.0979819679, 2.6160233879,
1111,4, 4.0827338362, 4.1833769798,
1112,0, 3.9023584366, 2.9357112169,
1112,1, 3.4364036274, 2.9157388830,
1112,2, 2.9131055832, 4.0953758240,
1112,3, 3.5600797510, 2.9508554745,
1112,4, 3.8410661411, 3.2374481058,
1113,0, 3.9128481388, 3.1265055990,
1113,1, 3.0554329920, 2.7078945255,
1113,2, 3.6730683804, 4.1677344275,
1113,3, 4.8503332710, 4.4445946884,
1113,4, 3.1349093628, 2.6723010349,
1114,0, 3.1740950632, 2.5883142948,
1114,1, 3.4471518278, 3.8931963634,
1114,2, 3.4672789812, 3.1390447617,
1114,3, 3.1887174702, 3.6469731712,
1114,4, 2.9008799934, 3.4000044298,
1115,0, 3.2585310411, 2.5751551390,
1115,1, 3.5799456930, 4.0195303822,
1115,2, 2.8064534807, 4.1069430351,
1115,3, 3.0674669075, 2.4760302925,
1115,4, 3.3371663046, 3.5113642406,
1116,0, 3.3270539522, 2.8897095299,
1116,1, 3.4461097622, 4.3113343811,
1116,2, 3.8495835590, 2.6992391396,
1116,3, 3.5229201078, 2.9121261978,
1116,4, 2.9431983995, 3.8972734880,
1117,0, 3.1644135237, 2.4527420282,
1117,1, 3.2363186789, 2.8292028189,
1117,2, 5.7673504257, 4.5328003263,
1117,3, 4.2410571098, 2.1106100512,
1117,4, 3.1134547281, 3.9160002136,
1118,0, 2.8628065872, 2.4405172062,
1118,1, 3.3195281601, 3.9916499805,
1118,2, 3.9301973486, 3.0848236799,
1118,3, 4.3649899435, 2.6180907726,
1118,4, 3.1088986254, 3.8229067135,
1119,0, 3.0103527927, 2.1983808613,
1119,1, 3.4589943027, 2.2833527994,
1119,2, 3.0790067148, 4.6511293697,
1119,3, 5.2723446560, 4.0532534027,
1119,4, 3.1025481653, 3.3233483028,
1120,0, 3.2020077562, 3.2897773218,
1120,1, 3.3257882643, 2.7595059633,
1120,2, 3.4974732971, 3.6883892441,
1120,3, 3.3546960688, 2.2949090719,
1120,4, 3.2727002907, 3.1246222353,
1121,0, 3.0681421280, 4.0859175348,
1121,1, 4.0305463696, 2.7453776026,
1121,2, 4.4446840620, 3.1068012238,
1121,3, 3.6462801266, 1.9434692955,
1121,4, 4.1683527327, 5.0014243698,
1122,0, 3.6561110115, 3.4480551052,
1122,1, 4.4084181881, 3.2250147343,
1122,2, 3.0730990505, 3.5914613152,
1122,3, 3.2840934658, 2.3822463846,
1122,4, 2.8744847488, 2.5264381742,
1123,0, 3.7395871353, 3.9523465681,
1123,1, 3.4696369267, 2.5395006847,
1123,2, 3.7641244888, 2.4566593742,
1123,3, 4.0299136209, 3.3013519049,
1123,4, 3.3492403746, 2.5407140255,
1124,0, 3.1685591459, 3.8642352819,
1124,1, 4.0273942757, 3.0262688446,
1124,2, 4.2049259615, 3.5002550125,
1124,3, 3.3510129642, 3.2289933872,
1124,4, 3.6594390345, 3.4534360981,
1125,0, 2.6659416628, 2.9736184263,
1125,1, 3.0649417734, 2.3070271444,
1125,2, 3.1866727448, 4.5640346909,
1125,3, 3.0649002600, 3.3933424091,
1125,4, 3.8551566839, 2.8416727161,
1126,0, 3.5500068521, 1.8753924465,
1126,1, 3.2806730986, 3.3111518192,
1126,2, 3.2877662611, 4.6272000360,
1126,3, 3.1462689304, 2.1790022039,
1126,4, 3.0169961119, 3.0549576092,
1127,0, 3.7096108198, 2.4990227556,
1127,1, 3.2063294935, 2.6414048576,
1127,2, 3.2277124596, 4.0623184681,
1127,3, 3.7105247879, 2.9460163212,
1127,4, 3.2187059450, 2.7034646416,
1128,0, 2.9144115400, 2.7784134769,
1128,1, 3.1401693726, 4.2641528511,
1128,2, 4.3531639814, 2.8994463730,
1128,3, 3.6885469770, 3.7491061306,
1128,4, 3.3725262547, 2.3292089844,
1129,0, 3.3968154478, 3.4805394459,
1129,1, 4.0219176292, 5.2903413582,
1129,2, 3.2146451139, 2.3530621862,
1129,3, 3.2931808996, 2.4493466902,
1129,4, 2.9918422031, 2.7377471542,
1130,0, 3.2831905270, 2.2357444715,
1130,1, 3.1235283804, 2.7164313459,
1130,2, 3.2065629721, 2.5054220390,
1130,3, 3.8125595093, 2.9901440144,
1130,4, 3.3687214661, 4.8007844830,
1131,0, 3.1444851446, 3.4478564644,
1131,1, 3.5414472151, 2.9188300037,
1131,2, 3.2578846693, 4.4893280745,
1131,3, 3.3754599047, 2.9583308935,
1131,4, 3.3454662466, 2.8949052715,
1132,0, 3.5590380001, 2.2405519104,
1132,1, 3.2306887627, 4.2389457273,
1132,2, 3.3660082483, 3.5779553032,
1132,3, 3.4782079124, 2.8030836344,
1132,4, 3.4357864904, 3.3738826036,
1133,0, 3.0438117838, 2.1050177097,
1133,1, 2.9193109655, 4.3962837458,
1133,2, 3.5623726034, 2.9034335327,
1133,3, 3.7113431787, 4.1545817280,
1133,4, 3.7455629396, 4.0426373100,
1134,0, 3.2132215261, 3.2381580734,
1134,1, 2.9995666981, 4.5177822733,
1134,2, 4.1393323803, 2.8938534594,
1134,3, 5.8172175646, 3.4542937231,
1134,4, 3.8633472490, 2.3237586832,
1135,0, 3.5074971628, 4.3324010134,
1135,1, 3.2090987539, 2.6501151896,
1135,2, 3.2932782650, 2.4181563902,
1135,3, 3.1165575790, 2.3743390894,
1135,4, 3.4699751234, 3.3581477356,
1136,0, 3.1218953371, 2.5262798214,
1136,1, 3.0082616520, 3.4006811666,
1136,2, 3.2569627476, 3.1925239897,
1136,3, 3.2648291731, 2.6560189724,
1136,4, 3.0157212257, 2.4518559027,
1137,0, 3.1918045664, 2.7466863728,
1137,1, 4.8665159130, 2.7123718929,
1137,2, 3.1836553764, 3.2445405483,
1137,3, 4.2672037697, 3.7117862034,
1137,4, 3.0851041126, 3.2969773245,
1138,0, 3.2403139257, 4.3824431372,
1138,1, 3.4576393318, 2.6802853107,
1138,2, 3.7461227608, 4.1424491596,
1138,3, 3.1798515940, 2.3233431721,
1138,4, 3.5513235617, 2.7866391182,
1139,0, 4.1563055325, 3.8893514156,
1139,1, 3.5812548113, 2.6596582699,
1139,2, 3.3263484001, 3.9572620678,
1139,3, 3.4157135248, 3.0009931707,
1139,4, 3.1090808725, 2.3509070349,
1140,0, 3.1440986967, 2.3391536379,
1140,1, 2.6561288357, 3.6906591511,
1140,2, 3.3989120674, 2.5705133057,
1140,3, 3.7329660845, 4.7190490007,
1140,4, 3.0207413340, 2.5782371235,
1141,0, 3.4585402203, 2.8375380898,
1141,1, 3.6881045008, 3.3360376406,
1141,2, 2.9343947887, 3.3020388079,
1141,3, 3.3371121073, 2.4553046846,
1141,4, 3.4689259863, 3.8597494507,
1142,0, 3.3208042192, 2.9301492119,
1142,1, 3.4137981462, 3.3994799852,
1142,2, 4.1555005026, 3.3401213503,
1142,3, 3.5450753164, 2.7702615976,
1142,4, 3.4591454315, 3.2910068369,
1143,0, 5.3770794582, 3.2377225733,
1143,1, 3.7433425236, 2.4763701344,
1143,2, 2.7761753893, 3.9204272699,
1143,3, 3.6466088009, 2.2906500721,
1143,4, 3.2892254543, 2.8697952938,
1144,0, 3.1092815447, 3.6955018473,
1144,1, 3.4949266434, 2.9959172535,
1144,2, 3.6038748693, 3.0900787544,
1144,3, 3.4385401249, 2.2624845028,
1144,4, 3.2253580427, 2.6201585436,
1145,0, 3.4788837767, 2.4147420931,
1145,1, 3.4734746361, 2.5324097109,
1145,2, 5.4875730562, 3.0108850670,
1145,3, 3.8125758839, 4.1335165930,
1145,4, 3.1764316845, 2.5645050383,
1146,0, 2.7050741053, 2.5471287441,
1146,1, 3.4696036005, 2.8144661427,
1146,2, 3.3174082756, 5.3597175694,
1146,3, 3.5406148338, 3.1595818090,
1146,4, 3.6280265856, 3.9912516594,
1147,0, 2.9180951023, 2.3517427063,
1147,1, 2.8323256254, 2.6002008104,
1147,2, 5.1127339077, 6.2772250652,
1147,3, 3.0331083012, 2.6656537771,
1147,4, 3.9769962311, 3.4165199232,
1148,0, 3.9224143076, 2.6829812336,
1148,1, 3.2273141956, 2.5133334112,
1148,2, 3.3481939840, 2.7950158215,
1148,3, 2.8962345552, 3.9097910786,
1148,4, 2.9628893232, 2.0507325745,
1149,0, 3.5912821770, 3.9964679050,
1149,1, 3.7201975536, 3.5744393635,
1149,2, 3.7393042183, 3.8238463879,
1149,3, 3.8196677589, 2.1661865664,
1149,4, 4.3169132471, 2.8822428131,
1150,0, 3.2241362381, 2.2557494974,
1150,1, 3.4449022341, 2.1138240671,
1150,2, 3.5322645187, 3.1852274513,
1150,3, 2.8126847029, 4.6135741997,
1150,4, 3.5900358915, 2.3131221151,
1151,0, 3.2131287336, 3.2691998291,
1151,1, 2.8438410664, 3.5350216579,
1151,2, 5.2251337767, 2.8511210299,
1151,3, 3.6694723368, 3.6888278580,
1151,4, 2.7234431601, 2.6832971478,
1152,0, 3.0114381361, 3.0984419966,
1152,1, 2.7438712597, 2.5669564390,
1152,2, 3.4721270609, 3.9424675179,
1152,3, 3.4450691652, 2.5076567125,
1152,4, 3.6192336702, 2.4971388340,
1153,0, 3.3810025787, 3.9653546667,
1153,1, 4.6182479095, 3.5671315479,
1153,2, 3.3272057867, 3.1573901558,
1153,3, 3.9181061268, 2.5800034618,
1153,4, 3.0872707558, 2.4367515516,
1154,0, 5.9526917410, 3.3689605427,
1154,1, 3.6178693676, 4.4353932142,
1154,2, 3.1966578436, 2.2714569378,
1154,3, 2.7627211046, 2.9664865971,
1154,4, 3.2410363340, 3.6427893734,
1155,0, 3.8486631727, 2.5641372252,
1155,1, 2.7593296480, 4.2316366100,
1155,2, 3.3198695183, 3.5375778008,
1155,3, 2.9608793020, 2.5236054659,
1155,4, 3.3724258757, 2.4770131779,
1156,0, 3.0683076811, 3.8126272249,
1156,1, 3.1849770927, 2.0961388111,
1156,2, 3.2987944841, 4.2447713280,
1156,3, 2.8268828440, 2.2929161024,
1156,4, 3.5526175833, 4.1828648949,
1157,0, 3.0154734039, 2.4205279160,
1157,1, 3.9145775080, 3.2355713367,
1157,2, 2.8807163382, 2.8219314432,
1157,3, 3.3222138119, 4.2098939133,
1157,4, 4.8086746597, 2.6314960575,
1158,0, 3.0975466204, 2.9065025187,
1158,1, 3.4625545073, 4.3441874552,
1158,2, 3.1485535669, 3.1168293190,
1158,3, 8.5077280188, 2.7459852219,
1158,4, 3.5036004877, 3.0373669004,
1159,0, 3.1093246365, 3.3480040836,
1159,1, 3.2735957193, 2.9408854914,
1159,2, 3.3775221395, 2.3692198372,
1159,3, 3.0380206537, 2.8468801355,
1159,4, 3.0649114418, 3.3676975346,
1160,0, 3.4893937492, 3.0618314123,
1160,1, 4.3921125984, 2.6467084932,
1160,2, 3.4470789909, 1.7102876711,
1160,3, 2.4932844067, 3.1152444506,
1160,4, 3.4751697254, 5.1208997822,
1161,0, 3.1971337605, 3.5890627003,
1161,1, 2.8240316153, 2.4635934877,
1161,2, 4.6556475401, 4.6508985138,
1161,3, 2.9345917368, 2.7332708931,
1161,4, 3.2946308661, 2.7024121952,
1162,0, 3.2629271364, 4.3337420416,
1162,1, 3.3035058546, 2.4425279427,
1162,2, 2.9171708202, 2.5003646851,
1162,3, 3.5330154943, 3.0457394028,
1162,4, 4.0972395420, 3.4305563450,
1163,0, 3.1101856422, 3.1461398125,
1163,1, 3.6299633217, 3.1516241693,
1163,2, 3.1606757975, 4.4069575787,
1163,3, 2.9592997122, 2.9825413609,
1163,4, 2.8235519695, 1.8824680853,
1164,0, 3.1375520086, 2.4303928709,
1164,1, 3.3053614998, 2.3996765184,
1164,2, 3.9391186380, 3.0096986294,
1164,3, 3.1619830084, 3.2925060797,
1164,4, 3.4839594603, 3.4172334719,
1165,0, 3.6635959530, 3.9471164894,
1165,1, 3.3949738312, 2.7213950253,
1165,2, 3.2927264404, 3.9952338934,
1165,3, 3.2791662169, 2.9249149132,
1165,4, 3.3480186558, 2.5781721067,
1166,0, 3.0955140018, 4.1291882563,
1166,1, 3.1193293715, 3.3742040157,
1166,2, 3.9220980072, 3.5645273685,
1166,3, 6.0498901224, 2.1103946400,
1166,4, 3.5140075111, 3.5229907036,
1167,0, 3.6436118984, 2.9538016367,
1167,1, 3.3741762924, 2.1965178967,
1167,2, 3.1955096626, 2.7138555765,
1167,3, 3.4113531685, 3.9498801470,
1167,4, 2.9998302078, 2.5864015341,
1168,0, 2.6502307606, 2.6498739386,
1168,1, 3.0957696486, 3.0802328491,
1168,2, 3.0889630079, 2.5196013451,
1168,3, 3.1817495680, 3.1002606583,
1168,4, 3.5821944904, 4.6712069702,
1169,0, 3.3294888020, 3.5799375486,
1169,1, 3.2583075905, 2.8567939138,
1169,2, 3.1707897758, 3.2073390484,
1169,3, 2.9006221104, 3.5550572681,
1169,4, 2.8497967052, 2.2014317799,
1170,0, 4.2233070517, 4.4954769421,
1170,1, 4.4330715227, 3.8032181168,
1170,2, 2.9819696665, 2.7008118629,
1170,3, 3.0633334732, 2.5335276175,
1170,4, 3.2961256790, 3.4464760780,
1171,0, 3.0086461973, 3.2531322193,
1171,1, 4.2409335947, 2.7923765659,
1171,2, 3.2043469906, 3.5752976513,
1171,3, 3.8241642237, 4.6858637905,
1171,4, 3.8679655981, 3.7975692081,
1172,0, 2.7743288469, 2.6103127337,
1172,1, 3.0980851316, 4.5152611494,
1172,2, 2.9279009390, 2.7491539192,
1172,3, 3.4930882072, 2.7244787502,
1172,4, 3.2458058262, 2.2611659908,
1173,0, 3.2483549738, 2.6025029325,
1173,1, 3.5599993324, 3.4225377464,
1173,2, 3.6722492313, 3.0401954889,
1173,3, 3.4810669708, 2.7249055338,
1173,4, 3.5876248646, 5.1729836321,
1174,0, 6.0844215870, 3.6785328007,
1174,1, 3.8555007219, 4.0687975883,
1174,2, 3.1250638342, 2.9662634706,
1174,3, 3.7847971821, 2.7800450230,
1174,4, 3.5256740904, 4.1862055826,
1175,0, 3.5593943024, 2.6577889061,
1175,1, 3.1699961281, 3.2490611744,
1175,2, 2.9842202806, 2.6364783812,
1175,3, 3.8273661613, 2.7228511095,
1175,4, 3.0698927736, 4.7489725876,
1176,0, 3.5557442570, 3.5098980856,
1176,1, 3.6050133276, 4.0672492409,
1176,2, 2.8213798380, 2.5104620600,
1176,3, 3.5808414268, 3.3403051090,
1176,4, 3.1150336933, 3.4643867922,
1177,0, 4.4881460428, 3.0770081043,
1177,1, 3.4605426741, 2.7990072012,
1177,2, 2.9999560547, 1.8624316072,
1177,3, 3.6976384449, 4.1227712250,
1177,4, 3.7160785007, 3.7402614212,
1178,0, 3.0699139929, 2.9852862310,
1178,1, 4.0155607796, 3.8972528076,
1178,2, 3.5253414106, 3.3076101160,
1178,3, 2.9972074652, 4.1223915768,
1178,4, 2.8446162653, 2.4749210978,
1179,0, 3.4129094601, 2.3695069504,
1179,1, 3.6230124187, 3.1662787724,
1179,2, 3.3929102898, 2.5863686323,
1179,3, 3.7096468973, 2.5752952290,
1179,4, 3.3100938654, 3.4736659050,
1180,0, 3.3317581177, 2.0824125767,
1180,1, 3.6697105503, 2.5167624378,
1180,2, 3.7950209522, 5.4557521820,
1180,3, 4.4259766054, 2.1807845116,
1180,4, 3.1344892406, 2.2095146394,
1181,0, 2.8659634829, 2.8292195940,
1181,1, 2.9843607092, 2.5468679190,
1181,2, 3.8984437943, 3.5775095081,
1181,3, 2.8643647718, 4.5276274824,
1181,4, 5.7081242990, 2.5349562263,
1182,0, 2.8735153580, 2.5756989717,
1182,1, 3.6977389288, 3.7879631376,
1182,2, 3.4898751354, 2.4911319971,
1182,3, 3.0631107378, 2.1972774220,
1182,4, 3.3500175714, 2.7007356834,
1183,0, 3.5886215115, 2.8611117268,
1183,1, 3.1732715225, 2.1096618462,
1183,2, 3.2445302391, 3.3296439219,
1183,3, 3.1725558519, 3.1074845409,
1183,4, 3.7913612986, 3.6684476089,
1184,0, 2.9502217531, 3.1241283607,
1184,1, 2.9271219254, 2.9477980042,
1184,2, 4.1473246050, 2.4843032742,
1184,3, 3.2469259167, 3.1118166637,
1184,4, 3.4433395195, 4.0513622189,
1185,0, 3.9435655642, 3.7176504421,
1185,1, 4.1460491896, 3.3669386673,
1185,2, 3.2023991728, 2.4938876486,
1185,3, 4.4613774395, 4.0219006729,
1185,4, 2.7744871283, 3.5791184425,
1186,0, 3.3203113174, 4.3818918467,
1186,1, 3.6244705772, 2.3990602589,
1186,2, 3.9789777374, 2.9207346487,
1186,3, 3.0562549829, 2.2789456797,
1186,4, 2.7577271461, 2.2504345798,
1187,0, 3.9400205088, 3.5727436638,
1187,1, 3.2459819031, 4.0290275764,
1187,2, 3.6234891987, 4.1547067547,
1187,3, 3.4573510408, 2.0491681242,
1187,4, 3.4913375807, 2.8047229052,
1188,0, 3.1512680340, 2.9048821735,
1188,1, 2.9619437218, 3.2264165354,
1188,2, 3.8994030762, 2.9922410965,
1188,3, 3.5279680395, 4.2158847713,
1188,4, 3.6381353092, 2.9287018919,
1189,0, 3.7922709274, 3.6805065346,
1189,1, 3.3219066811, 1.7309541178,
1189,2, 3.7643214464, 3.4827191639,
1189,3, 3.9152363014, 5.0134134388,
1189,4, 2.8441995382, 2.7496806526,
1190,0, 3.2790196133, 2.4908673763,
1190,1, 3.5485330009, 3.5066809750,
1190,2, 3.1011693716, 4.0884441757,
1190,3, 3.3445236731, 2.4433546209,
1190,4, 3.5426364231, 2.3232576513,
1191,0, 3.3607278776, 3.8149864626,
1191,1, 3.9146105909, 2.9509602690,
1191,2, 3.4478015041, 3.8724696207,
1191,3, 3.2920645809, 2.9699903727,
1191,4, 3.2401753521, 2.9699406576,
1192,0, 2.9849481535, 2.6328768349,
1192,1, 2.8094511271, 3.4827956963,
1192,2, 2.8843887472, 2.0309499025,
1192,3, 2.8927773428, 2.2242949486,
1192,4, 3.1027052879, 3.6401637602,
1193,0, 3.4122215509, 2.7029739380,
1193,1, 2.5807974052, 2.4306182861,
1193,2, 3.5182904625, 4.8515453434,
1193,3, 4.3965046978, 3.4292710781,
1193,4, 3.8688225937, 3.2567001534,
1194,0, 3.4502338219, 4.4951253128,
1194,1, 3.5952925253, 3.1989270687,
1194,2, 3.1651406670, 4.5941113949,
1194,3, 3.3898172235, 3.0032946968,
1194,4, 3.1144896412, 2.5638894796,
1195,0, 3.7296288538, 4.2188413239,
1195,1, 3.2588914537, 3.2269132328,
1195,2, 3.8481898594, 3.9023995399,
1195,3, 3.3269369316, 2.5190221310,
1195,4, 3.3730580473, 4.2872361422,
1196,0, 3.2557488060, 2.7764780331,
1196,1, 3.5058174324, 3.2161960220,
1196,2, 4.9196824455, 4.2563128853,
1196,3, 3.9302532768, 3.7447147083,
1196,4, 3.3402243853, 5.2442268085,
1197,0, 2.8732247162, 2.3759241390,
1197,1, 3.1628596401, 2.5455612516,
1197,2, 3.0471646738, 2.6163846254,
1197,3, 3.4437884092, 4.4853257847,
1197,4, 3.2432430220, 2.4340601873,
1198,0, 3.4977935934, 2.7889547968,
1198,1, 3.4878367424, 3.5299151993,
1198,2, 3.0686630774, 3.4973975039,
1198,3, 2.8031524944, 3.5446388769,
1198,4, 3.1582787323, 2.6488387871,
1199,0, 3.2359909678, 2.9230207825,
1199,1, 5.2466173124, 3.2108444023,
1199,2, 3.3180784512, 3.9186457682,
1199,3, 4.4180789375, 5.0774655914,
1199,4, 3.7680625582, 4.4748209858,
1200,0, 3.7289731359, 3.3354567623,
1200,1, 2.7937811470, 2.5623127842,
1200,2, 3.3513771296, 2.4160527992,
1200,3, 3.9530960274, 4.5304978704,
1200,4, 3.0476361322, 2.9486469030,
1201,0, 3.4626924181, 2.7849259615,
1201,1, 3.2263742685, 2.9578780556,
1201,2, 3.0372978735, 2.9450103235,
1201,3, 3.2501553440, 2.4747418022,
1201,4, 4.3861991024, 3.6169414711,
1202,0, 3.1643660736, 2.8211868954,
1202,1, 3.0472365332, 2.8984869289,
1202,2, 3.2712540436, 3.4803939724,
1202,3, 3.6476441097, 3.7328052425,
1202,4, 3.3262837696, 4.1288467360,
1203,0, 3.1991548872, 2.5494724417,
1203,1, 3.1896182013, 2.8542110443,
1203,2, 3.4484681416, 3.8585271263,
1203,3, 3.3050999689, 3.6942800188,
1203,4, 3.0389150238, 2.5282118940,
1204,0, 3.3224243784, 2.8136341238,
1204,1, 5.9290720701, 3.2354593372,
1204,2, 2.9225554609, 2.5861492729,
1204,3, 3.5963522768, 4.4702504683,
1204,4, 3.0216383219, 3.9712362862,
1205,0, 2.8524034548, 3.7667379045,
1205,1, 3.9484943390, 2.6747014046,
1205,2, 3.1508135414, 2.7356547260,
1205,3, 2.8928604650, 3.3496012354,
1205,4, 3.1311850405, 2.6139640951,
1206,0, 3.2339954281, 3.0452771616,
1206,1, 3.2799558449, 3.9508722210,
1206,2, 3.3064398098, 2.6749778080,
1206,3, 2.9527737045, 2.7039360189,
1206,4, 3.0923756027, 2.7592660761,
1207,0, 3.3268793917, 3.8386799812,
1207,1, 3.7630905533, 3.2346374321,
1207,2, 3.6424450064, 3.5368417168,
1207,3, 3.8118031502, 2.2403498840,
1207,4, 3.1150868082, 4.1938864708,
1208,0, 4.1239434528, 2.8487052131,
1208,1, 3.3843431425, 2.1681381035,
1208,2, 3.3993018723, 2.9517819071,
1208,3, 3.5071687508, 3.3658424377,
1208,4, 3.3421701717, 4.5581006479,
1209,0, 3.0680962849, 2.2036892796,
1209,1, 3.6077829313, 3.8177142620,
1209,2, 3.3961697483, 2.9686189747,
1209,3, 3.2997182989, 3.0578246164,
1209,4, 3.7028695869, 3.3525896311,
1210,0, 3.4612215233, 2.4832567835,
1210,1, 3.6310322857, 2.8306926155,
1210,2, 2.8806913233, 2.6119730139,
1210,3, 2.8519410086, 2.7927540874,
1210,4, 3.5135135412, 4.2651334095,
1211,0, 3.2747965384, 3.1681392956,
1211,1, 2.7576467848, 3.9134097004,
1211,2, 3.4266554594, 2.6396533585,
1211,3, 3.0845658827, 2.9710034180,
1211,4, 3.8347321367, 2.5981263542,
1212,0, 3.4530200911, 2.8106361675,
1212,1, 3.4304034185, 3.1405625725,
1212,2, 3.8232775021, 3.6632304668,
1212,3, 3.0091857386, 2.8001193714,
1212,4, 5.2734114981, 6.3806605434,
1213,0, 3.3923652887, 2.2068232727,
1213,1, 3.1717678928, 4.2212908077,
1213,2, 3.0543543720, 2.7572288609,
1213,3, 3.1184917831, 3.2041215897,
1213,4, 3.1217495012, 3.1373611832,
1214,0, 2.6313998985, 4.1151528502,
1214,1, 3.3403761625, 3.4484395790,
1214,2, 3.4869597578, 4.0727938271,
1214,3, 3.6847176552, 2.3012596416,
1214,4, 3.1425306416, 2.3724473858,
1215,0, 4.7940184546, 3.5743651295,
1215,1, 3.4581421232, 4.1854306889,
1215,2, 3.9574433374, 2.6909512568,
1215,3, 3.4937773323, 3.6275512075,
1215,4, 2.8562220764, 2.6392636395,
1216,0, 3.1116034317, 4.0005463219,
1216,1, 3.0640213776, 2.1930394793,
1216,2, 3.4642343426, 3.8142373180,
1216,3, 3.1145915985, 2.4742331648,
1216,4, 3.2518627691, 2.0580439091,
1217,0, 3.8612799883, 2.8308612871,
1217,1, 3.0433483458, 2.1221105385,
1217,2, 4.2281315231, 3.0909094524,
1217,3, 3.5592423248, 2.1307023335,
1217,4, 2.9615889120, 4.3490981245,
1218,0, 3.0654525805, 3.4249583340,
1218,1, 3.1454786777, 3.5803005791,
1218,2, 2.9130506945, 3.6107539749,
1218,3, 3.2328070211, 2.5428842402,
1218,4, 3.0871529436, 2.2834453917,
1219,0, 3.5192001152, 2.3550065184,
1219,1, 5.4216537142, 4.3307337856,
1219,2, 2.8761550117, 2.3879608011,
1219,3, 2.6544515038, 4.2741331673,
1219,4, 3.0586720562, 2.9389179611,
1220,0, 3.2306481600, 2.9762109804,
1220,1, 3.4958853245, 3.5140189552,
1220,2, 3.5807141685, 3.5794153404,
1220,3, 2.8638701439, 3.0363326454,
1220,4, 2.9920982170, 2.7211051369,
1221,0, 2.8991128683, 2.9268213654,
1221,1, 3.1864091969, 3.7035346556,
1221,2, 4.0552729416, 3.5803821373,
1221,3, 3.0950516701, 3.0369363213,
1221,4, 2.9431988001, 2.9391290474,
1222,0, 3.2356204557, 2.7830859041,
1222,1, 3.5555900288, 2.9363125515,
1222,2, 3.2478033304, 2.6909185457,
1222,3, 8.5990668201, 4.1344349575,
1222,4, 2.8437168646, 3.4421560216,
1223,0, 3.5212821770, 2.0478826880,
1223,1, 3.3800812244, 3.1147064352,
1223,2, 3.1274903297, 2.3925538921,
1223,3, 3.4967492819, 3.6873272800,
1223,4, 3.5058162594, 2.6488497972,
1224,0, 3.0621703100, 3.5059174061,
1224,1, 2.9581235456, 2.6707532406,
1224,2, 3.7648557186, 2.4518208408,
1224,3, 3.2798377037, 2.3610415602,
1224,4, 3.1988795853, 4.1859360552,
1225,0, 3.0548641491, 2.6221918297,
1225,1, 3.3412523603, 2.6699573755,
1225,2, 3.2485771322, 3.3454630661,
1225,3, 3.1692454147, 2.2366997147,
1225,4, 3.2318573713, 4.4424864340,
1226,0, 3.0632636213, 3.7071433878,
1226,1, 3.4067414618, 3.0900476789,
1226,2, 2.9126351881, 2.2938378191,
1226,3, 2.8424868965, 3.2564418602,
1226,4, 3.0071198654, 2.2839894104,
1227,0, 2.9149363136, 2.5467475557,
1227,1, 3.4233716869, 2.8092349625,
1227,2, 3.3047899961, 3.0722771263,
1227,3, 3.8033019495, 2.8416654730,
1227,4, 3.5512520838, 3.9220509577,
1228,0, 3.4003467464, 2.9297325373,
1228,1, 3.2660355186, 2.7458089828,
1228,2, 3.6342885542, 2.2581838512,
1228,3, 4.4032100296, 3.7564934540,
1228,4, 3.3591395330, 2.7907046747,
1229,0, 3.5136156082, 3.9015360498,
1229,1, 3.4986469412, 3.5972916603,
1229,2, 3.1618763494, 3.3737413836,
1229,3, 3.9615514278, 3.3209114361,
1229,4, 4.0541743708, 2.9480962610,
1230,0, 3.8236598444, 2.7807605600,
1230,1, 3.0046142530, 2.8321129942,
1230,2, 3.8854106092, 3.4133791494,
1230,3, 3.7543549109, 5.3010610771,
1230,4, 3.4440206957, 5.1695207691,
1231,0, 3.2838169098, 2.9018184948,
1231,1, 3.0778583813, 3.3349836779,
1231,2, 3.4447136497, 3.2982514000,
1231,3, 3.1374633121, 3.5310892057,
1231,4, 3.1532099199, 2.8964711905,
1232,0, 2.6364725685, 2.2043857336,
1232,1, 3.1081492853, 3.1981731844,
1232,2, 3.1378569412, 3.7082839394,
1232,3, 3.0048183537, 1.7747962570,
1232,4, 3.7564612865, 4.4572340107,
1233,0, 2.7085454226, 2.1342246914,
1233,1, 3.0353708601, 4.7653566360,
1233,2, 2.8946218967, 2.3845964956,
1233,3, 3.0132819796, 2.6370441294,
1233,4, 3.1007377291, 3.4547711372,
1234,0, 4.4246081161, 2.4806776333,
1234,1, 3.1363968706, 2.7737112141,
1234,2, 3.1828757858, 2.1436998415,
1234,3, 3.3728733397, 3.8688080072,
1234,4, 3.4224537992, 2.7104622650,
1235,0, 3.3427851391, 3.4070210075,
1235,1, 3.0125921202, 2.6235507631,
1235,2, 3.2380871868, 2.4837582541,
1235,3, 3.2423507690, 4.8674603605,
1235,4, 4.7286531162, 3.5402126598,
1236,0, 2.9911144495, 2.1143247938,
1236,1, 2.8911071205, 4.2126505136,
1236,2, 3.5921510077, 3.0707434702,
1236,3, 3.5106034994, 2.9983969641,
1236,4, 3.4158666801, 3.3727357531,
1237,0, 3.5582108450, 2.1822270489,
1237,1, 3.4718728161, 5.4587851286,
1237,2, 3.3298036194, 2.4320074415,
1237,3, 3.5057934380, 3.4092765856,
1237,4, 3.2708875465, 2.6448933029,
1238,0, 3.0480365276, 3.0035253859,
1238,1, 3.3925245237, 3.0465016222,
1238,2, 3.6432810020, 3.1655855656,
1238,3, 6.9028314638, 5.2526209450,
1238,4, 3.0171314669, 3.5459718513,
1239,0, 3.6703186607, 3.5158337545,
1239,1, 3.1213903713, 3.8726417923,
1239,2, 3.3423154259, 4.3160247278,
1239,3, 3.6405610943, 2.6148647976,
1239,4, 3.5765327978, 2.6278467941,
1240,0, 3.4377100182, 2.6600909901,
1240,1, 3.2995464897, 2.5344403076,
1240,2, 3.0903685856, 2.8958290815,
1240,3, 3.1750169468, 3.1301863718,
1240,4, 4.1607687116, 4.5082039022,
1241,0, 2.8775370836, 2.6861604357,
1241,1, 3.5924189091, 2.8702269411,
1241,2, 2.8069711781, 2.6671444845,
1241,3, 3.0132391596, 3.2929668522,
1241,4, 2.9096435881, 3.8659578991,
1242,0, 3.4282496548, 3.1615085649,
1242,1, 7.4158385229, 4.1883301449,
1242,2, 3.0973970652, 2.6550316048,
1242,3, 3.3093609905, 2.4093011808,
1242,4, 3.4018984365, 3.2725147247,
1243,0, 2.8628038120, 3.0194409227,
1243,1, 3.7261007595, 3.6558649635,
1243,2, 3.5741090870, 4.1899839115,
1243,3, 3.6045057964, 2.6070927906,
1243,4, 2.8525242662, 3.1502443886,
1244,0, 3.1131621361, 3.0484919357,
1244,1, 3.5172557402, 3.6376914310,
1244,2, 3.1607424164, 3.9984077406,
1244,3, 3.2893111324, 3.7083254242,
1244,4, 3.5544086409, 3.2714818144,
1245,0, 3.4855759430, 3.5884904099,
1245,1, 3.2042642355, 2.9704542160,
1245,2, 3.3187175179, 4.0289801741,
1245,3, 2.7822136784, 2.9436036396,
1245,4, 3.6812443876, 3.9950741196,
1246,0, 3.3113167048, 2.7542318344,
1246,1, 2.9722006559, 2.9895285034,
1246,2, 2.8877219486, 2.6510181236,
1246,3, 3.7788458824, 2.4630589008,
1246,4, 3.6063915300, 4.6945876408,
1247,0, 5.9578170919, 2.4425100708,
1247,1, 2.9282809973, 4.6608603811,
1247,2, 4.0394935036, 4.1720189571,
1247,3, 3.7382640505, 3.0902556610,
1247,4, 3.0510774899, 2.3072994947,
1248,0, 3.2143783998, 2.5309751177,
1248,1, 2.7460510445, 2.1978451443,
1248,2, 3.3326071262, 3.5526329327,
1248,3, 3.6307646036, 4.0844219255,
1248,4, 3.4460398054, 2.8609920454,
1249,0, 3.4378913784, 2.5825375748,
1249,1, 2.8928261948, 2.8436365175,
1249,2, 2.7240916538, 4.2076478863,
1249,3, 3.4877783632, 3.3007345581,
1249,4, 2.8725904512, 2.8925722551,
1250,0, 3.0353446913, 3.5894248486,
1250,1, 3.0998130894, 2.9440761900,
1250,2, 3.3411517382, 3.3771368122,
1250,3, 3.2415677118, 3.7668624735,
1250,4, 3.2791616535, 3.0574948788,
1251,0, 3.0100710678, 2.9793687534,
1251,1, 3.2771875477, 2.0195077181,
1251,2, 3.0616404247, 2.8502373600,
1251,3, 3.3245769739, 4.4523138523,
1251,4, 3.5503682852, 3.2608767557,
1252,0, 4.2859964514, 2.6906087494,
1252,1, 2.9256448603, 2.2752278566,
1252,2, 3.1520034742, 2.9611530733,
1252,3, 3.1389614391, 3.7238367510,
1252,4, 3.0804218197, 3.0152862263,
1253,0, 3.2767388439, 3.9397247982,
1253,1, 2.9992125559, 3.1268250227,
1253,2, 2.9379686642, 2.9921658373,
1253,3, 3.9221032715, 3.5173606396,
1253,4, 3.3049359894, 3.7385393953,
1254,0, 3.2283210421, 2.4272055197,
1254,1, 3.5392072392, 3.0283088970,
1254,2, 3.0213714314, 3.9508410835,
1254,3, 3.7496164846, 2.9910680628,
1254,4, 3.7126245213, 2.7463182688,
1255,0, 3.3201264429, 4.9761932468,
1255,1, 3.6440099192, 2.7933687353,
1255,2, 3.3541883802, 2.3411077738,
1255,3, 3.5100576782, 3.4732533455,
1255,4, 2.6788396358, 2.4303500986,
1256,0, 2.8709514475, 1.9399631023,
1256,1, 2.7789601135, 4.1392574024,
1256,2, 2.8152060461, 2.7904743338,
1256,3, 3.2952801800, 2.1731269789,
1256,4, 3.2321360064, 2.9540698385,
1257,0, 3.4898538494, 4.5308868885,
1257,1, 3.3018501902, 2.8783086872,
1257,2, 3.3705806923, 2.5985344267,
1257,3, 4.6672582817, 3.2050781536,
1257,4, 3.2776659632, 2.3558009148,
1258,0, 4.2647216177, 3.2936596203,
1258,1, 3.7053664303, 3.7865552998,
1258,2, 3.0335988140, 2.8804781294,
1258,3, 3.0409429312, 2.1226075077,
1258,4, 3.8766919613, 4.6847117996,
1259,0, 2.8663503885, 4.2549989176,
1259,1, 2.8750618935, 2.5966389227,
1259,2, 3.5900593758, 2.6315230846,
1259,3, 3.2421725130, 2.7673148680,
1259,4, 3.0550988150, 3.3501946497,
1260,0, 3.0887147665, 3.3238758087,
1260,1, 2.9881497812, 2.6295874739,
1260,2, 3.4886713839, 3.1890279436,
1260,3, 2.7625206137, 4.1564496899,
1260,4, 2.5794170713, 2.7589192724,
1261,0, 3.1397509670, 2.5379766083,
1261,1, 3.1755135775, 2.7929252005,
1261,2, 3.1589088869, 4.2630180883,
1261,3, 2.6515858269, 2.8430656910,
1261,4, 4.2610878658, 2.6186498404,
1262,0, 3.0077517462, 4.4983821678,
1262,1, 3.2076616430, 3.0457613897,
1262,2, 3.0773368835, 2.6871998978,
1262,3, 3.9607351160, 3.1534304667,
1262,4, 3.6737473440, 2.1889616251,
1263,0, 2.8796920252, 2.7591693878,
1263,1, 3.1865004683, 3.3494103003,
1263,2, 3.5251492214, 3.6355030537,
1263,3, 2.9005687571, 3.4513542843,
1263,4, 3.2078828144, 4.8025132656,
1264,0, 3.4162841558, 3.2075172949,
1264,1, 3.0790349007, 3.5814635086,
1264,2, 3.4949201298, 3.4950678921,
1264,3, 2.7836494303, 2.4468731785,
1264,4, 2.9076808596, 2.1283630943,
1265,0, 4.3622620106, 5.0883447075,
1265,1, 2.9746512938, 2.6839863873,
1265,2, 3.3556009293, 4.6382794476,
1265,3, 3.0855334997, 2.9266679430,
1265,4, 3.4427890015, 3.3359707022,
1266,0, 4.2347376442, 4.1227503443,
1266,1, 2.9866882277, 3.0657946682,
1266,2, 2.7800448942, 2.8359606934,
1266,3, 3.5040959358, 3.3378046322,
1266,4, 3.3697290754, 3.1375099945,
1267,0, 3.3858897161, 2.5413117504,
1267,1, 3.3483418560, 3.0598086739,
1267,2, 3.0590999413, 3.9507031345,
1267,3, 3.4770778418, 3.0067138720,
1267,4, 3.1465205956, 3.3902910852,
1268,0, 3.9049602604, 2.9986072779,
1268,1, 3.3992476892, 2.6438151407,
1268,2, 4.7444194841, 3.1855245876,
1268,3, 3.3274576187, 3.4245870113,
1268,4, 4.3660824776, 4.6160619640,
1269,0, 3.2118541050, 4.2397217131,
1269,1, 2.7109988594, 2.4916678667,
1269,2, 3.1577785206, 2.6003870535,
1269,3, 3.0008859539, 2.3857464695,
1269,4, 3.0377346420, 2.8496709967,
1270,0, 2.9324121428, 4.2495172405,
1270,1, 2.6277006292, 3.1213241148,
1270,2, 3.1198332119, 3.3057796860,
1270,3, 3.3463966465, 2.2603881598,
1270,4, 4.3594614410, 3.0155097055,
1271,0, 2.9941107702, 2.2516062832,
1271,1, 3.1263413763, 2.2654179430,
1271,2, 2.8933192635, 4.1148742962,
1271,3, 4.1621101522, 3.9955775928,
1271,4, 3.4064032364, 3.6877479839,
1272,0, 4.3112263966, 3.3910406828,
1272,1, 3.2276268721, 2.5923910856,
1272,2, 3.0544273472, 2.6904534674,
1272,3, 3.3678274345, 2.8719774055,
1272,4, 4.1065074539, 3.5373477316,
1273,0, 3.1552109003, 3.1669217014,
1273,1, 5.9281735563, 3.4395792055,
1273,2, 3.7214360189, 3.9644581985,
1273,3, 3.6142868042, 2.6465353489,
1273,4, 3.9656099415, 2.8188166142,
1274,0, 3.0666394377, 2.7417121410,
1274,1, 3.6751696634, 2.5369149017,
1274,2, 3.2072623348, 2.2835844040,
1274,3, 3.4013833809, 4.5914927292,
1274,4, 3.0416997719, 3.0327400923,
1275,0, 3.0894325590, 2.8688959694,
1275,1, 3.3161047173, 3.7720955086,
1275,2, 3.1605244112, 3.7834350729,
1275,3, 3.3295391464, 3.4328751850,
1275,4, 2.6076804543, 3.0424498415,
1276,0, 2.8534753132, 2.5659710312,
1276,1, 3.0751699400, 4.1052011967,
1276,2, 3.2623153639, 2.2089183950,
1276,3, 2.9379327679, 2.6419530010,
1276,4, 3.1525480986, 2.9285288000,
1277,0, 4.5843180656, 4.1655854893,
1277,1, 4.3587980366, 3.2661653852,
1277,2, 4.1502660513, 3.3063609266,
1277,3, 3.0976300001, 4.6323723602,
1277,4, 4.0199672556, 4.2590557098,
1278,0, 4.0775435305, 4.0769075394,
1278,1, 3.4292978573, 2.8872310257,
1278,2, 3.0606348562, 3.4040771246,
1278,3, 3.8187962198, 3.3332646656,
1278,4, 3.0485384035, 2.7698726988,
1279,0, 3.1518847799, 2.5928777122,
1279,1, 2.9557450914, 2.4513425684,
1279,2, 3.7364192057, 3.0045473528,
1279,3, 3.4139602375, 4.0771655083,
1279,4, 3.3910434198, 2.5399472141,
1280,0, 3.8080677509, 4.2837615108,
1280,1, 3.1190997458, 3.0156264496,
1280,2, 3.2215065241, 2.1455354595,
1280,3, 2.9059880066, 2.4088860559,
1280,4, 2.8876682854, 2.5731213760,
1281,0, 3.5486737728, 3.2236827469,
1281,1, 4.1841392565, 4.3389969349,
1281,2, 3.5548655939, 4.0815132761,
1281,3, 3.5086098003, 3.0250090361,
1281,4, 3.3796998167, 3.0559895563,
1282,0, 2.9394649506, 2.9571973705,
1282,1, 3.4113467121, 2.5809813070,
1282,2, 3.8432195187, 3.7584757423,
1282,3, 3.1934337616, 3.2951924562,
1282,4, 3.2904090691, 2.7736749220,
1283,0, 3.6779351187, 3.9473287630,
1283,1, 3.6115010643, 2.7444835520,
1283,2, 3.2041534901, 3.2922109795,
1283,3, 3.3603251362, 2.8499970675,
1283,4, 2.6529768848, 2.1403587723,
1284,0, 2.4561039925, 2.1588505936,
1284,1, 3.1578856182, 3.5625854301,
1284,2, 4.0892919111, 2.3515572166,
1284,3, 4.3619980621, 2.4128709698,
1284,4, 2.6616240597, 3.1607511139,
1285,0, 3.2636085987, 2.8585664654,
1285,1, 3.1333037329, 2.1509952497,
1285,2, 3.3682639170, 3.2356794071,
1285,3, 3.4133875513, 2.6015383482,
1285,4, 3.3600254250, 3.5905769444,
1286,0, 3.3893009615, 3.1810389614,
1286,1, 3.3635868359, 2.8004783678,
1286,2, 2.7623210478, 3.6837916994,
1286,3, 5.5552050161, 4.5058215332,
1286,4, 2.6908689070, 2.8512172174,
1287,0, 3.0818486261, 2.6865867949,
1287,1, 3.0753237057, 3.0017303276,
1287,2, 3.6480779505, 3.0846639538,
1287,3, 3.2521596813, 3.5801550055,
1287,4, 3.1755495310, 3.0536296463,
1288,0, 3.0811012268, 3.3839884949,
1288,1, 3.3423100281, 3.4589088821,
1288,2, 3.0325344992, 4.2393846750,
1288,3, 3.3732621908, 2.7949283886,
1288,4, 2.9136246681, 2.3978202057,
1289,0, 4.8044653320, 4.3196331692,
1289,1, 3.7678719854, 2.5179229832,
1289,2, 2.7076421738, 2.6919213820,
1289,3, 3.3097073650, 2.8267998314,
1289,4, 3.1241091156, 2.9625871515,
1290,0, 3.4705004501, 3.3380219746,
1290,1, 3.5242746639, 4.2497590637,
1290,2, 3.5799528122, 5.1452560234,
1290,3, 5.5751449966, 2.9149261093,
1290,4, 3.3365697956, 2.8385942078,
1291,0, 3.4364448023, 2.7900041437,
1291,1, 3.6666052961, 3.2990030336,
1291,2, 3.2583186483, 2.9585512352,
1291,3, 3.2902421999, 3.6436550808,
1291,4, 4.0322802687, 4.3404477453,
1292,0, 3.3923976612, 2.7984852600,
1292,1, 5.8374136686, 6.1400452709,
1292,2, 3.0518592262, 3.0185031176,
1292,3, 3.7061947584, 3.3144121218,
1292,4, 3.3103051376, 2.8104169226,
1293,0, 2.8950972748, 2.6161535788,
1293,1, 3.0179519606, 2.6886926270,
1293,2, 2.9439475060, 2.8977582169,
1293,3, 3.6802781105, 3.1024917412,
1293,4, 2.6342478132, 4.4262132168,
1294,0, 3.3901270676, 4.0804719353,
1294,1, 3.8173702383, 2.7406971550,
1294,2, 4.1715198565, 2.5128298426,
1294,3, 3.1776775551, 3.0202604008,
1294,4, 3.3667651749, 3.7182890129,
1295,0, 6.5171552515, 2.7809622526,
1295,1, 3.0113031864, 4.2389038658,
1295,2, 4.2781179476, 4.6503794479,
1295,3, 3.1450474405, 3.0588679218,
1295,4, 2.9092394066, 2.2927142048,
1296,0, 3.9223373175, 3.0851847219,
1296,1, 3.2427401590, 3.6585068703,
1296,2, 3.2547569418, 3.6512301254,
1296,3, 3.0457771635, 4.1188162136,
1296,4, 3.2963678503, 2.9771904945,
1297,0, 3.1969870043, 3.2326131964,
1297,1, 3.9056539869, 2.7868263340,
1297,2, 4.6725402641, 4.8621544600,
1297,3, 2.7766893959, 3.1826522732,
1297,4, 3.3081813812, 2.8397940969,
1298,0, 2.9858624125, 2.8982025766,
1298,1, 3.0788053894, 4.5045049572,
1298,2, 3.1010758162, 2.4422419357,
1298,3, 3.0507261229, 2.2088718700,
1298,4, 3.9460087824, 3.4801146126,
1299,0, 3.4015382910, 2.4083598566,
1299,1, 3.8224504185, 3.9048598957,
1299,2, 2.9573932028, 2.9449836493,
1299,3, 3.0788676691, 3.1031635475,
1299,4, 3.4880360270, 3.4740946102,
1300,0, 3.5399449968, 3.4197139072,
1300,1, 3.7405511332, 2.2528357410,
1300,2, 3.3404229641, 3.1365505648,
1300,3, 2.7444143295, 4.1494305849,
1300,4, 3.2120431852, 2.5958585691,
1301,0, 4.3329396439, 3.9904357815,
1301,1, 4.5857635403, 2.9614443541,
1301,2, 3.1481612396, 2.3679855967,
1301,3, 3.1986366606, 3.5003050423,
1301,4, 3.1904504681, 2.8398849869,
1302,0, 3.3370986032, 3.0496265841,
1302,1, 2.6061019278, 4.0800587845,
1302,2, 3.1188697910, 3.0522081137,
1302,3, 3.5172068691, 2.0767690134,
1302,4, 2.9821630144, 2.7073346424,
1303,0, 4.9105436468, 2.7090347910,
1303,1, 3.4335506153, 4.6526992416,
1303,2, 3.5205056620, 3.3349220181,
1303,3, 3.4842360353, 2.4466811085,
1303,4, 3.2956518745, 3.3388483047,
1304,0, 4.4689157295, 4.3597091866,
1304,1, 3.3988335466, 3.9231995392,
1304,2, 3.3582397127, 3.4123192549,
1304,3, 3.0088259506, 2.8397355652,
1304,4, 2.9733750725, 3.8930356169,
1305,0, 5.1136285782, 3.5954702520,
1305,1, 3.0169090223, 3.1979937267,
1305,2, 3.1350126886, 2.9205032730,
1305,3, 3.6257336521, 3.1809798241,
1305,4, 3.0056053209, 3.2614437628,
1306,0, 3.5727515984, 2.9833325863,
1306,1, 3.2146990538, 3.2452365017,
1306,2, 3.2520691729, 3.7781550503,
1306,3, 3.2074177885, 3.1085238695,
1306,4, 3.4724802017, 4.4338792992,
1307,0, 3.8912610817, 4.4197155094,
1307,1, 3.8140369129, 3.2787509727,
1307,2, 3.8073865843, 2.5266779947,
1307,3, 3.5674271202, 2.6537252665,
1307,4, 3.2804796696, 3.3099155331,
1308,0, 2.7999401808, 2.2496457863,
1308,1, 3.3482133675, 2.6178690100,
1308,2, 3.0566225624, 2.1349893761,
1308,3, 3.0444675922, 4.3634648609,
1308,4, 3.3613595200, 2.7378183508,
1309,0, 3.0229581690, 3.1138023376,
1309,1, 3.3674227285, 2.4064849663,
1309,2, 3.0003387976, 2.9299809933,
1309,3, 3.0251079464, 2.9103765249,
1309,4, 3.3860180855, 3.8548982000,
1310,0, 3.3685658693, 2.3353021717,
1310,1, 3.0664786482, 3.0406264782,
1310,2, 3.5346358728, 4.8372600269,
1310,3, 3.7488964748, 2.9971719456,
1310,4, 3.4305672932, 3.5847209454,
1311,0, 4.2079341841, 4.8566552067,
1311,1, 6.3916069317, 5.2206572628,
1311,2, 2.8954240656, 3.0353717661,
1311,3, 2.9942802668, 2.2901613522,
1311,4, 3.0752299833, 2.4787470436,
1312,0, 3.2734351778, 3.0116334438,
1312,1, 2.7183553410, 3.9920094156,
1312,2, 3.1383832932, 2.3098382807,
1312,3, 3.1617312193, 3.4307993793,
1312,4, 3.3586299753, 2.2439133978,
1313,0, 4.0914544106, 3.2280067110,
1313,1, 3.6773242331, 3.5865714836,
1313,2, 3.8855786562, 4.0438979244,
1313,3, 3.3912903976, 2.3969473839,
1313,4, 2.9220492887, 2.3986608791,
1314,0, 2.8943471289, 3.1066698503,
1314,1, 4.3167614746, 3.7258076286,
1314,2, 3.0856620598, 2.8798637962,
1314,3, 3.2057787132, 3.3663889599,
1314,4, 3.9990076876, 4.0085334492,
1315,0, 3.4622861814, 3.9950905609,
1315,1, 2.5308376312, 2.2435812664,
1315,2, 2.7665021849, 2.8155129004,
1315,3, 2.7524070120, 2.7642005682,
1315,4, 3.1685166121, 3.5607044792,
1316,0, 3.8294069576, 3.0863032055,
1316,1, 3.2187852573, 3.2368233061,
1316,2, 3.2964973164, 4.0494037390,
1316,3, 3.0531968689, 3.0429292250,
1316,4, 4.3157099533, 3.1623243856,
1317,0, 4.0684196186, 3.7124135113,
1317,1, 3.0467554140, 3.5732544994,
1317,2, 7.5980945253, 4.5635009003,
1317,3, 3.0381895256, 2.9604851961,
1317,4, 2.8785493946, 2.0595849752,
1318,0, 3.4208212566, 3.8944051695,
1318,1, 3.4632689428, 2.7023381901,
1318,2, 3.3999756622, 2.4664671278,
1318,3, 3.7216468191, 2.8677118015,
1318,4, 3.3010463285, 2.7066658735,
1319,0, 2.9592321682, 4.3258664513,
1319,1, 3.3209562159, 2.6739158440,
1319,2, 3.9670873022, 3.1252092743,
1319,3, 4.0710172415, 3.9133310413,
1319,4, 3.6931232023, 3.1956854630,
1320,0, 2.9517952538, 2.9998732042,
1320,1, 3.3503584576, 4.2841594887,
1320,2, 3.3383997726, 3.1293075991,
1320,3, 3.6985070133, 2.4134801531,
1320,4, 3.0808895445, 2.9417582321,
1321,0, 3.3369226122, 2.1441012287,
1321,1, 3.2339674568, 2.5277656555,
1321,2, 3.2246141529, 3.1896148825,
1321,3, 3.3813025379, 4.3497749090,
1321,4, 3.4585164547, 2.9648117256,
1322,0, 3.2413456392, 2.4838293457,
1322,1, 2.9821258450, 2.7851683283,
1322,2, 3.6149084139, 2.7878321886,
1322,3, 4.9126007509, 6.9326024055,
1322,4, 2.9242780638, 2.8494343281,
1323,0, 3.4427697134, 3.0954320002,
1323,1, 3.6188906384, 3.6449968719,
1323,2, 3.0087713957, 2.1761546993,
1323,3, 3.7104813671, 4.4833497143,
1323,4, 3.0146053648, 2.9668912649,
1324,0, 3.4146321297, 4.3707778502,
1324,1, 3.4985455799, 3.2268263531,
1324,2, 2.9967285252, 2.5406081295,
1324,3, 3.1014115763, 3.2495489264,
1324,4, 3.2467601252, 3.0563938618,
1325,0, 3.0447555876, 3.4146661472,
1325,1, 3.4172650433, 2.4157501698,
1325,2, 3.7542683697, 3.5939102268,
1325,3, 2.9081065178, 2.7261244488,
1325,4, 3.1880144882, 4.2201751089,
1326,0, 3.3813966656, 3.9054535723,
1326,1, 3.3045482922, 2.4663451672,
1326,2, 3.8130369663, 3.0952549934,
1326,3, 3.0486064339, 2.5608083725,
1326,4, 3.0550429869, 4.1881076050,
1327,0, 3.0691342449, 2.5489214611,
1327,1, 3.7811745358, 2.8115273666,
1327,2, 2.9500073910, 2.3233236027,
1327,3, 3.6573316717, 3.2266815519,
1327,4, 3.7436538029, 4.7201985884,
1328,0, 3.3276166630, 2.1990199089,
1328,1, 3.0067776585, 3.1648181820,
1328,2, 2.8413574696, 3.2599327707,
1328,3, 3.1293343592, 3.5677434635,
1328,4, 3.1476787519, 2.4504674196,
1329,0, 3.3500144100, 3.4630189037,
1329,1, 3.3527400208, 3.6304384995,
1329,2, 2.9579294825, 2.2788753891,
1329,3, 3.2253786135, 3.9539475060,
1329,4, 2.9490962124, 3.5196274185,
1330,0, 2.8460767365, 2.8692554379,
1330,1, 3.3114437485, 3.2208455849,
1330,2, 2.5820178604, 2.9529631233,
1330,3, 3.3055055475, 2.6119534540,
1330,4, 3.0491010046, 3.5571576309,
1331,0, 3.3362615633, 2.8046213579,
1331,1, 3.4132557201, 2.5826548386,
1331,2, 3.7275044823, 3.4340204525,
1331,3, 3.4066844845, 4.7357191086,
1331,4, 4.1254352713, 2.2812661266,
1332,0, 3.3032281208, 2.6334030342,
1332,1, 3.2716151142, 3.6338119745,
1332,2, 3.3027378750, 2.2743877888,
1332,3, 3.8070961237, 3.2238588810,
1332,4, 2.9446195078, 4.0947268724,
1333,0, 2.9328201628, 2.9820973921,
1333,1, 3.3911783314, 3.2608979034,
1333,2, 3.3387306643, 4.5772912169,
1333,3, 3.9147799492, 3.9544808483,
1333,4, 3.4650619459, 3.0614566612,
1334,0, 3.2171560574, 2.6773233700,
1334,1, 3.4510858870, 3.3979080963,
1334,2, 3.0704761314, 2.6629482698,
1334,3, 2.7448442554, 3.2488772249,
1334,4, 3.3808839464, 3.7467222595,
1335,0, 2.6742151499, 2.2491964436,
1335,1, 3.5467158890, 2.7078575563,
1335,2, 2.8599736500, 3.8334005785,
1335,3, 3.3300909710, 3.0743430614,
1335,4, 3.3701436520, 2.5265320969,
1336,0, 3.8991716385, 3.3190580559,
1336,1, 2.8164211512, 4.2208117962,
1336,2, 3.1535243654, 2.5280980635,
1336,3, 2.8443165398, 2.9725114775,
1336,4, 5.7748028803, 2.5930732584,
1337,0, 2.9011920452, 2.7943128347,
1337,1, 2.9927092218, 3.0404317951,
1337,2, 3.2515063095, 3.5938312626,
1337,3, 2.8744816685, 2.3775138140,
1337,4, 3.7882136297, 3.1752407742,
1338,0, 3.2106494904, 2.7897834158,
1338,1, 3.1122236156, 3.8272828054,
1338,2, 3.0082517052, 2.0133203077,
1338,3, 2.6327900457, 3.2311598015,
1338,4, 3.5596981430, 3.3814645958,
1339,0, 2.8231456709, 2.5536261511,
1339,1, 3.2564769268, 2.8828845644,
1339,2, 3.1605690432, 4.5076702356,
1339,3, 3.9693423223, 2.5277499151,
1339,4, 2.9750487471, 2.2238779879,
1340,0, 3.3117247105, 3.7336341476,
1340,1, 4.0732256556, 3.2562820578,
1340,2, 3.2232140207, 3.1379038715,
1340,3, 3.5393310785, 2.8091100788,
1340,4, 3.1007093811, 4.6462005329,
1341,0, 3.6958210897, 2.7449457359,
1341,1, 3.5319107199, 3.0020746279,
1341,2, 2.9062414312, 2.1148995829,
1341,3, 3.2734243155, 2.7616092587,
1341,4, 2.8760268879, 3.6589989281,
1342,0, 3.0844618034, 3.7410453987,
1342,1, 3.1214336157, 3.7139102602,
1342,2, 3.4645025301, 3.3873951721,
1342,3, 3.5201989841, 3.3283420372,
1342,4, 2.9657802534, 2.0733181643,
1343,0, 3.2782579708, 2.1689155912,
1343,1, 2.6305801868, 3.8841245174,
1343,2, 5.2342653036, 3.2775484657,
1343,3, 3.5494912672, 2.5010809612,
1343,4, 3.2650166321, 3.3310567570,
1344,0, 3.0063862801, 3.6936480713,
1344,1, 3.2057015181, 2.9609770966,
1344,2, 3.5736439800, 2.8269970703,
1344,3, 3.1258688593, 3.8966032124,
1344,4, 3.0582920361, 2.7536619139,
1345,0, 3.0651692677, 2.4861145115,
1345,1, 2.8718190718, 3.0279145336,
1345,2, 3.0245100403, 2.6034150934,
1345,3, 2.9417202616, 2.6893850613,
1345,4, 3.0367489004, 3.7176936293,
1346,0, 3.6703190660, 2.0836011648,
1346,1, 3.0711895514, 3.8722278786,
1346,2, 3.2061513376, 3.3343165016,
1346,3, 3.3507091570, 2.8080515337,
1346,4, 3.3392840338, 3.0839174747,
1347,0, 3.0036466074, 2.4664569426,
1347,1, 2.7883444738, 4.0064134550,
1347,2, 4.5768987083, 3.2311473560,
1347,3, 3.1088108587, 3.6477159691,
1347,4, 3.4002134705, 2.7670478249,
1348,0, 3.0651547766, 3.1205140781,
1348,1, 3.7896626377, 3.8892651749,
1348,2, 3.5055951548, 3.4402529144,
1348,3, 3.2634826326, 3.4731547737,
1348,4, 3.2404713774, 2.6257684803,
1349,0, 3.9668278503, 2.9734487534,
1349,1, 3.4505767727, 4.6405624723,
1349,2, 4.2889908314, 3.3183370686,
1349,3, 3.5835095453, 2.9897625446,
1349,4, 3.2733330774, 3.3199348545,
1350,0, 2.7768875170, 2.9311158657,
1350,1, 3.4029908085, 2.3611521196,
1350,2, 3.6053451252, 3.3268925047,
1350,3, 3.5026198292, 2.2270053864,
1350,4, 3.2477086258, 3.7368072748,
1351,0, 2.9442722368, 3.1231549358,
1351,1, 4.4708255816, 3.9778242016,
1351,2, 3.1662397289, 3.7668512535,
1351,3, 3.8807472181, 4.6123900986,
1351,4, 3.5785653162, 2.2094374800,
1352,0, 2.8889436769, 4.3446693182,
1352,1, 3.3382845020, 3.0007065582,
1352,2, 2.7653706455, 2.4818311644,
1352,3, 3.1338089609, 2.3608061361,
1352,4, 3.5154397726, 2.3284897518,
1353,0, 2.6632607460, 2.1527717829,
1353,1, 3.1679006100, 2.7881102276,
1353,2, 2.9570335007, 3.4403530693,
1353,3, 3.4804613638, 4.1481032729,
1353,4, 3.5376370955, 3.6553712654,
1354,0, 3.6189959288, 3.3015550709,
1354,1, 3.0862317181, 2.5299906254,
1354,2, 3.2874391842, 3.0007511520,
1354,3, 3.1057526922, 4.4145399046,
1354,4, 3.4171072197, 2.8816861868,
1355,0, 4.2680728912, 4.0946687222,
1355,1, 3.8898723555, 3.2390459156,
1355,2, 3.6122130919, 4.1096375513,
1355,3, 3.0093485975, 2.5989872694,
1355,4, 3.0493214560, 2.7604291248,
1356,0, 3.3325020790, 2.3328437901,
1356,1, 2.8862287140, 2.6173654079,
1356,2, 3.0334363079, 3.1632884645,
1356,3, 3.3376939583, 2.8131268597,
1356,4, 2.6838795137, 4.3106917238,
1357,0, 2.8429798365, 2.0553248787,
1357,1, 4.1461509132, 4.2138699913,
1357,2, 3.4610155964, 2.3374334526,
1357,3, 3.2557027817, 4.5286301613,
1357,4, 3.2724673462, 2.8231988239,
1358,0, 3.4379543638, 3.1907529211,
1358,1, 3.3600421524, 3.9208577299,
1358,2, 3.3599156380, 2.8087850285,
1358,3, 3.2805947542, 3.0447118902,
1358,4, 2.7652192259, 2.7471981049,
1359,0, 3.1256286383, 3.6523715973,
1359,1, 3.2134269285, 2.5550249052,
1359,2, 3.2235769463, 2.3475247765,
1359,3, 3.6224855566, 4.6379584980,
1359,4, 3.5758265352, 4.8441515493,
1360,0, 3.6140067911, 3.4757389355,
1360,1, 3.2193757820, 3.2745291519,
1360,2, 3.0507277060, 3.8172409058,
1360,3, 3.0731955576, 3.9908203316,
1360,4, 3.1044392681, 3.9651282024,
1361,0, 3.2040622663, 2.4206144047,
1361,1, 2.9651468086, 2.3712601042,
1361,2, 3.0880037928, 2.8983148146,
1361,3, 3.4977120256, 3.9764641190,
1361,4, 3.3043139982, 3.8863297844,
1362,0, 3.2956354046, 3.2547695351,
1362,1, 3.4411403275, 2.5561656237,
1362,2, 4.2447986364, 4.5027312183,
1362,3, 3.0322083902, 2.7641629124,
1362,4, 2.8986361408, 2.8299697208,
1363,0, 2.6116961765, 3.2724190664,
1363,1, 2.6952546120, 2.1933990335,
1363,2, 4.5616703939, 2.7959241915,
1363,3, 3.4148155546, 4.5782149220,
1363,4, 3.3425435448, 2.7280631495,
1364,0, 2.9010997486, 2.7125745344,
1364,1, 2.9053063679, 3.0453625345,
1364,2, 4.3672571754, 4.0567417383,
1364,3, 3.6394651699, 3.2800737238,
1364,4, 3.2112179756, 2.7985134220,
1365,0, 2.9874163246, 3.3978550720,
1365,1, 2.6190067768, 2.6344684124,
1365,2, 3.7549494410, 2.7354538488,
1365,3, 2.8835840750, 3.9341459179,
1365,4, 3.2115710592, 3.0107112694,
1366,0, 6.2693635273, 3.6440453625,
1366,1, 3.3908724642, 3.1756993055,
1366,2, 3.0695306110, 4.6904821396,
1366,3, 3.7496910238, 3.2091697311,
1366,4, 2.9791592360, 2.4312026501,
1367,0, 4.1612781429, 3.9246860933,
1367,1, 3.2414145947, 2.9902655411,
1367,2, 3.2788694477, 1.6827022243,
1367,3, 2.9384194517, 3.1471220875,
1367,4, 3.2830429506, 2.1141658282,
1368,0, 4.2081048393, 2.5838251400,
1368,1, 3.3208106327, 3.0682674980,
1368,2, 3.0589372873, 4.1742304659,
1368,3, 2.9429588127, 2.4780618286,
1368,4, 3.1722113371, 2.3795586205,
1369,0, 3.3270491695, 4.6073253965,
1369,1, 2.9973008537, 2.7329687452,
1369,2, 3.9811248016, 3.8025806713,
1369,3, 3.4422431421, 2.6055021858,
1369,4, 3.0207568312, 3.0197781563,
1370,0, 2.9741472673, 2.5583401060,
1370,1, 3.3717537737, 4.0787401724,
1370,2, 3.1395089626, 3.0813458776,
1370,3, 3.1259811878, 2.7707170153,
1370,4, 2.7677402115, 2.7332347488,
1371,0, 3.4245157957, 2.8638940382,
1371,1, 3.2688528824, 2.8929312038,
1371,2, 3.2081047153, 4.4639057970,
1371,3, 3.3683930540, 3.0000985146,
1371,4, 3.8080066967, 2.2889272404,
1372,0, 3.2909617949, 3.1454597855,
1372,1, 3.5362118816, 2.6819700766,
1372,2, 3.7363641214, 4.0448196507,
1372,3, 3.2310186052, 5.0772353792,
1372,4, 2.9259387636, 2.5582502460,
1373,0, 3.4412867641, 2.4886553240,
1373,1, 3.1224048424, 4.5801087093,
1373,2, 3.1447904491, 2.8020129061,
1373,3, 3.3442031193, 3.2890421581,
1373,4, 4.1174836755, 3.3462307549,
1374,0, 3.5620367241, 3.5057208109,
1374,1, 2.8734524298, 2.7007909060,
1374,2, 3.5043783426, 4.0757893848,
1374,3, 3.5324430084, 3.7250887394,
1374,4, 2.9333471012, 2.2569188690,
1375,0, 2.7529893351, 2.6267825699,
1375,1, 4.2556839180, 3.3588932228,
1375,2, 3.3347739124, 4.4036449528,
1375,3, 3.0568098640, 2.7489715242,
1375,4, 2.9207460022, 2.3309133816,
1376,0, 3.0893466520, 2.3303900814,
1376,1, 3.1968399334, 4.3072589445,
1376,2, 3.7182871008, 2.8440211201,
1376,3, 4.2169866848, 3.7960355520,
1376,4, 2.9532017422, 2.6764442396,
1377,0, 2.9577585411, 2.3727434874,
1377,1, 3.0451494837, 2.1767173338,
1377,2, 3.0531363487, 3.0942355585,
1377,3, 3.6600487280, 3.7588914967,
1377,4, 5.4668547392, 3.5985456085,
1378,0, 3.1241995907, 2.4819667292,
1378,1, 3.0010957336, 2.4700674629,
1378,2, 3.2250266981, 2.6906903791,
1378,3, 3.9154501534, 3.4522921467,
1378,4, 3.2912161589, 4.6824417210,
1379,0, 3.9377218390, 3.3047334957,
1379,1, 3.1282868099, 2.4325257921,
1379,2, 2.5965351582, 3.7485169935,
1379,3, 2.9985497093, 2.1022421169,
1379,4, 3.7013488626, 3.1780050468,
1380,0, 2.8838169193, 2.4497908306,
1380,1, 4.3901361275, 2.6179391479,
1380,2, 3.2253644276, 4.9410261631,
1380,3, 3.0754122782, 3.4607583618,
1380,4, 3.9319999504, 3.0848841095,
1381,0, 3.0630573750, 4.2283388615,
1381,1, 3.3681597567, 3.6881791687,
1381,2, 3.0545240641, 2.1314221716,
1381,3, 3.0118507624, 2.3963847446,
1381,4, 4.6972304201, 3.9018990517,
1382,0, 3.0987603378, 3.6878812313,
1382,1, 2.9062130022, 3.4837472963,
1382,2, 4.1176908159, 5.0491439438,
1382,3, 3.0326607943, 4.1523312473,
1382,4, 2.9019134617, 2.2166990042,
1383,0, 3.2872095346, 3.1843234825,
1383,1, 2.9893766356, 3.0470450687,
1383,2, 3.5744325304, 4.2647589540,
1383,3, 3.6617102814, 2.5278204727,
1383,4, 3.7697966385, 3.4854359245,
1384,0, 3.4489859724, 2.6626979923,
1384,1, 3.8028595781, 3.2697798538,
1384,2, 3.3456542397, 4.7489818811,
1384,3, 3.2698716259, 2.7924604893,
1384,4, 2.8836358929, 2.3731835985,
1385,0, 3.9898101044, 2.1871764135,
1385,1, 3.2041818428, 2.7496225929,
1385,2, 3.1736478376, 3.1884731388,
1385,3, 2.9170499182, 3.6441930532,
1385,4, 3.0787046337, 2.9280724573,
1386,0, 3.6032555532, 3.0338424492,
1386,1, 3.0774048853, 4.0902921963,
1386,2, 2.8790691423, 2.4151491690,
1386,3, 2.9374470854, 3.1405082130,
1386,4, 3.7983844423, 2.1601771879,
1387,0, 3.2578079319, 3.1649930716,
1387,1, 3.7239308548, 2.9451597118,
1387,2, 2.5375379372, 2.0673957157,
1387,3, 2.6596292305, 3.1693002701,
1387,4, 3.2100456715, 3.1570497274,
1388,0, 3.0178479910, 2.2015382767,
1388,1, 2.5959253931, 2.2345446730,
1388,2, 3.3574101210, 5.3080188370,
1388,3, 3.2716925764, 2.1431787491,
1388,4, 2.9944215918, 2.0784400845,
1389,0, 2.9091377640, 2.8293610001,
1389,1, 3.1982978344, 2.7397233582,
1389,2, 4.3598000383, 4.1826211834,
1389,3, 2.8843491793, 2.5840493631,
1389,4, 2.9614433098, 3.7771276236,
1390,0, 3.3702708960, 3.6839442635,
1390,1, 3.1609929895, 2.5124489975,
1390,2, 4.1396734524, 3.7657386208,
1390,3, 3.1003153849, 3.8225512934,
1390,4, 2.7834540892, 2.5141804600,
1391,0, 3.0988827133, 2.9676946259,
1391,1, 3.5107020235, 3.8985204983,
1391,2, 3.3485691500, 3.2110586882,
1391,3, 3.4235640240, 4.0143640089,
1391,4, 2.8654165173, 4.0545128632,
1392,0, 3.3126012278, 2.8944167805,
1392,1, 3.0727042341, 2.9615018225,
1392,2, 3.2063317442, 2.9109683323,
1392,3, 3.2389806509, 3.6533243752,
1392,4, 3.1363469648, 2.4417125225,
1393,0, 3.5563410091, 2.9356762218,
1393,1, 3.0769209003, 2.4958299160,
1393,2, 2.9861527252, 4.4770562506,
1393,3, 2.9954827309, 2.1681581163,
1393,4, 2.5649028349, 2.4920088673,
1394,0, 3.0256957817, 2.8984747028,
1394,1, 2.8828232431, 3.9408718252,
1394,2, 3.4155165005, 3.5434004307,
1394,3, 2.7173803473, 2.5492349052,
1394,4, 4.0263262701, 3.6748120928,
1395,0, 3.5887016201, 2.6818083668,
1395,1, 3.2065062189, 3.1724006510,
1395,2, 3.9501502943, 3.1306746817,
1395,3, 3.0678253508, 3.6406698275,
1395,4, 2.8414234543, 2.2577322006,
1396,0, 3.7145229959, 3.8992011309,
1396,1, 2.8983134651, 2.5684852266,
1396,2, 4.1619286060, 3.4030111122,
1396,3, 3.5729595470, 3.5361166811,
1396,4, 2.9280198240, 2.7116471624,
1397,0, 3.1993000841, 2.2740284967,
1397,1, 3.1305159903, 2.6614577866,
1397,2, 3.1880256796, 2.4489377499,
1397,3, 3.1622851181, 3.4736357832,
1397,4, 3.3482660913, 3.2654487753,
1398,0, 3.1446902466, 3.0414112759,
1398,1, 3.5385403109, 3.9963812256,
1398,2, 3.2182749462, 2.4677440524,
1398,3, 3.0934454203, 3.0053109980,
1398,4, 3.0119938850, 3.1335690975,
1399,0, 3.1031575823, 2.6296702576,
1399,1, 3.5223284149, 2.6936651230,
1399,2, 2.9574560165, 3.5089606667,
1399,3, 3.8294461918, 2.9233249474,
1399,4, 3.2000906515, 4.4341167545,
1400,0, 3.3015459728, 3.0094464397,
1400,1, 3.4586020803, 3.7043376160,
1400,2, 3.5864761829, 4.0402406216,
1400,3, 3.2595277691, 2.7673419046,
1400,4, 3.3340934086, 3.0098155308,
1401,0, 3.0659598541, 2.6266567945,
1401,1, 2.8358962584, 4.0900103283,
1401,2, 3.1949179745, 3.1371916962,
1401,3, 2.6607848597, 2.0564750719,
1401,4, 3.4827247953, 2.5451731825,
1402,0, 3.3771150923, 4.1930632353,
1402,1, 2.8596522093, 2.1713567448,
1402,2, 3.4487270832, 3.2522802734,
1402,3, 3.0052666712, 2.8496041393,
1402,4, 3.3345953417, 3.2120351839,
1403,0, 3.0993360996, 2.8703332901,
1403,1, 3.1451484299, 2.7859015751,
1403,2, 3.2741407633, 2.2585968351,
1403,3, 2.8314277649, 3.6195733833,
1403,4, 3.3540693140, 4.0687723398,
1404,0, 3.7893348932, 5.0923473263,
1404,1, 2.9135079432, 2.5664391232,
1404,2, 2.9404593229, 2.4682407379,
1404,3, 3.3719502831, 3.2097122717,
1404,4, 2.8548427200, 2.7882114649,
1405,0, 3.1554298306, 2.5181595564,
1405,1, 2.9722439051, 2.5307712793,
1405,2, 3.1683335876, 2.6939518595,
1405,3, 3.0954111004, 3.8781051540,
1405,4, 3.2960398340, 3.3123519897,
1406,0, 3.1427434444, 3.9607261372,
1406,1, 4.7845447397, 3.9446766281,
1406,2, 2.5574113703, 2.4276520634,
1406,3, 3.7806314516, 4.0137952423,
1406,4, 2.6055440950, 2.5606417608,
1407,0, 2.9845047855, 2.8817969561,
1407,1, 3.0527950478, 4.2572512913,
1407,2, 3.6025423050, 2.6601802492,
1407,3, 5.3448395681, 3.8003834152,
1407,4, 3.3518323660, 2.2911403751,
1408,0, 3.2268521500, 4.4249720955,
1408,1, 4.5497802782, 2.6361553383,
1408,2, 3.6569162321, 3.2886425114,
1408,3, 3.0668721056, 2.7646413422,
1408,4, 3.2387156963, 2.8831661081,
1409,0, 3.5167744970, 3.3694206333,
1409,1, 3.1581069946, 3.0324007559,
1409,2, 3.1536438084, 2.4548247290,
1409,3, 3.6228898954, 4.6082597399,
1409,4, 3.8885170364, 3.8232178783,
1410,0, 3.2466150427, 3.0291494751,
1410,1, 3.5565519285, 2.7741785431,
1410,2, 3.0634525061, 2.8179392719,
1410,3, 2.9635047960, 3.7582208347,
1410,4, 3.4823536015, 3.4769729614,
1411,0, 3.1793337870, 3.3534495544,
1411,1, 2.7942333460, 3.8494557953,
1411,2, 3.3997066021, 3.2831592846,
1411,3, 2.5257240391, 2.2708636522,
1411,4, 2.8457822704, 2.8045028353,
1412,0, 3.4192405844, 2.5460525990,
1412,1, 2.9300080299, 4.0331941795,
1412,2, 2.9333935213, 2.4821739340,
1412,3, 3.0381700754, 2.4829026413,
1412,4, 12.6650913572, 5.4816323948,
1413,0, 4.5549394703, 2.4295655870,
1413,1, 3.2762156057, 2.9157245731,
1413,2, 2.7196043539, 2.6152660942,
1413,3, 3.0451772451, 4.1045904255,
1413,4, 3.5117573929, 3.2680283165,
1414,0, 2.7562130451, 3.9810899591,
1414,1, 3.1118701363, 2.4042149973,
1414,2, 3.5509866953, 2.9089323378,
1414,3, 3.1682491493, 2.6172104931,
1414,4, 2.9213743353, 2.9118956089,
1415,0, 2.6238538694, 2.2490043879,
1415,1, 2.9769478703, 2.4017320490,
1415,2, 3.2922185898, 2.5368475914,
1415,3, 3.2852153301, 4.1220709896,
1415,4, 3.3351224089, 3.3283362293,
1416,0, 3.3399777031, 2.8545799828,
1416,1, 2.9753715897, 2.8451854706,
1416,2, 3.2344757795, 4.0445567894,
1416,3, 2.8095352793, 4.1328807640,
1416,4, 3.1270865107, 3.9300946617,
1417,0, 3.5772348547, 3.6339433765,
1417,1, 2.8498850250, 3.9293996859,
1417,2, 3.1473492146, 3.0555079031,
1417,3, 3.1336214447, 2.6958414745,
1417,4, 3.2075601101, 2.2210973454,
1418,0, 3.2170984888, 2.4807563782,
1418,1, 3.4083040667, 3.6114969730,
1418,2, 3.7055088949, 3.7465142488,
1418,3, 3.1596967077, 3.6942595291,
1418,4, 3.8140491772, 3.2207518768,
1419,0, 2.9837688065, 2.5892403936,
1419,1, 3.4782793856, 2.5893107557,
1419,2, 3.0433133316, 4.8885948944,
1419,3, 4.5972566080, 2.6422020769,
1419,4, 2.7601803207, 2.2304981852,
1420,0, 2.8716616774, 2.5089409733,
1420,1, 3.5227352095, 3.9368567085,
1420,2, 3.0074463940, 2.7281731415,
1420,3, 3.2553084660, 2.4580425358,
1420,4, 4.3243187475, 3.8743755627,
1421,0, 2.8665440845, 3.2681067276,
1421,1, 4.3688964987, 2.8177444029,
1421,2, 3.5508191204, 2.6425870132,
1421,3, 2.9510883093, 2.7986060381,
1421,4, 3.5074028683, 4.8851826572,
1422,0, 4.1766818714, 4.8792728424,
1422,1, 3.5196986818, 2.3526887655,
1422,2, 3.1531048346, 2.9768537951,
1422,3, 3.8192604160, 2.6794707394,
1422,4, 2.8487919807, 2.2403828049,
1423,0, 6.3825495958, 3.3621249580,
1423,1, 2.8519519329, 2.3130046892,
1423,2, 2.8622666216, 2.8387087440,
1423,3, 3.4480778742, 2.9844985151,
1423,4, 3.1893452168, 4.0866467524,
1424,0, 2.9619021368, 3.9011475801,
1424,1, 3.3950664186, 2.5863005781,
1424,2, 3.3184509420, 3.0752224493,
1424,3, 2.9803309822, 2.9944903135,
1424,4, 4.2364227867, 2.5417000103,
1425,0, 3.0207962418, 3.1347464085,
1425,1, 3.2410747671, 2.8023286963,
1425,2, 2.7512121248, 4.7949785709,
1425,3, 4.5585380554, 3.2225982904,
1425,4, 2.9613950968, 2.2134549141,
1426,0, 3.7398237705, 3.2868180990,
1426,1, 3.4602044582, 4.6357726669,
1426,2, 3.5024220657, 2.8145369959,
1426,3, 3.1112761497, 2.3852249670,
1426,4, 3.0213260174, 2.7090565205,
1427,0, 2.6171607447, 2.4853618002,
1427,1, 3.7293423700, 4.4315924358,
1427,2, 3.1013065481, 3.5744768143,
1427,3, 3.5098610926, 3.5245760345,
1427,4, 3.2085311985, 3.5255086231,
1428,0, 3.1789890528, 3.0240988588,
1428,1, 2.8183773375, 3.6899224234,
1428,2, 3.1200592661, 2.5132115984,
1428,3, 3.0311081886, 4.0738642693,
1428,4, 3.2867540312, 2.5510436010,
1429,0, 2.8187679529, 4.5194374180,
1429,1, 2.7233692980, 3.1989748096,
1429,2, 2.6959184361, 2.2440114689,
1429,3, 2.5885512352, 2.0141596031,
1429,4, 3.1794839144, 3.1466607237,
1430,0, 2.8869030094, 3.8881295443,
1430,1, 3.5318459892, 4.1156009960,
1430,2, 3.9979982138, 4.4525752640,
1430,3, 3.3109070492, 2.6021488857,
1430,4, 4.2166124725, 2.9643849373,
1431,0, 3.2058690977, 4.3045665073,
1431,1, 3.6316065836, 2.8589675951,
1431,2, 3.7410804558, 2.9136388779,
1431,3, 3.8215182638, 3.9587723064,
1431,4, 3.1706405830, 2.3908227253,
1432,0, 2.8661553764, 3.8788212729,
1432,1, 3.2381098270, 2.8738334608,
1432,2, 3.2664749861, 3.1025571251,
1432,3, 3.0993082857, 2.9059765577,
1432,4, 4.0243210459, 3.8128458691,
1433,0, 2.6032612276, 2.6449130630,
1433,1, 2.9865501785, 3.9841171312,
1433,2, 3.8695417166, 3.9536735249,
1433,3, 3.3142305374, 3.5579987717,
1433,4, 3.0674040937, 2.9844582558,
1434,0, 2.8524843359, 2.6682008457,
1434,1, 2.7899337578, 2.0097644472,
1434,2, 4.0356795216, 3.1055013037,
1434,3, 3.1250257730, 3.3373645830,
1434,4, 3.1266417742, 3.5730027771,
1435,0, 3.2752095127, 2.5013938522,
1435,1, 3.4843234253, 2.7616772509,
1435,2, 3.2649917793, 4.0158755159,
1435,3, 3.1723890638, 3.2298263359,
1435,4, 3.4313722610, 3.5712425804,
1436,0, 3.3799677992, 4.0352312326,
1436,1, 3.3645146847, 2.2871055317,
1436,2, 3.4715568399, 2.6744038677,
1436,3, 2.9250158882, 2.9316126060,
1436,4, 3.4826772594, 3.3704712868,
1437,0, 2.8987668753, 3.6024415827,
1437,1, 3.5576959896, 3.1040624714,
1437,2, 3.2794831133, 2.7765981007,
1437,3, 4.4405645132, 2.8802744055,
1437,4, 3.1779993868, 3.3546644020,
1438,0, 3.8535968208, 3.3733182144,
1438,1, 2.8852421522, 3.8502688551,
1438,2, 3.6270396423, 3.1700043678,
1438,3, 3.2034967756, 3.4464347744,
1438,4, 2.7640987730, 2.4218715096,
1439,0, 3.3037868404, 3.1973855591,
1439,1, 3.1445102596, 3.1018742085,
1439,2, 3.5691543007, 2.5910360813,
1439,3, 3.1442712402, 3.6926521873,
1439,4, 3.6067846632, 3.9607920551,
1440,0, 3.2571944618, 3.0040897608,
1440,1, 3.7459338760, 2.8209418964,
1440,2, 2.9368818998, 4.1060560322,
1440,3, 3.0650311136, 2.8659070110,
1440,4, 3.3702329731, 2.6601662588,
1441,0, 2.6653150272, 3.7592056322,
1441,1, 3.1829057598, 3.1776458359,
1441,2, 2.7964147234, 2.2693863916,
1441,3, 3.8896162367, 3.3087854671,
1441,4, 4.1433183861, 3.8709683418,
1442,0, 3.3558224392, 2.5566713142,
1442,1, 3.2133721161, 2.3638686514,
1442,2, 3.5208850527, 4.1563670349,
1442,3, 3.1726012754, 2.0505422449,
1442,4, 3.3406706524, 4.0777594423,
1443,0, 3.2749933052, 2.9843433857,
1443,1, 3.3021885204, 2.4647591543,
1443,2, 3.5494295216, 4.9386412334,
1443,3, 2.7509460068, 2.1608341932,
1443,4, 2.9746730709, 3.3755325413,
1444,0, 3.5895069742, 2.6590445375,
1444,1, 3.4321257734, 2.2213337564,
1444,2, 2.9647012568, 2.9832188606,
1444,3, 3.0953239012, 2.6185045481,
1444,4, 3.2316362715, 4.2742506504,
1445,0, 2.7868551588, 3.9906228924,
1445,1, 3.7084275103, 2.5458328724,
1445,2, 2.9726865196, 2.6067397261,
1445,3, 4.4403230810, 3.4387182808,
1445,4, 3.4990631390, 3.4813707829,
1446,0, 3.2426870251, 4.6737336588,
1446,1, 2.9911006021, 3.1873080730,
1446,2, 2.7201738024, 2.5397949409,
1446,3, 2.8954366112, 3.0671802616,
1446,4, 3.6807519341, 2.3445584869,
1447,0, 2.8861480236, 3.2045690155,
1447,1, 3.1787420082, 2.9923142290,
1447,2, 3.3867961073, 1.9649275351,
1447,3, 3.0628302526, 4.7450976849,
1447,4, 3.2703808975, 2.8307625771,
1448,0, 3.0194933176, 2.7743858576,
1448,1, 2.9547388840, 2.6334739828,
1448,2, 3.3434796381, 2.7766320992,
1448,3, 2.8741331673, 4.1460136032,
1448,4, 3.8260655737, 3.1606268263,
1449,0, 2.8354952717, 2.9063347101,
1449,1, 2.9423754168, 2.2956955624,
1449,2, 3.4880960321, 4.8091585064,
1449,3, 2.8041169691, 2.1270089817,
1449,4, 4.7068330383, 3.5236968470,
1450,0, 3.1928032637, 3.4734657526,
1450,1, 4.4968099737, 3.6694411755,
1450,2, 2.7137680531, 3.5802326822,
1450,3, 3.6535977316, 3.7675930023,
1450,4, 3.1639298773, 3.0365542841,
1451,0, 3.1997999525, 2.5383065367,
1451,1, 2.7930541945, 2.1148450375,
1451,2, 3.8137139416, 3.2820023823,
1451,3, 2.8060116291, 2.7802708960,
1451,4, 4.7164967632, 4.3051687860,
1452,0, 3.1084663963, 2.8406551600,
1452,1, 3.3367533445, 4.1066941738,
1452,2, 3.5884691477, 3.3946222782,
1452,3, 3.5155552721, 3.1572171497,
1452,4, 6.5424577904, 3.4008372974,
1453,0, 2.9259250069, 2.2762497520,
1453,1, 4.0194505310, 3.7861505985,
1453,2, 3.0725108576, 2.7076978397,
1453,3, 3.5853951597, 3.6124128866,
1453,4, 3.0065853786, 2.5953132057,
1454,0, 3.1448200083, 2.5020733213,
1454,1, 3.6861795759, 2.9727110481,
1454,2, 3.0139762688, 2.3229660034,
1454,3, 2.8409800148, 3.9171839857,
1454,4, 3.6025161505, 3.3882755852,
1455,0, 2.8545023346, 3.9331345415,
1455,1, 3.7476409197, 2.3769182682,
1455,2, 3.6445277929, 3.7827289009,
1455,3, 3.3506421614, 2.6597274446,
1455,4, 2.6745014811, 1.9683180571,
1456,0, 2.7361802244, 2.3303824615,
1456,1, 3.3503948355, 4.5414122868,
1456,2, 2.9429826975, 2.4808233690,
1456,3, 2.9936758614, 2.2610478449,
1456,4, 3.7155140162, 4.1004786015,
1457,0, 3.1188660908, 2.5121808386,
1457,1, 3.4646790791, 4.2006306076,
1457,2, 3.2889484215, 2.1958603334,
1457,3, 3.2955454922, 3.6469099331,
1457,4, 3.2306109238, 2.9833691597,
1458,0, 3.3201594305, 5.1987747288,
1458,1, 2.6522955656, 2.4684847212,
1458,2, 3.7527827406, 2.0460503483,
1458,3, 2.8301922560, 2.2350648832,
1458,4, 3.4513053179, 2.9404283237,
1459,0, 3.2993304729, 3.4981252480,
1459,1, 3.0814885664, 4.5078324032,
1459,2, 2.7279750919, 2.2169731379,
1459,3, 3.1607917976, 2.5141001844,
1459,4, 2.8840109873, 3.3432173014,
1460,0, 2.8111756659, 2.5411660576,
1460,1, 2.7198665428, 3.5531492996,
1460,2, 3.0320488882, 2.6551167107,
1460,3, 3.1530787039, 2.6492409754,
1460,4, 3.3656092167, 2.4686837101,
1461,0, 3.3619700813, 4.3197302818,
1461,1, 3.1756409931, 3.0835458565,
1461,2, 2.7984412336, 3.1128304291,
1461,3, 3.0273868990, 2.6401321650,
1461,4, 4.0363888931, 3.3324971676,
1462,0, 3.2956301022, 4.4610019779,
1462,1, 3.1058408022, 2.3963047743,
1462,2, 3.7209467983, 3.5576127815,
1462,3, 3.1944457579, 2.5545177507,
1462,4, 3.3090071964, 2.7997546291,
1463,0, 3.1852950954, 3.8676539803,
1463,1, 3.6035624218, 2.9770101118,
1463,2, 3.0012700939, 3.1286076450,
1463,3, 3.6521415901, 2.6489858484,
1463,4, 3.5775673485, 2.9788598013,
1464,0, 3.3945721865, 4.5998986149,
1464,1, 3.3233655500, 3.2582493019,
1464,2, 2.9432384205, 2.5893172121,
1464,3, 3.0058934975, 3.3273031139,
1464,4, 3.6739388466, 5.1393404102,
1465,0, 2.9994346189, 3.5270958471,
1465,1, 3.0189885616, 3.0658581972,
1465,2, 3.9140288544, 4.0952573299,
1465,3, 3.4588840628, 4.2000596952,
1465,4, 3.0775481892, 2.2039124966,
1466,0, 3.4999745035, 2.0759525585,
1466,1, 3.5277842283, 4.2742756128,
1466,2, 2.9372161865, 2.7237489939,
1466,3, 3.3824195433, 3.9758603382,
1466,4, 3.3665793753, 3.0769762897,
1467,0, 4.2505928516, 2.7159175777,
1467,1, 6.5119461775, 5.2828407097,
1467,2, 3.3003283405, 2.6598036718,
1467,3, 4.1449710417, 4.1009853315,
1467,4, 3.7475105333, 2.5981021166,
1468,0, 3.0664256382, 1.9988257790,
1468,1, 3.5518785238, 2.9252857018,
1468,2, 3.2419375896, 3.3355610943,
1468,3, 2.9739481020, 3.0587912750,
1468,4, 3.1232930708, 5.0305764198,
1469,0, 3.9823856449, 4.0651984692,
1469,1, 3.9812228251, 2.9318800879,
1469,2, 3.1659880543, 3.6668067646,
1469,3, 3.5693768311, 2.9118693733,
1469,4, 3.2689189386, 3.0445509195,
1470,0, 2.7841789341, 2.7300808382,
1470,1, 3.0673978472, 2.9506024885,
1470,2, 2.9738372087, 2.7367866898,
1470,3, 3.9989278078, 2.7681710052,
1470,4, 3.4084843874, 3.8355901051,
1471,0, 2.8146012115, 3.5289691067,
1471,1, 2.6122036743, 2.5063451290,
1471,2, 3.0753002977, 3.1306565857,
1471,3, 2.9393320560, 2.6639419365,
1471,4, 4.2295913458, 3.4888003778,
1472,0, 2.9648166084, 3.8549914074,
1472,1, 2.7045668221, 2.4069809675,
1472,2, 3.1894142008, 2.8036645317,
1472,3, 2.8624478769, 3.9695106697,
1472,4, 2.7303609705, 2.9270959377,
1473,0, 3.3518573380, 2.7627981424,
1473,1, 2.7385945082, 2.8462769032,
1473,2, 3.3134695339, 3.1643026733,
1473,3, 3.1763778496, 4.8611381292,
1473,4, 3.1007888508, 2.6559285212,
1474,0, 2.7817720318, 2.0054987383,
1474,1, 3.2563107967, 3.9854269743,
1474,2, 3.1988758707, 3.6165219116,
1474,3, 2.9124038219, 2.8529300642,
1474,4, 3.3682819939, 2.6905276537,
1475,0, 8.3348492479, 4.1256806469,
1475,1, 3.1400049257, 3.2829931831,
1475,2, 3.3056347179, 3.7317681980,
1475,3, 3.1514911604, 4.5067637730,
1475,4, 2.9245977926, 2.4551174593,
1476,0, 2.9257718611, 2.5654384422,
1476,1, 3.1344074726, 4.9459333515,
1476,2, 3.3414250135, 3.7530495453,
1476,3, 2.9065897179, 2.3497669172,
1476,4, 2.9116466904, 3.3619206381,
1477,0, 3.4738715076, 4.0822109699,
1477,1, 3.5778329134, 3.1672164917,
1477,2, 4.9746270800, 3.3680196953,
1477,3, 3.1895249367, 2.7389477730,
1477,4, 3.5777787161, 2.7180706882,
1478,0, 3.1449644756, 1.9772432947,
1478,1, 3.0621793938, 2.4357487917,
1478,2, 3.4198659706, 3.2938965988,
1478,3, 2.9839131355, 3.9715777302,
1478,4, 2.5651705265, 2.2332267237,
1479,0, 3.4304693651, 2.3504952288,
1479,1, 3.4325008202, 4.1493630409,
1479,2, 3.2123218584, 2.6815933228,
1479,3, 4.4139466953, 6.3622799110,
1479,4, 3.0649055624, 2.8447511816,
1480,0, 3.0292988348, 3.3777612734,
1480,1, 3.0393756437, 3.3290331316,
1480,2, 2.9273343039, 2.5596910191,
1480,3, 3.2152382994, 3.2169558668,
1480,4, 2.9070974541, 3.6061639023,
1481,0, 3.1441899252, 3.4086926317,
1481,1, 9.1914083481, 2.6147106218,
1481,2, 2.8609945917, 2.7897005463,
1481,3, 2.7609344435, 2.7554271889,
1481,4, 3.3341781807, 3.2018172789,
1482,0, 3.1422030306, 3.0344541979,
1482,1, 3.5298841953, 4.6334268188,
1482,2, 3.6185584354, 2.9924068260,
1482,3, 3.1897805882, 2.9137071180,
1482,4, 3.2390176725, 2.9305911541,
1483,0, 3.8418818665, 4.4167633247,
1483,1, 2.6154397869, 2.6892886066,
1483,2, 3.4587176991, 2.3906482935,
1483,3, 3.2678694534, 3.1158140087,
1483,4, 3.1543995810, 3.4655903959,
1484,0, 3.0561708784, 2.7960583878,
1484,1, 2.8267142010, 4.0591233635,
1484,2, 3.4352882910, 3.4814530611,
1484,3, 3.0923142767, 2.2233888388,
1484,4, 3.6530186987, 2.6417899036,
1485,0, 2.5214676952, 2.8235566664,
1485,1, 2.9698921585, 3.4969385004,
1485,2, 3.2313260078, 2.6696773815,
1485,3, 3.1597728348, 3.9452487278,
1485,4, 3.0497298574, 2.5451226425,
1486,0, 2.9939338589, 2.2975496197,
1486,1, 3.3478113890, 3.0940936041,
1486,2, 3.3379694605, 2.3360219431,
1486,3, 2.9515157127, 2.3142324114,
1486,4, 3.4917025852, 4.2603388882,
1487,0, 3.0905469608, 2.7325330210,
1487,1, 7.0224966002, 2.5298859787,
1487,2, 3.3048618984, 2.8760391617,
1487,3, 3.1893214512, 3.6477592993,
1487,4, 2.8987153625, 3.9761480999,
1488,0, 3.2766363907, 3.0467239380,
1488,1, 3.4589548492, 3.2626926231,
1488,2, 2.9842844009, 4.0736586761,
1488,3, 2.9441833353, 2.6638742828,
1488,4, 3.7004472208, 3.3542815018,
1489,0, 3.6875246716, 2.0849618340,
1489,1, 3.0542460537, 2.6362249613,
1489,2, 4.2368846798, 3.9153259611,
1489,3, 2.8898234701, 2.9679288340,
1489,4, 3.4081806850, 2.9031224442,
1490,0, 3.2744887209, 3.5050010395,
1490,1, 3.1870851994, 2.4343727970,
1490,2, 3.0326075315, 2.2328890419,
1490,3, 3.0657682896, 2.5188145399,
1490,4, 2.9234897757, 2.4127505445,
1491,0, 3.1114826584, 2.5479812098,
1491,1, 2.8884941149, 3.2862273884,
1491,2, 3.2459424067, 2.4405516052,
1491,3, 2.8250427580, 3.7822135544,
1491,4, 3.4150722265, 3.9812222433,
1492,0, 6.3703877211, 4.0316395617,
1492,1, 3.7808284235, 3.4687907219,
1492,2, 3.3055701303, 2.7076884270,
1492,3, 3.0208159018, 3.1987374926,
1492,4, 3.4371059227, 2.4564856911,
1493,0, 3.1481360340, 3.5203810501,
1493,1, 2.8333912373, 2.9544358969,
1493,2, 3.7813154745, 3.9845417690,
1493,3, 3.4803300190, 4.3152515268,
1493,4, 4.0552483368, 3.7159588242,
1494,0, 3.1770032024, 2.7891137552,
1494,1, 3.2971962261, 3.0184138870,
1494,2, 3.1571415329, 3.7849440956,
1494,3, 2.9839725542, 3.9570646906,
1494,4, 3.8886302853, 3.3858476257,
1495,0, 3.3049517536, 5.5172513771,
1495,1, 2.7708917189, 2.2668228722,
1495,2, 2.8991712856, 3.2096959496,
1495,3, 2.8766483736, 2.3935974312,
1495,4, 5.3111702538, 2.8227027035,
1496,0, 3.0169062567, 1.9563992620,
1496,1, 3.4499918079, 2.3592563486,
1496,2, 3.5046621418, 2.7654151583,
1496,3, 3.3456481600, 2.6327130938,
1496,4, 3.1397921181, 4.0390599203,
1497,0, 2.9248119688, 2.6990877962,
1497,1, 2.8350638580, 3.1108349895,
1497,2, 3.0308376503, 3.7897357988,
1497,3, 3.2290262270, 3.4463507175,
1497,4, 3.6456060886, 3.1197997046,
1498,0, 3.8462972450, 2.8416899157,
1498,1, 3.7938537121, 3.7765483284,
1498,2, 3.1251781416, 3.6613736916,
1498,3, 3.2678749561, 3.3507472849,
1498,4, 3.0379366064, 2.8362183189,
1499,0, 3.0376988316, 3.5122660065,
1499,1, 3.8832228756, 3.6866134357,
1499,2, 5.4379898453, 2.6973782063,
1499,3, 4.6248818445, 3.2445583820,
1499,4, 3.1950907230, 4.2298172569,
1500,0, 3.2709600544, 3.1900330925,
1500,1, 2.9385209608, 2.4731519318,
1500,2, 2.9421812725, 2.4409056282,
1500,3, 2.9823672342, 3.6555768299,
1500,4, 3.4968218327, 2.4957999086,
1501,0, 4.1319341469, 3.9019030952,
1501,1, 3.9962853861, 3.3498014736,
1501,2, 3.1787660980, 4.1321959066,
1501,3, 4.1456990671, 2.6795891047,
1501,4, 3.0707037163, 3.1181443548,
1502,0, 3.5325207806, 3.1972207546,
1502,1, 3.5914922428, 2.6893315458,
1502,2, 5.8237455988, 4.1350794935,
1502,3, 3.8889090776, 3.4037746477,
1502,4, 2.8646854830, 2.9956811953,
1503,0, 3.0868656301, 2.6182611036,
1503,1, 2.7997238922, 3.9770066071,
1503,2, 3.2546481180, 2.6137295675,
1503,3, 3.3283700848, 4.0168913460,
1503,4, 2.5929625559, 2.5686832333,
1504,0, 2.8082387447, 2.8518998528,
1504,1, 3.2977149105, 5.4654642105,
1504,2, 3.2887833929, 3.1651352978,
1504,3, 4.6313807583, 3.7733011150,
1504,4, 3.3862423325, 2.3276914644,
1505,0, 2.6353205681, 2.4048906851,
1505,1, 2.6836605120, 2.5982790041,
1505,2, 3.2968562937, 3.9207894802,
1505,3, 3.2455428696, 3.0931396532,
1505,4, 3.4593951797, 3.1848921013,
1506,0, 3.7209513187, 3.3794468880,
1506,1, 2.9150650358, 2.7878279543,
1506,2, 3.1588530779, 4.1317362547,
1506,3, 3.3544798040, 3.1136161518,
1506,4, 2.8778949356, 2.8196190834,
1507,0, 3.1438096333, 2.2907114792,
1507,1, 2.8114451170, 2.3399820423,
1507,2, 3.8282147551, 3.9619743156,
1507,3, 3.7135240459, 3.1903443193,
1507,4, 3.1494860554, 2.7474558449,
1508,0, 3.2216697645, 4.0793785095,
1508,1, 2.9870981741, 3.2526924944,
1508,2, 2.6707847166, 2.5100078106,
1508,3, 3.0944340420, 2.3408478928,
1508,4, 2.8993931055, 2.1748678160,
1509,0, 2.9370040274, 3.4905022335,
1509,1, 3.0590043449, 4.1610762548,
1509,2, 2.8691268730, 3.4769890785,
1509,3, 3.4356427336, 3.1433908987,
1509,4, 3.0482238770, 2.6355568552,
1510,0, 2.5976013041, 2.2580845070,
1510,1, 4.4009773922, 4.2648507214,
1510,2, 3.4220128393, 3.8914859056,
1510,3, 3.2309935331, 2.3057228518,
1510,4, 2.9925738096, 2.8965305567,
1511,0, 2.8513231802, 2.4888570976,
1511,1, 2.9604944992, 3.9858180237,
1511,2, 3.8311371231, 3.0038901234,
1511,3, 2.8106434155, 1.9253547478,
1511,4, 3.1044612646, 2.6721813297,
1512,0, 3.9907887983, 3.2509502172,
1512,1, 2.6261123562, 2.0451406145,
1512,2, 3.7829465103, 3.7444314003,
1512,3, 3.1185795307, 3.7555291033,
1512,4, 3.2569598770, 2.3265499258,
1513,0, 3.3904215050, 2.6868608761,
1513,1, 3.5875036287, 3.4680901909,
1513,2, 2.7697164917, 3.7756661892,
1513,3, 4.1241510344, 3.0449158192,
1513,4, 3.7157746458, 3.1605354595,
1514,0, 3.3666471148, 4.1160425377,
1514,1, 3.4768766880, 4.0703880024,
1514,2, 3.2930381870, 2.8984510183,
1514,3, 2.9358337212, 3.2244126463,
1514,4, 3.7906123972, 2.3936962461,
1515,0, 2.8797448301, 2.7524941540,
1515,1, 2.8379942179, 2.6409404802,
1515,2, 3.3312597513, 2.7574552298,
1515,3, 3.2110398197, 3.8329314613,
1515,4, 2.9653752708, 4.0139087296,
1516,0, 2.7585554028, 2.4228099298,
1516,1, 2.8882129717, 2.9466370535,
1516,2, 3.6834317112, 3.5291023779,
1516,3, 2.9793843651, 3.2464195728,
1516,4, 2.9118807364, 3.1255406809,
1517,0, 3.2849365854, 2.5885912466,
1517,1, 3.1718514919, 2.9916677761,
1517,2, 2.9677270889, 2.1386343622,
1517,3, 3.4568006706, 4.1180931425,
1517,4, 3.1240472317, 2.9275174570,
1518,0, 4.1310638523, 3.4561646748,
1518,1, 3.3356576777, 2.4844336891,
1518,2, 4.1264620924, 4.9101053619,
1518,3, 3.3484775496, 3.3559151173,
1518,4, 2.9798258066, 2.3365756559,
1519,0, 2.8776971960, 4.1385788727,
1519,1, 3.1215366220, 2.1119547129,
1519,2, 2.9930550671, 2.3116887474,
1519,3, 3.4195477533, 3.6205057955,
1519,4, 3.3617173815, 3.5009784222,
1520,0, 2.9853162336, 2.7456292152,
1520,1, 4.1212709427, 4.9698263597,
1520,2, 2.9802467060, 2.6840907145,
1520,3, 3.1515788221, 2.6300757790,
1520,4, 3.3709146929, 2.6114829350,
1521,0, 4.1337671614, 3.2302844048,
1521,1, 3.8121174049, 3.3776533890,
1521,2, 3.1954485035, 3.2590411520,
1521,3, 3.1074048424, 3.7228043461,
1521,4, 3.2213338995, 4.2864314556,
1522,0, 3.6131956577, 4.1289661598,
1522,1, 3.1510973978, 2.4349109602,
1522,2, 3.1544384813, 2.7324560165,
1522,3, 3.2463679790, 2.8645726156,
1522,4, 3.3178914642, 4.2615342808,
1523,0, 3.2750873613, 2.9760584831,
1523,1, 3.1940383816, 3.7244155836,
1523,2, 2.9991367626, 3.1042236376,
1523,3, 3.0368551064, 2.8660388041,
1523,4, 3.6957246876, 3.5497461271,
1524,0, 3.3999727201, 2.5301496744,
1524,1, 3.5309928608, 3.7259571362,
1524,2, 3.0903803778, 2.5563632870,
1524,3, 3.0971274757, 2.3866005230,
1524,4, 2.7832287931, 4.1719842482,
1525,0, 3.5426984787, 2.4772916126,
1525,1, 3.4076299286, 2.1024720764,
1525,2, 3.4724620199, 2.9638921452,
1525,3, 3.7546208382, 2.6621584320,
1525,4, 2.8123386574, 4.5430252266,
1526,0, 3.4485587406, 2.4282375431,
1526,1, 5.3200917721, 3.5403377724,
1526,2, 3.2838767385, 3.3960970020,
1526,3, 3.4574308443, 4.5515753794,
1526,4, 3.0400108385, 2.7005458498,
1527,0, 3.3647344685, 3.3249607611,
1527,1, 3.7253657818, 2.7311224651,
1527,2, 3.0069038963, 2.7380567884,
1527,3, 3.2321778631, 2.5663866043,
1527,4, 2.8032089472, 4.0200996971,
1528,0, 3.4554142332, 4.4120195866,
1528,1, 3.0037552071, 3.4689891911,
1528,2, 3.3439205694, 3.0298849916,
1528,3, 3.7612833309, 2.6831212902,
1528,4, 2.8939274120, 2.4254388046,
1529,0, 3.2381321573, 2.7378232765,
1529,1, 3.3010309458, 2.6374711847,
1529,2, 2.9900396013, 3.9730038977,
1529,3, 2.9479874468, 2.2686928082,
1529,4, 3.3175450325, 2.9184219217,
1530,0, 3.3712755442, 3.3353478384,
1530,1, 3.0948084688, 3.0869863892,
1530,2, 3.1424610949, 2.8858644819,
1530,3, 4.3748528004, 3.7542094135,
1530,4, 2.7519741392, 3.6223859024,
1531,0, 3.7474987125, 3.8337443829,
1531,1, 3.2636986160, 3.7428495216,
1531,2, 5.0317189550, 4.6011077023,
1531,3, 2.9315380955, 2.4299150324,
1531,4, 3.1901656580, 3.9593150282,
1532,0, 2.9740707922, 3.1951562500,
1532,1, 3.7407252979, 2.3927967787,
1532,2, 3.0207921743, 2.3894978571,
1532,3, 3.2953020382, 3.5137440205,
1532,4, 2.7261826849, 2.8625856686,
1533,0, 4.2878190756, 3.7573829460,
1533,1, 3.5218503666, 4.4722466707,
1533,2, 4.1036366510, 3.9433859062,
1533,3, 3.4981538200, 3.3034508801,
1533,4, 3.2503765726, 3.6248450565,
1534,0, 2.6590818214, 3.6207665396,
1534,1, 2.9665828753, 2.5669985867,
1534,2, 3.6854892731, 4.3585285807,
1534,3, 2.6689009523, 2.6263465071,
1534,4, 2.8192275333, 2.4488434601,
1535,0, 3.9998930073, 3.4290003872,
1535,1, 3.6936815071, 3.5055581760,
1535,2, 3.4388674021, 3.5989918613,
1535,3, 3.2271056032, 2.9279883528,
1535,4, 2.9050713396, 2.4920670223,
1536,0, 3.2518179035, 2.6566814137,
1536,1, 3.1150059223, 2.9147075319,
1536,2, 2.8981329966, 4.4544358397,
1536,3, 3.2529572153, 3.4222693586,
1536,4, 3.4345228052, 3.2518264437,
1537,0, 3.3308804035, 2.8767860985,
1537,1, 3.1062778664, 3.3815774155,
1537,2, 2.9873969078, 2.7956219053,
1537,3, 3.6725863266, 3.3605003166,
1537,4, 3.6165124178, 3.9846116781,
1538,0, 3.0796884823, 2.5338550425,
1538,1, 2.8912764978, 2.1949632120,
1538,2, 3.2887505150, 4.1035445738,
1538,3, 3.2759471130, 3.1967554855,
1538,4, 2.9195623446, 2.5560980988,
1539,0, 3.2743994665, 3.0477166128,
1539,1, 3.0695882273, 2.4529421759,
1539,2, 3.2963720703, 5.2490807819,
1539,3, 3.3319693136, 3.5267239094,
1539,4, 3.0007121086, 3.0191585302,
1540,0, 3.9031506586, 3.0619939661,
1540,1, 3.1385808182, 2.6573123217,
1540,2, 4.1585611868, 3.3562443972,
1540,3, 3.8761145544, 2.7376301193,
1540,4, 3.6371289539, 3.4937653351,
1541,0, 2.9870136595, 2.8514402008,
1541,1, 5.4247722912, 3.5596476746,
1541,2, 3.2734445858, 2.5609852982,
1541,3, 3.1712033033, 3.7175112677,
1541,4, 3.5753089142, 2.6524778128,
1542,0, 3.2013924456, 2.7116249990,
1542,1, 3.0350009966, 2.7360916996,
1542,2, 3.0555584621, 2.4668851423,
1542,3, 3.2048866510, 3.5259624672,
1542,4, 4.0447463083, 3.8738207483,
1543,0, 2.6814561701, 2.1938442516,
1543,1, 3.3193353271, 3.7207122326,
1543,2, 3.5724056053, 2.9631166506,
1543,3, 3.1636506224, 3.7244150496,
1543,4, 3.3213801718, 2.6734279776,
1544,0, 3.1244647217, 2.5219225502,
1544,1, 3.3218499613, 3.8094889307,
1544,2, 2.8134320307, 2.4476515675,
1544,3, 3.9020192289, 2.4546125889,
1544,4, 2.8940775824, 2.3429598093,
1545,0, 3.2501691484, 3.5284452248,
1545,1, 3.0570080900, 2.6487996054,
1545,2, 3.4257022858, 4.2488377857,
1545,3, 2.6954860401, 2.8447110462,
1545,4, 3.7252886772, 3.3911928082,
1546,0, 3.0020198059, 3.6009075880,
1546,1, 3.0273820162, 2.2905590153,
1546,2, 2.9909944630, 2.4345784092,
1546,3, 3.7434688711, 4.1099048519,
1546,4, 2.9277049971, 2.8481090117,
1547,0, 3.0207850838, 2.9700032997,
1547,1, 2.7686852312, 3.1994793701,
1547,2, 2.9665375614, 3.5471120358,
1547,3, 3.0821355152, 2.2535493040,
1547,4, 2.8497462034, 2.2441772747,
1548,0, 3.3740650511, 2.7192261982,
1548,1, 2.9687716198, 2.3450841188,
1548,2, 2.9962382460, 3.1380143976,
1548,3, 3.3283710194, 4.3590479469,
1548,4, 2.9618758106, 2.7493382597,
1549,0, 2.6117201614, 3.2431844473,
1549,1, 2.9610451078, 2.5204966593,
1549,2, 3.1867980146, 2.8387580395,
1549,3, 3.9585842752, 3.1513583040,
1549,4, 3.1334803295, 3.9657955456,
1550,0, 2.7356026554, 3.6872195053,
1550,1, 3.4301544189, 3.6146732235,
1550,2, 3.8267835522, 3.1017899752,
1550,3, 3.9510810566, 3.2767102528,
1550,4, 3.6983840513, 3.7461380768,
1551,0, 3.1219622707, 3.8463541985,
1551,1, 3.5228840494, 3.1407054377,
1551,2, 2.8802184343, 2.1429353046,
1551,3, 3.4404531479, 3.6664571571,
1551,4, 3.0845913839, 3.1445948601,
1552,0, 3.3985999584, 2.6574768972,
1552,1, 2.8745870495, 2.4671371460,
1552,2, 3.1113603306, 2.6445275879,
1552,3, 2.8886486340, 2.8658945084,
1552,4, 3.4259180975, 5.1241464520,
1553,0, 2.9973474741, 2.8196247292,
1553,1, 3.3172647429, 3.5029595661,
1553,2, 3.2281507349, 3.8727300358,
1553,3, 3.1865285492, 3.0135579395,
1553,4, 2.9654607439, 2.6780224228,
1554,0, 3.0198952389, 2.7311020708,
1554,1, 2.9177198315, 2.3156805420,
1554,2, 3.0276615286, 3.6091218185,
1554,3, 3.3468821001, 3.2233134127,
1554,4, 3.3368286324, 4.3890238285,
1555,0, 2.8875604439, 2.6135273027,
1555,1, 2.9201164579, 3.2153218126,
1555,2, 4.2915454483, 3.1736043692,
1555,3, 3.2891142225, 3.0303064632,
1555,4, 4.0515852213, 3.5982066202,
1556,0, 2.8229217815, 4.0031129265,
1556,1, 3.4269578505, 3.1910571337,
1556,2, 3.2757524681, 4.1664337015,
1556,3, 2.6882424927, 2.6027120399,
1556,4, 2.8037987328, 2.5166480875,
1557,0, 3.0947986364, 3.6191701221,
1557,1, 3.2860726404, 3.1216454697,
1557,2, 3.3534132004, 3.8636855268,
1557,3, 3.1230355549, 2.6570576572,
1557,4, 2.8842815781, 2.5839222670,
1558,0, 3.7329225492, 2.4330975676,
1558,1, 2.8084717607, 2.5811231041,
1558,2, 3.7034267473, 3.6253108788,
1558,3, 2.7301683807, 2.3915467691,
1558,4, 2.9563478136, 3.8575746965,
1559,0, 3.6932378578, 2.4164973497,
1559,1, 3.1010338593, 2.8057676220,
1559,2, 3.3254050493, 2.6783959436,
1559,3, 2.9479975462, 2.6945707846,
1559,4, 3.0334817314, 4.1211151028,
1560,0, 3.6018398046, 2.8162288761,
1560,1, 2.8727680683, 2.3669670773,
1560,2, 3.3180428505, 2.7853479767,
1560,3, 3.3840788078, 2.7091891527,
1560,4, 2.7677459097, 4.8590964270,
1561,0, 3.5979199886, 2.5578511524,
1561,1, 3.7032131052, 3.8275611496,
1561,2, 3.1683319712, 3.1162439919,
1561,3, 2.9436525822, 2.9333919144,
1561,4, 3.3758648300, 3.9267190790,
1562,0, 2.9468588924, 2.5244811726,
1562,1, 2.9402161980, 2.2961415815,
1562,2, 3.1072735691, 2.8364564419,
1562,3, 3.5307367086, 4.7290042782,
1562,4, 2.9149392176, 3.3356971169,
1563,0, 3.2124037600, 3.1657246017,
1563,1, 3.7513711214, 3.1223356438,
1563,2, 3.4493005753, 4.5564713478,
1563,3, 3.1170224237, 3.0907741880,
1563,4, 3.4050274324, 3.2763840532,
1564,0, 3.3228375912, 3.1095752764,
1564,1, 2.5781764078, 3.6402972507,
1564,2, 4.3944462299, 4.2205704308,
1564,3, 3.3841407919, 2.7547847462,
1564,4, 3.1041401100, 2.7964635038,
1565,0, 4.1911959505, 2.8068268204,
1565,1, 3.2900453091, 2.6210802507,
1565,2, 3.0089252996, 3.2697813892,
1565,3, 3.1453085899, 4.0046082497,
1565,4, 3.1034379816, 4.7235550880,
1566,0, 3.3626906109, 3.4955892181,
1566,1, 3.1687966394, 4.0756181240,
1566,2, 2.9959774303, 2.6216471720,
1566,3, 3.0543134165, 2.3478812695,
1566,4, 3.1777512074, 2.5931400013,
1567,0, 3.3110925388, 4.9245135880,
1567,1, 5.4470309830, 2.8292090273,
1567,2, 3.3563323116, 2.7280029345,
1567,3, 2.9023434830, 2.0736994457,
1567,4, 3.2149899769, 2.5176325846,
1568,0, 2.9114858389, 3.3418608761,
1568,1, 3.0412317753, 2.4615352392,
1568,2, 3.2669397736, 3.8659675312,
1568,3, 3.0290218735, 3.1853881931,
1568,4, 3.2464282036, 2.7152795649,
1569,0, 2.9693081284, 4.0873544979,
1569,1, 3.0598601484, 3.0606138372,
1569,2, 3.2945141745, 2.6909649944,
1569,3, 3.3033789301, 4.5932480812,
1569,4, 2.9431867981, 2.5001417637,
1570,0, 2.9322020245, 2.6735708284,
1570,1, 2.7526799726, 2.5873323536,
1570,2, 3.5653632069, 4.6728138351,
1570,3, 2.5819539070, 2.1040532923,
1570,4, 3.1739090443, 3.0222657204,
1571,0, 3.5291434908, 2.8209156275,
1571,1, 4.2674097157, 3.3309493637,
1571,2, 3.1668866777, 3.2153514099,
1571,3, 4.5588415384, 4.3221009350,
1571,4, 3.4552250195, 3.1259843111,
1572,0, 3.3721812296, 4.0707313299,
1572,1, 4.1156831169, 3.5286562824,
1572,2, 3.1529734278, 3.0304202938,
1572,3, 3.4399420929, 2.4436055660,
1572,4, 2.9112425041, 2.8736849833,
1573,0, 2.9348273945, 2.3155411816,
1573,1, 3.1403433990, 2.8419690704,
1573,2, 3.1618682623, 2.8095869446,
1573,3, 4.6351477432, 4.4983775997,
1573,4, 3.5647439623, 3.9146253204,
1574,0, 3.2984019995, 4.5658415604,
1574,1, 3.3183752394, 2.4977373362,
1574,2, 3.3684016371, 2.2290590048,
1574,3, 3.0789652777, 3.4592063808,
1574,4, 3.3381471062, 3.4179468632,
1575,0, 5.1736224937, 4.2303056717,
1575,1, 3.7030895948, 3.3563648844,
1575,2, 3.2549108601, 3.0301070118,
1575,3, 3.2042672682, 3.2496358919,
1575,4, 4.0914741230, 3.0441515112,
1576,0, 3.1588552523, 2.7017131472,
1576,1, 3.3012250948, 3.1414398289,
1576,2, 2.9821377945, 2.8959322166,
1576,3, 3.8674479914, 3.0557067204,
1576,4, 2.9244756985, 3.6359376574,
1577,0, 2.8049102831, 3.9427007723,
1577,1, 2.7708586550, 2.7532614183,
1577,2, 3.8785851622, 3.5954077816,
1577,3, 3.6395618534, 3.7100964022,
1577,4, 3.3445441389, 4.1481201553,
1578,0, 2.9729842710, 2.7841573954,
1578,1, 2.7199144411, 3.8403520393,
1578,2, 2.9637765312, 3.4443232727,
1578,3, 3.4299450827, 2.5255034685,
1578,4, 3.1473332644, 2.7296105242,
1579,0, 3.5560079288, 3.2731633615,
1579,1, 3.1202063036, 3.0575849152,
1579,2, 3.2508193207, 2.4914535522,
1579,3, 4.2643635178, 3.8249136734,
1579,4, 2.7497275734, 3.1535769844,
1580,0, 3.2771642876, 2.7969491911,
1580,1, 3.2284573126, 2.2522005701,
1580,2, 3.4872559929, 3.9598338413,
1580,3, 3.3782059193, 2.9147625732,
1580,4, 2.8922341251, 3.3444570351,
1581,0, 2.8580068970, 2.5462317181,
1581,1, 4.4115927410, 3.3448784065,
1581,2, 3.2394843006, 2.4589151335,
1581,3, 3.3536847019, 3.8593424129,
1581,4, 3.2002634525, 3.1436143589,
1582,0, 3.2408127022, 3.1030803061,
1582,1, 3.8501208925, 2.6511240339,
1582,2, 3.0379820967, 2.5369493246,
1582,3, 3.3507404423, 4.0925583887,
1582,4, 3.1496973181, 2.3459504080,
1583,0, 3.2061889410, 2.6168360472,
1583,1, 2.9647375154, 2.2212306213,
1583,2, 3.5301900530, 3.0228478527,
1583,3, 4.0112897301, 4.1233419228,
1583,4, 4.4272304821, 2.6029459667,
1584,0, 3.4436368370, 2.8251193476,
1584,1, 3.6432375574, 4.0240865898,
1584,2, 2.9907400799, 2.8631133986,
1584,3, 2.8290346384, 2.2629700184,
1584,4, 3.2930193424, 3.4954456997,
1585,0, 2.9314373159, 3.6089091682,
1585,1, 2.9439252853, 2.9639621735,
1585,2, 2.7272694540, 3.1221023035,
1585,3, 2.9601392984, 2.8747432089,
1585,4, 2.8725823069, 2.2813542747,
1586,0, 3.0677474451, 2.7109500360,
1586,1, 3.7624116850, 2.8895530891,
1586,2, 2.9365823221, 2.7546273518,
1586,3, 2.9889433050, 3.0781840849,
1586,4, 2.9586204338, 4.4417229176,
1587,0, 3.1126357794, 2.5435407257,
1587,1, 3.1292469358, 2.5393029499,
1587,2, 2.8219959974, 4.1793929243,
1587,3, 3.4619092083, 3.5528680897,
1587,4, 3.4797542620, 3.0636310816,
1588,0, 3.0614022732, 2.4567415619,
1588,1, 3.6347203064, 2.4158279896,
1588,2, 2.9810902643, 2.1035747671,
1588,3, 2.9922428131, 3.3812405205,
1588,4, 2.7586864090, 3.4535273170,
1589,0, 2.9782976913, 3.0985042286,
1589,1, 3.6773677635, 3.2808034086,
1589,2, 3.9681057119, 3.0355119753,
1589,3, 3.2480124712, 5.1300180912,
1589,4, 2.8457187939, 3.4298398209,
1590,0, 3.7806858826, 3.0904781580,
1590,1, 2.5477571869, 2.1263074780,
1590,2, 3.1508397102, 4.1601186466,
1590,3, 2.9060425663, 3.2143359756,
1590,4, 3.1142904425, 2.5923903990,
1591,0, 3.2029850292, 2.8121219921,
1591,1, 3.3738259554, 3.6132626820,
1591,2, 3.1376116085, 2.8909700394,
1591,3, 3.7101127768, 4.7131596518,
1591,4, 3.1603575420, 2.2549145174,
1592,0, 3.9399195910, 2.5966566277,
1592,1, 2.7576411963, 2.8623708248,
1592,2, 2.9002097750, 2.2805348682,
1592,3, 3.2917531919, 3.8615634394,
1592,4, 3.0249492931, 3.5789815044,
1593,0, 3.0562969923, 2.3451616001,
1593,1, 3.1293657446, 4.2507471657,
1593,2, 2.7383407068, 3.1196359682,
1593,3, 2.9472468567, 3.5094564867,
1593,4, 3.3553082800, 3.0902019405,
1594,0, 3.1566352081, 2.5834263706,
1594,1, 3.5083963394, 3.6976880360,
1594,2, 4.4289768648, 2.6471337366,
1594,3, 3.5651079988, 4.6374334335,
1594,4, 3.3832638645, 3.6221960020,
1595,0, 2.9756032848, 2.4581611395,
1595,1, 3.2556566525, 2.8694263268,
1595,2, 3.2489433050, 2.5657547951,
1595,3, 3.7465590715, 5.2318451786,
1595,4, 2.9171292639, 3.0042139006,
1596,0, 2.9570705700, 2.7505773211,
1596,1, 2.6452912521, 4.0921761227,
1596,2, 3.0876039505, 2.2769321823,
1596,3, 3.4788442373, 2.9827649975,
1596,4, 3.8702133226, 3.5616871452,
1597,0, 3.0227539730, 4.1714707518,
1597,1, 3.3624414158, 3.9405592012,
1597,2, 3.2119789982, 2.6580761957,
1597,3, 2.8651250696, 2.3837080407,
1597,4, 4.3480970669, 3.2939408398,
1598,0, 3.0195835352, 2.4868181276,
1598,1, 3.4570750666, 4.1882548141,
1598,2, 2.9781033659, 3.4374065495,
1598,3, 2.9301795435, 3.4662207890,
1598,4, 3.1140816784, 3.1163878250,
1599,0, 3.1502280664, 2.8365777445,
1599,1, 3.4302883101, 3.1673204517,
1599,2, 3.1895973253, 2.9984392691,
1599,3, 3.7189715910, 2.8153603601,
1599,4, 2.7350346851, 3.5424489355,
1600,0, 3.1046582413, 2.6084109354,
1600,1, 3.0910008049, 3.2747500372,
1600,2, 2.9966806889, 3.0257545376,
1600,3, 3.1373158598, 2.4430450439,
1600,4, 2.9228682232, 4.6122667408,
1601,0, 4.0574746847, 2.3701933527,
1601,1, 3.3043270063, 3.4543196583,
1601,2, 3.1125746012, 3.7200225067,
1601,3, 2.7767539215, 3.7479473162,
1601,4, 3.6128794336, 1.9444675827,
1602,0, 3.1036893463, 2.4249441719,
1602,1, 3.6160677671, 3.3427081108,
1602,2, 3.4534490919, 2.3236167574,
1602,3, 2.8307883120, 4.2142373943,
1602,4, 3.0377120543, 2.4348160982,
1603,0, 3.4292895031, 4.5107573128,
1603,1, 3.0697319651, 2.6162767458,
1603,2, 3.3073427963, 3.1090704107,
1603,3, 3.6214012671, 3.4881832361,
1603,4, 2.7713483000, 3.6202692080,
1604,0, 2.9991233826, 3.5926016474,
1604,1, 2.9486456966, 4.2348817825,
1604,2, 3.5651021385, 4.1984119415,
1604,3, 3.0290305042, 4.0637966728,
1604,4, 3.8219285297, 3.0876298523,
1605,0, 3.6664285278, 4.6290506268,
1605,1, 3.9680074406, 3.7523535061,
1605,2, 3.4061495638, 2.5225799322,
1605,3, 3.1612539148, 2.6051509714,
1605,4, 3.4958867121, 3.1141475248,
1606,0, 2.9299114513, 2.9801808071,
1606,1, 3.0144065237, 2.9494665194,
1606,2, 2.9807293367, 2.7912125254,
1606,3, 2.9706438065, 4.0785989761,
1606,4, 3.0837874651, 2.8336994743,
1607,0, 3.3500561762, 2.4632554722,
1607,1, 2.6598990917, 2.5281282616,
1607,2, 3.3393036032, 2.7241149473,
1607,3, 3.1824130535, 3.6279706335,
1607,4, 2.9956183767, 3.0533195972,
1608,0, 3.0952291965, 2.7865032482,
1608,1, 2.7620212841, 2.2727631998,
1608,2, 2.7907975769, 3.5316310120,
1608,3, 2.7669479179, 2.6479687405,
1608,4, 3.2375290585, 3.3453528214,
1609,0, 3.5148464394, 4.1828888416,
1609,1, 2.9260517168, 2.6144369507,
1609,2, 2.9824213696, 3.2616535378,
1609,3, 2.8879081249, 2.8260896015,
1609,4, 2.4796541977, 2.1147508478,
1610,0, 2.9303087664, 2.7581442738,
1610,1, 2.9460559464, 2.5106083393,
1610,2, 2.7093495226, 4.0967877817,
1610,3, 3.9190997171, 2.1338270426,
1610,4, 2.9575165033, 2.6482781029,
1611,0, 2.7883111143, 2.1188273335,
1611,1, 3.1941434622, 2.4199961805,
1611,2, 3.2709188604, 3.1041704178,
1611,3, 3.2464132595, 4.4702252769,
1611,4, 3.0531219482, 3.8852117014,
1612,0, 4.3223955727, 2.8237614965,
1612,1, 3.5785506296, 3.4730328369,
1612,2, 3.0691586304, 2.9434086514,
1612,3, 3.2380043459, 4.3434525824,
1612,4, 3.9317333984, 5.0935371113,
1613,0, 2.8807581568, 3.8461270285,
1613,1, 3.3257643032, 2.7521889639,
1613,2, 3.4567791319, 2.6040387726,
1613,3, 3.2183117437, 3.0260737181,
1613,4, 3.3622002172, 2.3133398008,
1614,0, 3.0096927547, 2.2726403856,
1614,1, 2.8015167618, 3.8627662897,
1614,2, 2.8778104401, 2.4727831745,
1614,3, 2.3746183586, 3.1505968475,
1614,4, 3.0980255270, 3.9423937988,
1615,0, 3.6611987114, 4.5201309109,
1615,1, 2.8394824696, 2.1252836561,
1615,2, 2.9672726154, 2.7108785868,
1615,3, 3.5591351843, 3.0418445015,
1615,4, 2.9974936342, 2.3735564852,
1616,0, 3.1080201483, 2.7395802546,
1616,1, 3.0015146685, 3.1742398071,
1616,2, 2.7613406277, 2.5481815720,
1616,3, 5.5589442635, 3.2035362196,
1616,4, 2.7370026302, 2.4756268167,
1617,0, 2.9526300335, 2.3250775576,
1617,1, 2.9681810427, 2.5093605471,
1617,2, 3.6549064159, 3.0449916553,
1617,3, 2.8657564592, 3.1134385633,
1617,4, 2.8556953907, 4.1110982466,
1618,0, 3.4545500231, 4.2195298672,
1618,1, 2.4220102978, 2.6968942213,
1618,2, 3.1336781883, 3.4586007881,
1618,3, 3.4614503193, 3.7987168694,
1618,4, 3.1573382282, 2.8268349457,
1619,0, 3.1137367153, 2.5726499653,
1619,1, 3.1816565895, 3.0335637093,
1619,2, 3.1251552868, 4.2946494102,
1619,3, 3.3100581408, 2.7514428759,
1619,4, 3.0487607050, 2.8572742748,
1620,0, 3.5017757082, 2.8857645941,
1620,1, 2.8750634289, 2.5895606375,
1620,2, 2.5981254530, 2.6715168905,
1620,3, 3.2532204151, 2.5863338041,
1620,4, 3.1827074051, 3.7962059784,
1621,0, 2.9037952852, 3.0978236675,
1621,1, 3.2022490978, 2.7456237841,
1621,2, 3.5621231174, 4.1371100473,
1621,3, 3.2794667721, 3.0062301207,
1621,4, 2.9522440910, 2.2770168495,
1622,0, 2.7961765814, 2.2399501038,
1622,1, 3.0347279692, 2.6845295477,
1622,2, 2.9186972857, 3.4466547918,
1622,3, 3.1670588589, 2.6003812742,
1622,4, 3.2210848618, 2.9038065195,
1623,0, 4.0116039419, 2.4155369520,
1623,1, 3.1073346901, 3.9689299345,
1623,2, 2.8138735676, 2.6931536818,
1623,3, 2.7651008511, 2.8466170597,
1623,4, 3.1547588778, 2.9743099165,
1624,0, 3.2629832506, 2.9882296991,
1624,1, 3.6123748970, 2.5435945940,
1624,2, 3.5174547100, 3.8629987574,
1624,3, 4.8643725681, 3.2271833563,
1624,4, 2.8872311497, 2.9667329836,
1625,0, 3.1465662575, 3.2738305855,
1625,1, 5.9795105267, 2.7707662058,
1625,2, 3.1760321474, 2.8957520676,
1625,3, 3.3097276688, 4.1316137648,
1625,4, 3.0031581736, 2.6826414871,
1626,0, 3.4373072577, 2.5295459795,
1626,1, 3.1970322990, 3.2384776545,
1626,2, 2.9798650646, 4.0902196074,
1626,3, 2.8880567074, 2.6414719629,
1626,4, 3.1910863924, 3.3591846085,
1627,0, 2.8718814278, 2.8854583979,
1627,1, 2.8569495630, 4.0083293724,
1627,2, 3.1897517490, 2.9085955143,
1627,3, 2.7542921114, 3.7752405405,
1627,4, 3.3121933746, 2.7232030487,
1628,0, 3.1549708509, 2.7635489416,
1628,1, 3.6026495171, 2.6183007622,
1628,2, 3.2963263702, 2.8924099874,
1628,3, 3.1874586535, 2.4000451040,
1628,4, 3.7449973297, 4.1347823000,
1629,0, 2.6053008938, 2.6188286924,
1629,1, 3.0629056025, 2.7073132420,
1629,2, 3.6512384796, 4.2247151613,
1629,3, 3.1666928053, 2.6347769022,
1629,4, 3.0317133045, 2.2783900976,
1630,0, 3.0333590460, 2.3868262863,
1630,1, 3.6977397919, 2.9719162941,
1630,2, 2.8074013567, 3.5134742451,
1630,3, 3.6995580292, 4.0941962910,
1630,4, 3.4018594360, 4.4481279278,
1631,0, 3.5994943237, 3.5511961031,
1631,1, 3.2644304752, 2.4566904306,
1631,2, 3.0643275404, 3.0432911921,
1631,3, 5.5640813589, 2.7652630949,
1631,4, 3.4949808550, 3.9976081276,
1632,0, 3.0464124203, 3.4693142796,
1632,1, 2.7701756048, 2.2146318293,
1632,2, 3.2525888634, 2.6011940432,
1632,3, 2.4306689501, 2.4947513390,
1632,4, 2.8953660870, 3.6989248323,
1633,0, 3.0942706919, 2.8238609600,
1633,1, 4.5736548162, 3.6992698574,
1633,2, 2.9325583601, 3.2320709276,
1633,3, 3.0566443872, 3.2688752699,
1633,4, 2.8499971581, 3.0255658531,
1634,0, 3.6038309097, 4.0893324137,
1634,1, 2.9388424921, 2.9261676979,
1634,2, 2.7618672895, 2.9897364664,
1634,3, 2.7891059256, 2.6174106026,
1634,4, 3.2949308348, 2.2497212601,
1635,0, 3.3892920589, 2.4871905947,
1635,1, 3.5940279531, 4.1639154243,
1635,2, 2.9525135422, 2.3396676350,
1635,3, 3.9430365467, 3.8549216557,
1635,4, 3.4484721375, 5.0263737726,
1636,0, 3.1190794182, 2.6140635872,
1636,1, 2.7772397709, 2.6240950203,
1636,2, 3.1125501394, 2.2204673958,
1636,3, 2.9822473192, 4.3754037094,
1636,4, 3.5368103361, 2.8294614363,
1637,0, 3.2675769663, 2.9500203896,
1637,1, 3.2401480150, 3.5071194124,
1637,2, 2.7466466236, 3.4171650124,
1637,3, 2.8075489235, 3.8294087219,
1637,4, 3.3369935179, 2.9500421190,
1638,0, 3.1183377552, 3.4583633327,
1638,1, 2.9417830467, 3.9327034187,
1638,2, 3.0387202787, 2.7390119076,
1638,3, 3.8828987551, 3.6091897297,
1638,4, 3.4848860168, 3.6344602966,
1639,0, 3.5383872128, 4.0602622890,
1639,1, 3.2440024805, 2.8690195894,
1639,2, 3.1385031366, 2.1767259932,
1639,3, 2.6256930780, 3.7592848825,
1639,4, 2.9614594984, 2.9497276068,
1640,0, 3.4144992495, 2.7071556377,
1640,1, 3.2977627134, 2.0684300160,
1640,2, 3.2555997181, 3.3367431068,
1640,3, 2.8121709490, 3.5404155731,
1640,4, 3.2908893204, 2.9660953283,
1641,0, 2.7439017868, 3.7506637812,
1641,1, 3.1668901443, 2.6184593964,
1641,2, 3.9999061298, 2.6999591303,
1641,3, 2.9727253485, 2.4376493311,
1641,4, 3.1544604778, 2.3319213009,
1642,0, 3.3564657116, 2.6695688820,
1642,1, 3.3335554600, 2.1104205084,
1642,2, 3.9255830431, 3.9028280735,
1642,3, 3.4084671450, 2.9105787563,
1642,4, 4.9057467508, 2.9047195005,
1643,0, 3.9687320280, 4.5854183674,
1643,1, 3.2226189947, 2.9769449759,
1643,2, 2.8983926773, 2.2564666176,
1643,3, 3.5287975788, 2.9801621914,
1643,4, 2.9633384705, 3.2035899448,
1644,0, 3.5672499514, 2.7131150246,
1644,1, 3.4467864561, 4.5236491632,
1644,2, 2.8251802826, 3.4437762260,
1644,3, 3.4483593130, 2.1090285826,
1644,4, 2.9335307312, 2.8218281269,
1645,0, 4.1429069233, 3.9935000420,
1645,1, 3.5082589340, 4.0783179092,
1645,2, 2.8086577368, 2.7820028257,
1645,3, 2.6592216301, 2.2379096651,
1645,4, 2.8978377008, 2.5780918694,
1646,0, 2.7916567278, 3.2971629620,
1646,1, 3.2121430779, 3.1291475201,
1646,2, 3.7997774744, 2.5994249725,
1646,3, 3.2054989243, 3.2405017829,
1646,4, 3.3926778555, 2.5612540579,
1647,0, 2.9626328897, 3.0241581059,
1647,1, 2.9157444859, 2.4504755926,
1647,2, 3.9012466478, 3.2347730923,
1647,3, 2.8054715157, 2.8561429930,
1647,4, 3.1920600033, 3.7837724113,
1648,0, 4.1958869410, 4.5514787817,
1648,1, 3.2092886686, 3.7407504416,
1648,2, 2.8964084959, 3.2844404364,
1648,3, 3.3586542797, 3.0464837170,
1648,4, 3.0220209932, 2.6858229017,
1649,0, 3.1498013973, 3.6713122129,
1649,1, 2.9485963345, 2.5017576694,
1649,2, 3.1985273170, 2.3891123295,
1649,3, 3.6898586178, 4.1241613102,
1649,4, 3.5317714834, 3.2128690386,
1650,0, 3.4921441031, 3.2975174618,
1650,1, 3.9749355507, 3.6900940228,
1650,2, 3.0752027035, 3.6451862431,
1650,3, 3.1119077444, 2.4395573235,
1650,4, 3.1652793169, 3.8753509521,
1651,0, 3.4268007326, 2.9943471098,
1651,1, 3.6252873611, 2.4350985813,
1651,2, 3.2589889431, 3.0371748066,
1651,3, 3.2147369385, 4.0801242828,
1651,4, 3.0403647804, 3.7869202423,
1652,0, 3.1435750532, 2.7032230711,
1652,1, 3.1382529020, 3.5014521408,
1652,2, 3.0189309931, 2.7626519060,
1652,3, 3.1801345158, 4.1521022034,
1652,4, 2.8870303440, 2.3663682508,
1653,0, 3.1202379560, 2.9252532291,
1653,1, 2.9142564631, 2.9601728725,
1653,2, 3.1042647219, 3.0531640530,
1653,3, 3.2128133011, 4.1202781105,
1653,4, 3.3356460238, 2.5301616287,
1654,0, 3.1436112642, 2.7829095745,
1654,1, 2.9475931072, 2.1518298960,
1654,2, 2.8315928984, 2.4703798199,
1654,3, 2.9053531170, 3.4418340087,
1654,4, 3.4325174189, 3.1292957449,
1655,0, 4.2374778223, 2.8907346392,
1655,1, 2.7205613852, 2.8982851505,
1655,2, 3.8045395947, 2.4827375364,
1655,3, 2.7324059153, 2.2256524611,
1655,4, 3.0496434450, 4.3572746229,
1656,0, 3.1576463938, 2.4714841795,
1656,1, 3.2813683796, 3.1368780994,
1656,2, 2.6793767166, 3.2009479713,
1656,3, 2.6753525162, 2.1639250040,
1656,4, 2.6917360926, 2.2691437531,
1657,0, 2.9391877651, 3.4320021105,
1657,1, 3.3977027988, 2.9157876873,
1657,2, 3.4462270784, 3.6777319050,
1657,3, 2.9134394979, 2.6544992638,
1657,4, 2.9312177992, 2.6983594847,
1658,0, 2.9636987829, 2.5389146185,
1658,1, 2.9367498446, 3.8683766127,
1658,2, 2.8418596125, 2.2230358648,
1658,3, 3.4325001526, 2.4098657465,
1658,4, 3.1206997585, 2.9854688072,
1659,0, 3.3521731758, 3.7637169790,
1659,1, 3.2363457632, 3.2977925682,
1659,2, 3.4787948418, 2.2589805365,
1659,3, 2.6516853285, 2.9229444742,
1659,4, 2.7005725479, 2.6194949341,
1660,0, 2.9573143911, 2.5376122952,
1660,1, 3.5716047764, 2.5461916256,
1660,2, 3.0255382729, 3.7387946796,
1660,3, 3.5644082785, 2.8311636114,
1660,4, 2.9927216244, 3.5289016247,
1661,0, 3.4509000587, 3.4651227188,
1661,1, 4.6099573612, 3.2376818466,
1661,2, 3.0626613998, 2.4906846380,
1661,3, 3.3521811581, 2.7958479118,
1661,4, 3.6351052380, 4.0466923428,
1662,0, 3.0255562305, 3.7674581432,
1662,1, 2.9398859930, 2.8311785126,
1662,2, 3.2864773750, 3.4187628269,
1662,3, 2.8977203274, 3.6151941538,
1662,4, 3.2195908308, 2.6429719114,
1663,0, 3.2506917429, 3.0728546619,
1663,1, 3.2854509830, 2.9976789761,
1663,2, 3.1243195391, 4.0980896330,
1663,3, 4.2004368448, 2.9266129208,
1663,4, 3.4989135551, 3.4182240295,
1664,0, 3.0495451403, 3.6939303970,
1664,1, 3.2040759802, 2.7417220449,
1664,2, 3.1866326571, 3.2126690912,
1664,3, 2.7421352911, 4.4496228933,
1664,4, 3.2347771311, 2.8480995178,
1665,0, 3.0720838785, 2.2780630636,
1665,1, 3.0356184483, 2.4847455788,
1665,2, 3.3480457020, 3.2064358187,
1665,3, 4.3433261919, 5.3170188808,
1665,4, 2.8067430449, 2.6763754559,
1666,0, 5.6480767918, 2.5725205040,
1666,1, 3.4644741678, 2.8780473948,
1666,2, 3.2545625305, 2.9326947546,
1666,3, 2.8144181728, 4.1594569826,
1666,4, 3.6152477932, 3.3011780787,
1667,0, 2.6008712530, 4.0596775579,
1667,1, 3.2376406050, 3.2892646933,
1667,2, 2.7865346432, 2.4625409031,
1667,3, 3.1656142235, 3.7699396324,
1667,4, 2.9420314741, 2.3622871542,
1668,0, 4.2424465466, 2.5385700178,
1668,1, 2.7550207710, 2.8276130056,
1668,2, 4.2481946802, 3.8013296795,
1668,3, 2.6049263334, 3.6579523134,
1668,4, 3.0406977940, 2.4718350983,
1669,0, 3.6660450172, 1.9159838414,
1669,1, 3.7756636143, 3.0701643991,
1669,2, 2.9796427536, 3.7327370071,
1669,3, 3.1765665102, 3.3541826630,
1669,4, 4.1373572063, 3.0586266470,
1670,0, 3.0531544638, 2.7891371536,
1670,1, 2.9392181683, 2.9620667648,
1670,2, 3.5086290789, 3.9233485413,
1670,3, 2.6707347775, 2.2853537178,
1670,4, 2.7866085720, 3.6080915070,
1671,0, 4.6312541342, 2.6918332767,
1671,1, 2.8040811968, 3.8697067499,
1671,2, 3.1362021255, 3.5776461124,
1671,3, 3.8480464125, 2.4101723671,
1671,4, 2.9844013309, 2.9734570074,
1672,0, 5.0202137709, 5.4540950203,
1672,1, 3.1267303944, 2.5584028053,
1672,2, 3.4793737602, 3.2948713303,
1672,3, 3.2130890894, 2.7025499725,
1672,4, 3.1148305035, 3.8752407742,
1673,0, 3.5611439800, 4.4022500896,
1673,1, 3.0287863016, 3.1602945232,
1673,2, 2.7515602827, 2.4503696585,
1673,3, 3.4353572130, 3.1863659573,
1673,4, 2.8942908478, 4.6215549088,
1674,0, 4.2033990717, 3.5500277328,
1674,1, 4.1605606031, 2.3661687374,
1674,2, 4.5729162025, 4.7094270134,
1674,3, 3.2910418749, 3.0680490875,
1674,4, 3.0958749485, 3.1693461037,
1675,0, 2.8333166599, 2.9160806227,
1675,1, 3.1071962309, 2.6174351072,
1675,2, 3.4117072964, 3.4958326054,
1675,3, 3.1701715326, 3.1225647593,
1675,4, 2.8408797026, 2.4420505905,
1676,0, 3.0719542933, 3.1721382427,
1676,1, 3.2567887068, 3.9766113901,
1676,2, 2.5994968367, 2.5301910019,
1676,3, 3.4863604546, 2.6973247051,
1676,4, 3.9984482050, 3.4022882032,
1677,0, 3.2445541763, 3.2912795448,
1677,1, 3.0075578976, 3.1835423422,
1677,2, 3.7140360832, 2.9955531883,
1677,3, 3.2258274555, 3.4338688850,
1677,4, 3.0281169319, 2.4408057690,
1678,0, 3.5859997797, 2.3643489599,
1678,1, 2.6740451002, 2.7288983917,
1678,2, 3.0448276901, 3.1603354454,
1678,3, 3.0759955406, 2.8884338665,
1678,4, 2.8979664803, 4.0967369175,
1679,0, 3.9007006598, 4.5501382971,
1679,1, 3.3671648359, 2.7338340473,
1679,2, 2.8139114094, 2.0342768669,
1679,3, 3.0679024267, 2.4329005384,
1679,4, 3.0006676531, 2.6276686716,
1680,0, 3.2770003176, 3.3104811192,
1680,1, 2.9973370552, 4.0837768412,
1680,2, 3.3703894234, 3.5538229465,
1680,3, 2.9781920528, 2.5491811705,
1680,4, 2.9947382116, 2.6189190149,
1681,0, 2.9491591167, 2.8065784264,
1681,1, 2.8503221083, 3.6966618061,
1681,2, 3.5975631905, 3.0111524439,
1681,3, 3.2535710382, 3.3358634186,
1681,4, 3.0748589706, 2.7568599844,
1682,0, 4.4437924862, 4.4128300095,
1682,1, 3.1841864204, 2.6489480925,
1682,2, 3.0817315865, 2.6536956882,
1682,3, 3.1012724066, 2.6401071262,
1682,4, 2.7612959909, 2.6486647749,
1683,0, 3.0738752890, 2.0227940416,
1683,1, 3.3797719622, 2.9110403776,
1683,2, 3.6706755781, 4.8835078716,
1683,3, 2.6473747730, 2.3673422337,
1683,4, 3.1873415041, 2.5625146484,
1684,0, 3.6885269499, 2.9562691307,
1684,1, 3.0262272549, 2.9655246687,
1684,2, 3.7555403423, 2.4730087662,
1684,3, 2.9442935896, 2.8235185480,
1684,4, 2.6634172058, 3.4454033184,
1685,0, 2.5970930052, 2.2779308510,
1685,1, 3.3186135530, 2.4540787983,
1685,2, 2.7479972506, 3.6608210278,
1685,3, 2.9956839800, 2.9627299976,
1685,4, 2.7505851030, 2.0181542444,
1686,0, 2.8629860735, 4.1142210054,
1686,1, 3.2484724140, 2.3838446331,
1686,2, 3.0736907005, 2.4001953840,
1686,3, 3.0586268282, 3.6515108395,
1686,4, 3.3053257704, 2.5641108608,
1687,0, 3.0791122961, 3.1279842663,
1687,1, 2.8414373255, 2.6957495928,
1687,2, 3.1395327425, 4.4475371075,
1687,3, 4.5681045055, 4.5416465187,
1687,4, 3.7054577780, 4.0895472956,
1688,0, 3.0192820072, 3.2565628242,
1688,1, 3.2076743889, 2.4680099344,
1688,2, 3.1106832027, 2.5703291225,
1688,3, 2.8777490520, 2.4773909187,
1688,4, 3.3445371437, 4.5932640123,
1689,0, 2.8030502796, 3.6071871281,
1689,1, 3.1301893425, 3.0853844452,
1689,2, 2.8250976896, 1.9009262800,
1689,3, 2.7994427633, 2.8636962938,
1689,4, 3.3432562399, 4.2119991636,
1690,0, 2.7895985794, 3.5179234266,
1690,1, 3.3311127186, 3.0900067091,
1690,2, 3.3226440668, 3.2757279682,
1690,3, 3.6106878328, 3.3258107710,
1690,4, 3.7279115486, 3.8036709404,
1691,0, 3.3069756842, 2.1683998346,
1691,1, 2.9885029840, 3.0096803665,
1691,2, 3.5532761621, 2.8445768595,
1691,3, 3.0247589731, 3.6360054588,
1691,4, 4.1851741695, 2.7090644121,
1692,0, 3.2212634182, 4.8934391403,
1692,1, 3.2148910952, 2.9619185543,
1692,2, 3.3658999491, 2.5339830589,
1692,3, 3.3161149788, 3.0995621681,
1692,4, 3.2157780170, 3.5983725071,
1693,0, 2.9980000687, 2.7654557753,
1693,1, 3.8831744766, 3.8891724730,
1693,2, 2.7860037565, 3.1674526596,
1693,3, 3.3631041193, 2.8014978409,
1693,4, 3.1321161938, 2.9533169127,
1694,0, 3.5822754526, 4.4338506794,
1694,1, 3.2201959133, 2.6556936407,
1694,2, 3.0012649155, 3.1814884806,
1694,3, 3.0405312347, 2.4126111031,
1694,4, 3.3493843508, 3.0339411831,
1695,0, 3.5620136976, 3.0516781902,
1695,1, 3.3190846729, 2.7748839092,
1695,2, 3.2607622957, 2.7646560812,
1695,3, 3.8314245749, 3.0834540033,
1695,4, 3.8062111473, 3.8330346298,
1696,0, 3.0697258997, 2.3701957607,
1696,1, 3.1740003061, 2.6139279938,
1696,2, 4.1048473263, 3.4952695465,
1696,3, 3.1093635750, 2.6568021870,
1696,4, 3.0241839361, 4.0093115473,
1697,0, 2.7106955719, 4.0192036152,
1697,1, 3.2890916872, 1.7246483660,
1697,2, 3.6220302391, 3.0672491932,
1697,3, 4.0899688292, 2.7671361589,
1697,4, 3.3575071955, 3.3023794985,
1698,0, 3.1660336542, 2.8720276022,
1698,1, 4.0130444813, 3.5236957121,
1698,2, 3.7834890652, 3.2366668701,
1698,3, 3.9651989746, 4.7363307285,
1698,4, 3.6391274214, 3.2069609642,
1699,0, 2.9361750507, 3.0472039843,
1699,1, 3.1084550858, 3.1629099083,
1699,2, 2.5943372440, 2.9534772444,
1699,3, 3.5747343445, 3.9874098063,
1699,4, 2.9820140934, 2.4207547045,
1700,0, 3.6192623901, 3.5135251570,
1700,1, 3.0416163540, 2.6313536167,
1700,2, 3.5872457981, 2.9352803230,
1700,3, 3.0916404581, 2.4424574137,
1700,4, 3.1528936958, 3.4147415733,
1701,0, 3.2184274340, 4.9253033447,
1701,1, 2.8415366173, 2.6260861635,
1701,2, 3.1272480631, 2.4384585142,
1701,3, 2.8448649693, 2.5534185266,
1701,4, 3.0158374786, 3.4994334698,
1702,0, 3.2194144773, 3.3773061419,
1702,1, 5.6659237528, 3.8527809143,
1702,2, 2.7525399351, 3.5391951656,
1702,3, 2.9328965855, 2.5421886492,
1702,4, 3.2909527636, 4.2457893276,
1703,0, 3.1659363413, 4.6173114014,
1703,1, 2.8400949478, 2.9765839386,
1703,2, 2.9899447489, 2.7279734850,
1703,3, 2.9464751673, 2.7672641087,
1703,4, 3.0143399477, 2.7361845541,
1704,0, 2.7588067102, 2.5924196339,
1704,1, 2.9239783478, 2.1120522642,
1704,2, 6.2113568592, 3.6723036718,
1704,3, 2.9730812550, 4.2373941517,
1704,4, 2.8595061588, 3.2711998653,
1705,0, 3.0089098167, 3.1575216293,
1705,1, 3.4311897993, 2.7493150902,
1705,2, 2.9756251144, 3.3713135719,
1705,3, 3.2708920956, 4.0135279799,
1705,4, 3.4931470633, 3.0356457424,
1706,0, 3.7302547550, 2.5088223028,
1706,1, 2.8333110142, 2.5630020428,
1706,2, 3.3107931805, 4.0234329271,
1706,3, 3.3578590441, 3.1346777534,
1706,4, 3.2699728441, 2.3350551748,
1707,0, 2.8235885143, 4.1234950876,
1707,1, 2.9792519093, 3.0128413105,
1707,2, 3.2380558491, 2.4200231743,
1707,3, 2.8299118185, 2.3558499813,
1707,4, 3.1451661015, 3.6948266315,
1708,0, 3.2179800320, 4.0922334290,
1708,1, 2.9645226288, 3.3570612621,
1708,2, 4.0732367229, 3.2008305073,
1708,3, 3.6421001387, 3.1324395847,
1708,4, 3.7773375130, 4.7970797634,
1709,0, 3.4093171644, 3.1083188009,
1709,1, 3.2598824549, 2.2778688049,
1709,2, 2.6341874313, 2.2540356302,
1709,3, 2.8288292313, 2.6266701412,
1709,4, 3.0820371914, 3.8361276913,
1710,0, 3.4304343081, 2.9458212948,
1710,1, 3.4397285843, 2.8069371891,
1710,2, 2.9899414301, 4.3487386227,
1710,3, 3.0914099407, 3.1936012936,
1710,4, 3.6541153145, 3.5543755531,
1711,0, 3.1472621059, 3.7369246101,
1711,1, 3.4092432022, 3.4394971943,
1711,2, 3.1494959831, 2.9168732882,
1711,3, 2.8510267305, 2.4887703085,
1711,4, 3.4487956953, 2.5854774332,
1712,0, 2.6747421694, 3.1308169699,
1712,1, 2.8217383051, 4.8204667187,
1712,2, 3.0207209635, 3.1973975039,
1712,3, 2.9773163843, 2.2967338181,
1712,4, 3.2416761303, 3.3750280666,
1713,0, 2.7670613623, 3.1717359638,
1713,1, 2.7967123795, 2.6970381546,
1713,2, 3.7317241859, 2.7828150988,
1713,3, 3.0581030321, 3.9911166811,
1713,4, 3.1191990185, 3.1713733482,
1714,0, 2.9273693085, 3.1852707767,
1714,1, 2.7165363455, 3.1222737598,
1714,2, 3.9245223188, 3.6753675270,
1714,3, 3.1142243671, 4.1650920820,
1714,4, 3.1386202955, 2.6183092642,
1715,0, 2.4906309319, 2.1541043615,
1715,1, 4.2753694153, 3.8430632830,
1715,2, 2.8420862246, 2.3969203234,
1715,3, 3.0917819595, 2.3088632774,
1715,4, 3.2429266834, 2.8821400690,
1716,0, 3.0847970009, 2.3885620260,
1716,1, 3.2822948837, 2.6492930555,
1716,2, 3.0696400023, 3.1064147902,
1716,3, 2.9476416826, 3.9928944588,
1716,4, 4.3283287096, 2.9781730938,
1717,0, 3.2985157585, 2.9792775059,
1717,1, 2.9832101345, 3.2141632366,
1717,2, 3.4298404503, 2.5072849131,
1717,3, 3.3315612507, 4.0703285694,
1717,4, 3.7975938225, 3.9964951849,
1718,0, 2.8875712776, 2.5360854101,
1718,1, 3.1629595518, 4.0260796928,
1718,2, 3.0222507811, 3.4246957874,
1718,3, 3.2239538479, 3.2897720432,
1718,4, 3.2018960905, 2.3417600632,
1719,0, 3.5655188942, 3.8980442715,
1719,1, 3.4041805363, 2.8158760166,
1719,2, 3.4536620283, 3.5928840160,
1719,3, 3.4873991156, 2.4743979502,
1719,4, 4.3945886755, 3.5376242733,
1720,0, 3.4813257027, 3.4972463989,
1720,1, 2.7247709608, 2.5726534271,
1720,2, 2.9214234352, 2.8922377062,
1720,3, 3.2088439798, 4.6693356609,
1720,4, 2.6623087645, 2.6929350233,
1721,0, 2.9496420431, 2.7637348700,
1721,1, 2.9974595404, 2.0172626853,
1721,2, 3.2183874512, 2.7216566229,
1721,3, 3.0198508120, 4.6637492180,
1721,4, 3.1493953943, 2.3049819040,
1722,0, 3.4426696444, 2.6491623211,
1722,1, 3.0541549349, 3.2135989761,
1722,2, 3.1309646749, 3.0070630646,
1722,3, 2.9541550541, 3.4016147900,
1722,4, 3.1614430952, 3.9624899626,
1723,0, 3.9089567089, 2.8609955120,
1723,1, 3.1724015236, 2.5086761713,
1723,2, 2.9075356960, 2.7988028049,
1723,3, 2.9566620970, 2.6561977482,
1723,4, 3.0490406036, 3.3327450275,
1724,0, 2.8774817085, 2.6303944159,
1724,1, 4.4631648684, 2.5657444859,
1724,2, 3.3880742550, 2.6539727306,
1724,3, 2.8631046867, 3.6808559728,
1724,4, 3.1675658560, 3.4122725058,
1725,0, 3.5132108784, 3.5120616817,
1725,1, 3.4311034536, 2.9246018171,
1725,2, 3.1378157234, 4.0904020882,
1725,3, 2.9620093060, 2.3643136501,
1725,4, 3.7121819925, 3.8284422636,
1726,0, 3.1980539036, 3.3017162943,
1726,1, 3.1266349030, 2.5846361446,
1726,2, 3.2599407053, 3.2883653069,
1726,3, 3.5088365746, 3.8076525450,
1726,4, 2.8815227890, 3.1821759319,
1727,0, 3.3096214962, 2.0891854525,
1727,1, 3.0347700977, 2.8538840437,
1727,2, 3.2148417044, 2.3023860598,
1727,3, 2.7164919615, 3.9820302963,
1727,4, 3.0696290922, 3.1189520502,
1728,0, 3.1500256395, 3.6302883959,
1728,1, 3.2048013496, 3.0206484556,
1728,2, 3.4414560747, 4.1955599976,
1728,3, 3.8363726234, 2.6879187346,
1728,4, 2.9288929415, 3.2791673660,
1729,0, 2.9908612680, 4.1966957378,
1729,1, 3.9232623959, 5.0714725208,
1729,2, 3.2111514187, 2.8972908545,
1729,3, 2.8294672489, 2.2841039467,
1729,4, 3.2278723288, 3.7509317350,
1730,0, 3.1313930511, 3.3929903603,
1730,1, 2.9870956802, 2.3289903164,
1730,2, 3.6436364937, 3.7358310032,
1730,3, 2.9723742247, 2.3862784529,
1730,4, 2.8292172003, 3.4585861969,
1731,0, 3.4688889313, 4.1486854982,
1731,1, 2.9219785976, 1.9529861450,
1731,2, 3.5673169422, 3.5150397491,
1731,3, 3.1637094688, 2.5609483576,
1731,4, 3.4101091528, 3.1584579515,
1732,0, 3.3344865894, 4.2414384270,
1732,1, 3.2458849907, 3.8034037352,
1732,2, 3.3666764879, 3.7423899555,
1732,3, 3.1120741177, 2.4933604431,
1732,4, 3.3389183378, 3.0118806505,
1733,0, 5.0756523466, 3.1556987333,
1733,1, 4.3329387426, 4.2861229420,
1733,2, 2.8562505341, 3.0874810123,
1733,3, 3.2993299294, 3.7272649527,
1733,4, 3.2861095524, 2.1986055422,
1734,0, 2.6846792793, 2.4278018570,
1734,1, 2.9148362637, 3.9928363323,
1734,2, 2.9422206354, 3.1645951748,
1734,3, 2.7716889191, 3.7651878643,
1734,4, 3.0274504995, 2.5234790182,
1735,0, 2.7779879332, 2.2241280413,
1735,1, 3.4845660257, 3.8129975939,
1735,2, 3.2910575676, 2.6074357414,
1735,3, 3.3666450310, 3.2990457249,
1735,4, 3.3182187986, 3.1443184566,
1736,0, 3.1148103046, 3.7456050825,
1736,1, 3.4403440332, 2.9419695234,
1736,2, 2.9018178511, 2.4645785475,
1736,3, 4.1246890402, 3.5691067219,
1736,4, 3.0229671669, 2.3858173275,
1737,0, 3.0086252069, 2.3479786444,
1737,1, 3.2635181665, 2.4959244776,
1737,2, 3.0836093950, 3.4778617430,
1737,3, 3.0412700272, 3.1782050800,
1737,4, 3.3781577539, 4.1311344528,
1738,0, 3.2971404791, 4.0434529305,
1738,1, 3.0781168842, 2.4977808332,
1738,2, 2.9385645103, 1.9544139051,
1738,3, 3.1053954697, 2.9732430935,
1738,4, 2.8755256462, 4.7305684662,
1739,0, 3.1571618128, 2.8907162046,
1739,1, 3.0995747900, 3.8353036880,
1739,2, 3.4807713842, 2.4070427370,
1739,3, 3.3727863455, 3.9356710339,
1739,4, 4.1708239269, 3.8289338112,
1740,0, 3.5538777161, 4.1091129017,
1740,1, 2.9908358765, 4.2934419775,
1740,2, 2.7967364550, 2.6110475254,
1740,3, 3.5859890747, 5.3804180145,
1740,4, 3.0297844505, 2.6688625717,
1741,0, 3.5598400259, 3.2182174730,
1741,1, 2.8776642179, 4.5326667690,
1741,2, 3.3856607056, 1.9794609356,
1741,3, 3.5179815578, 2.9837897968,
1741,4, 3.3383740616, 4.0864582443,
1742,0, 4.0598269463, 3.5085790253,
1742,1, 4.9011234474, 2.6876704073,
1742,2, 3.2551624060, 3.3177684879,
1742,3, 2.9305828571, 3.6778416824,
1742,4, 3.0974112606, 2.7361164570,
1743,0, 3.0303759289, 2.5683841562,
1743,1, 3.2733740997, 2.5211205101,
1743,2, 2.9337696028, 2.5800239086,
1743,3, 3.1109407473, 3.6123698092,
1743,4, 3.0374982834, 2.9351444721,
1744,0, 3.2252338362, 3.5392052794,
1744,1, 3.6020943308, 3.9809385395,
1744,2, 3.3417642498, 2.9982524729,
1744,3, 2.7844288015, 3.0978961611,
1744,4, 2.9502308321, 3.1227823400,
1745,0, 3.0183353853, 2.7303957224,
1745,1, 2.7662499237, 2.6566295671,
1745,2, 3.1879508877, 4.8188474941,
1745,3, 3.1470561361, 4.2193560314,
1745,4, 4.2140138245, 2.5400796223,
1746,0, 3.2252271795, 2.9530727863,
1746,1, 3.0503977060, 4.3855743170,
1746,2, 2.9816166925, 3.2973423910,
1746,3, 3.0686734772, 3.1657008743,
1746,4, 3.5363220119, 2.7797893667,
1747,0, 3.4317320681, 3.0895082188,
1747,1, 3.8655019522, 2.9786436462,
1747,2, 3.2713524771, 3.0090176392,
1747,3, 2.8294807291, 3.7314840937,
1747,4, 2.5785179424, 2.8251470661,
1748,0, 2.9476145887, 3.3788134384,
1748,1, 3.4849879026, 4.5655592823,
1748,2, 3.3074726534, 2.9864741039,
1748,3, 3.5823216295, 3.5478351116,
1748,4, 2.9931195021, 2.1607240677,
1749,0, 3.0563747931, 2.8160021591,
1749,1, 3.3726929665, 3.9057917690,
1749,2, 3.1547049713, 3.0289929533,
1749,3, 3.3417570353, 2.8172084332,
1749,4, 3.2295575476, 4.5250715542,
1750,0, 2.9512720013, 3.0768871021,
1750,1, 3.2437757444, 3.1940209866,
1750,2, 3.1221847534, 2.8592080927,
1750,3, 3.0628217697, 3.1564057302,
1750,4, 3.2120734501, 3.7137901640,
1751,0, 2.9181939888, 2.3901757526,
1751,1, 2.3864959812, 3.0183765030,
1751,2, 3.2298510218, 4.3753512859,
1751,3, 3.6959652328, 3.2253412008,
1751,4, 3.2013572311, 1.9149513626,
1752,0, 3.1446003532, 2.4374464035,
1752,1, 3.2337182570, 2.8349562168,
1752,2, 3.8865725374, 3.7673986959,
1752,3, 3.2904969835, 2.8024389696,
1752,4, 2.9564525032, 3.0969375038,
1753,0, 3.4943647909, 3.3044193077,
1753,1, 2.8101279688, 3.3897255492,
1753,2, 3.2290248299, 2.5361416006,
1753,3, 3.0864037085, 3.0473360538,
1753,4, 3.0335637331, 3.2254087257,
1754,0, 3.3666772032, 3.0468412352,
1754,1, 3.5606193161, 3.5054174614,
1754,2, 3.0764028740, 3.7037611914,
1754,3, 3.3979313469, 3.5417754555,
1754,4, 2.9953467035, 2.5467241001,
1755,0, 2.9799624443, 2.5153819323,
1755,1, 2.8517570686, 2.5969324493,
1755,2, 3.0825338793, 4.5332002258,
1755,3, 2.7958672333, 2.3797256565,
1755,4, 3.4873986721, 3.5388543510,
1756,0, 2.8856880379, 2.3716101551,
1756,1, 3.4970211124, 2.4808812046,
1756,2, 3.3127138329, 2.9901353025,
1756,3, 4.6401505804, 5.9042034054,
1756,4, 3.1826873112, 3.2166173649,
1757,0, 2.9626119089, 2.4473710632,
1757,1, 2.6337024069, 2.8181899023,
1757,2, 3.4906214237, 4.8741617393,
1757,3, 3.0598928928, 2.2336620283,
1757,4, 3.1716147184, 3.3685001659,
1758,0, 4.0142180014, 3.4180884647,
1758,1, 3.8843457365, 3.2202074242,
1758,2, 3.8272906923, 3.6726899385,
1758,3, 2.8920430470, 2.0238699484,
1758,4, 3.2665848970, 2.7079549789,
1759,0, 3.0926560450, 2.6152464724,
1759,1, 2.9060728645, 3.2609566832,
1759,2, 3.2376674175, 3.1002641249,
1759,3, 3.3763668966, 3.3223660040,
1759,4, 3.3781762362, 2.3382618666,
1760,0, 2.8248521376, 4.0020566559,
1760,1, 3.6384420300, 2.9384415913,
1760,2, 3.0565039063, 4.0264655876,
1760,3, 2.7968234396, 2.7956164217,
1760,4, 3.0798385048, 2.9497999525,
1761,0, 3.5211121464, 3.6542126083,
1761,1, 3.1260109186, 2.6511471319,
1761,2, 3.0524571276, 2.6967662907,
1761,3, 3.2436030388, 2.5706820345,
1761,4, 3.4825190926, 2.9963225079,
1762,0, 2.9440318918, 3.0394044781,
1762,1, 2.9536909676, 2.5074734545,
1762,2, 3.1058797836, 3.5114289665,
1762,3, 3.5222262096, 3.0904978752,
1762,4, 3.4613432693, 3.6529215527,
1763,0, 3.7527560186, 3.4687752438,
1763,1, 3.3137932539, 3.4300789738,
1763,2, 3.1724394464, 3.1957358885,
1763,3, 3.2354928303, 3.4807828140,
1763,4, 3.6247897053, 3.5515116072,
1764,0, 3.1190008974, 2.2532219601,
1764,1, 2.7447156763, 2.2580558777,
1764,2, 3.3745386219, 2.7068103504,
1764,3, 2.7701645660, 3.3048131895,
1764,4, 3.3631568098, 2.5521716595,
1765,0, 3.0836014318, 2.6050499535,
1765,1, 2.8266597128, 2.7537986469,
1765,2, 2.8962036180, 3.2966045809,
1765,3, 3.2126901770, 3.5435296869,
1765,4, 2.9800691652, 3.1133276653,
1766,0, 2.8772362328, 3.2148643923,
1766,1, 3.1601016808, 2.9446262312,
1766,2, 2.9627323341, 2.6813437939,
1766,3, 2.8116541672, 2.1895484495,
1766,4, 2.6960818100, 3.3484064198,
1767,0, 3.3907507324, 3.0562104273,
1767,1, 2.7345412111, 2.7675401115,
1767,2, 3.1186471272, 2.9990367031,
1767,3, 2.9685256958, 3.6647129059,
1767,4, 2.9373672915, 3.0258094788,
1768,0, 4.1680810595, 4.5558369446,
1768,1, 5.5033344746, 4.5159799767,
1768,2, 3.0352403164, 3.0594525671,
1768,3, 3.0959062958, 2.9038099241,
1768,4, 4.0523475409, 3.5042682838,
1769,0, 2.9451381254, 3.3093927526,
1769,1, 2.6223107290, 2.6671436024,
1769,2, 3.6214719343, 4.3003550816,
1769,3, 3.5279040241, 3.2193105698,
1769,4, 2.8974978352, 2.5335044670,
1770,0, 2.6513824606, 2.9544267941,
1770,1, 3.2974975729, 2.6543883133,
1770,2, 3.1269829464, 4.2293090010,
1770,3, 2.7573979807, 3.2886800861,
1770,4, 2.8360122204, 2.3992900229,
1771,0, 3.3382194233, 3.5681073713,
1771,1, 2.7785544395, 3.0835648155,
1771,2, 2.7563695812, 2.1970270491,
1771,3, 2.9439088726, 2.8868399620,
1771,4, 2.9220598078, 4.3423394060,
1772,0, 3.7133742714, 3.1983391476,
1772,1, 3.0662508059, 3.0264261293,
1772,2, 2.9587384605, 2.4026793385,
1772,3, 3.4708030748, 4.1093854380,
1772,4, 3.3387187672, 3.2247792912,
1773,0, 3.0920726728, 4.0964348364,
1773,1, 3.3902306509, 2.8289370012,
1773,2, 3.0996788788, 3.0938658619,
1773,3, 3.4023164988, 2.6215424967,
1773,4, 3.0851684237, 3.0177195454,
1774,0, 2.8913637018, 4.1080888891,
1774,1, 3.1997268343, 2.8500933075,
1774,2, 2.8184152699, 2.1518895197,
1774,3, 2.8398924875, 2.1372153568,
1774,4, 3.3234370279, 3.6506260014,
1775,0, 3.3843320131, 4.0042226982,
1775,1, 2.9659607840, 2.6167306376,
1775,2, 3.1745426655, 3.7898634481,
1775,3, 2.9664344120, 2.4238935232,
1775,4, 3.5241990757, 3.3794803524,
1776,0, 2.8792969513, 3.5827344227,
1776,1, 3.1495654249, 3.7371699047,
1776,2, 3.2057075739, 2.8111438179,
1776,3, 3.0007656097, 2.2504689026,
1776,4, 3.0806480360, 2.4345600319,
1777,0, 4.2192911673, 4.5334591198,
1777,1, 3.1534491873, 3.4656891632,
1777,2, 2.8261657333, 3.3806209183,
1777,3, 2.9587063694, 2.8103851366,
1777,4, 2.9191280222, 2.5898569822,
1778,0, 3.8796746397, 2.6100334692,
1778,1, 2.7340275717, 3.0835009480,
1778,2, 2.7729211378, 2.7163280296,
1778,3, 3.2851028490, 2.9485440922,
1778,4, 3.1352922487, 3.6946937513,
1779,0, 3.7241124344, 3.0207742977,
1779,1, 3.0805161047, 3.2145715618,
1779,2, 3.3156558418, 2.7641566277,
1779,3, 2.9515420294, 2.9256864214,
1779,4, 3.6941530704, 4.6405010319,
1780,0, 4.4708628416, 3.7953725147,
1780,1, 3.6437079573, 2.4601621723,
1780,2, 2.7188117647, 3.0214238358,
1780,3, 3.6219792557, 4.4361214781,
1780,4, 2.7058125448, 3.0427538490,
1781,0, 2.8476768112, 2.4965504789,
1781,1, 3.4992233706, 3.4261102200,
1781,2, 3.8771679497, 4.2322026110,
1781,3, 3.1722926235, 2.6391501427,
1781,4, 3.2875161028, 3.2701924658,
1782,0, 2.6667424011, 2.5429579687,
1782,1, 2.9794528866, 2.3569433165,
1782,2, 2.9312944174, 4.2915346956,
1782,3, 4.0798119640, 1.9909350252,
1782,4, 2.9561003113, 2.7856148338,
1783,0, 3.0072610569, 2.8907287407,
1783,1, 3.2019735336, 2.8845099401,
1783,2, 3.5923238659, 3.3665924597,
1783,3, 2.4983799410, 3.9746205711,
1783,4, 3.4221191597, 2.4266770887,
1784,0, 2.7366266727, 2.8178135204,
1784,1, 3.1756005812, 2.7438845539,
1784,2, 3.7014403296, 2.0693000078,
1784,3, 3.0489629841, 2.7133099937,
1784,4, 4.2404642200, 3.7861848354,
1785,0, 3.2636055470, 2.7589722157,
1785,1, 3.1975981522, 2.2220943975,
1785,2, 2.8618129063, 3.1003717613,
1785,3, 2.9341381454, 3.2216763639,
1785,4, 2.6441276550, 3.6261815071,
1786,0, 3.2132381201, 3.6082873058,
1786,1, 3.2829404259, 2.8361612606,
1786,2, 3.7083751059, 4.7256258106,
1786,3, 3.1667712069, 4.1439760160,
1786,4, 3.6929667187, 4.9747109890,
1787,0, 3.1182693672, 2.7794652653,
1787,1, 3.5835826492, 2.5158244848,
1787,2, 3.2014994812, 2.6568626404,
1787,3, 3.1847477245, 3.3176352119,
1787,4, 3.0002958107, 4.0215806580,
1788,0, 2.7537902451, 3.6802391911,
1788,1, 3.6173851299, 4.2730494976,
1788,2, 2.7899343014, 2.6049726248,
1788,3, 2.9457207966, 2.9166697121,
1788,4, 3.1919896889, 4.4056902504,
1789,0, 3.0640522432, 2.4094805861,
1789,1, 3.5189714909, 3.0477826405,
1789,2, 3.0212375116, 3.0554393816,
1789,3, 3.2046922541, 2.8159331465,
1789,4, 3.2273365831, 4.1490344667,
1790,0, 3.1096825743, 2.4910074711,
1790,1, 3.6672997332, 2.8155079222,
1790,2, 3.1960557890, 2.6857687759,
1790,3, 2.9137463379, 2.4866584444,
1790,4, 3.0594771624, 4.0452485085,
1791,0, 3.0293314600, 2.5579197693,
1791,1, 2.5493469429, 3.8724453402,
1791,2, 3.3570695210, 2.5048876238,
1791,3, 3.0275565052, 3.0098573303,
1791,4, 2.7581121492, 3.2644066048,
1792,0, 3.5015110445, 3.4511161613,
1792,1, 3.4102507162, 3.3536867857,
1792,2, 2.7180018330, 2.4342806911,
1792,3, 2.8568176651, 3.3049087143,
1792,4, 5.1350426674, 5.2654354191,
1793,0, 3.2746552086, 2.6841642141,
1793,1, 3.6541616869, 2.5521495533,
1793,2, 3.0201185465, 3.2215567923,
1793,3, 3.4489026022, 3.5654310942,
1793,4, 4.8099433756, 3.1292081642,
1794,0, 3.0669551706, 5.2515594387,
1794,1, 3.0403635740, 3.8151965427,
1794,2, 4.3958167028, 4.6147234249,
1794,3, 3.6782467270, 2.8189221382,
1794,4, 3.4563607454, 3.2057986021,
1795,0, 2.8704699564, 3.2291185021,
1795,1, 3.6560419035, 2.9870344877,
1795,2, 3.1030175924, 2.4978367472,
1795,3, 3.4245719385, 3.4298273087,
1795,4, 2.9656701422, 2.0836556768,
1796,0, 3.1424160528, 4.7818444777,
1796,1, 2.6386845541, 3.7231646538,
1796,2, 4.3760882187, 2.2611827135,
1796,3, 2.6664653492, 2.5061472654,
1796,4, 3.3449212456, 2.9954767466,
1797,0, 3.4015492678, 2.6695504618,
1797,1, 3.7465309381, 2.9129698658,
1797,2, 3.1883816767, 2.5037495804,
1797,3, 2.7159801435, 4.0583461761,
1797,4, 3.2999212313, 2.4398228025,
1798,0, 3.6240134907, 4.4032167864,
1798,1, 3.1376919556, 3.0676303673,
1798,2, 3.3611549711, 3.7718622494,
1798,3, 4.0673367739, 4.4443103695,
1798,4, 2.9916570854, 2.2641339540,
1799,0, 2.7528161860, 2.7154255533,
1799,1, 2.9727293491, 2.5381470346,
1799,2, 2.8181586266, 3.6534697866,
1799,3, 3.2239647675, 3.0831148863,
1799,4, 2.6525411034, 2.2168598652,
1800,0, 3.0564034653, 4.2961017323,
1800,1, 3.5584086466, 2.3902027893,
1800,2, 3.5966119146, 2.7660296965,
1800,3, 3.0497360373, 3.5313488102,
1800,4, 3.7593309021, 3.2180981970,
1801,0, 3.4416375256, 4.1150228119,
1801,1, 3.1100632763, 2.3758961153,
1801,2, 3.0741970825, 3.0704368210,
1801,3, 2.9898844576, 2.8062979412,
1801,4, 3.1879157543, 3.9247069359,
1802,0, 2.7506052494, 2.8017363071,
1802,1, 3.8744966030, 2.8764383173,
1802,2, 2.9841970158, 2.6153484869,
1802,3, 3.6505488586, 4.3403442574,
1802,4, 3.2114694071, 3.6958391857,
1803,0, 3.1042484522, 2.4608316040,
1803,1, 3.2182359743, 2.7480195618,
1803,2, 3.0541849327, 4.2831710196,
1803,3, 3.1262467194, 4.0817970181,
1803,4, 3.1067678976, 3.0542658138,
1804,0, 3.5287344551, 2.7211488199,
1804,1, 5.1924759626, 2.5013396883,
1804,2, 3.8454183006, 3.8213923740,
1804,3, 3.1127474833, 2.9047034264,
1804,4, 3.3398108721, 3.9813680983,
1805,0, 3.2450327873, 3.7293608093,
1805,1, 4.1018195438, 3.8441477776,
1805,2, 3.3697162056, 2.9098083401,
1805,3, 5.6659209061, 4.0420851564,
1805,4, 3.3675545979, 2.8126855898,
1806,0, 3.1314964628, 3.3270989609,
1806,1, 2.9762275124, 3.3369266462,
1806,2, 3.4370434999, 2.3901201916,
1806,3, 3.3867951632, 2.7982683468,
1806,4, 3.1389574146, 3.4917549706,
1807,0, 3.2044341421, 3.5743378687,
1807,1, 3.2234999990, 2.8750119686,
1807,2, 3.0864241695, 2.6815589046,
1807,3, 2.9759793377, 3.1897619152,
1807,4, 3.4706830406, 2.4744152164,
1808,0, 3.1758036709, 2.6690040636,
1808,1, 3.8230232096, 4.4276873970,
1808,2, 3.2596312189, 2.8976121664,
1808,3, 3.0143188477, 2.3347346115,
1808,4, 2.8994310665, 3.8580508184,
1809,0, 3.6769639635, 3.2193228436,
1809,1, 2.6289703083, 2.6621303606,
1809,2, 2.9907952023, 4.5914941788,
1809,3, 3.2227629328, 2.8245297194,
1809,4, 3.3646324635, 3.0860564756,
1810,0, 2.8107223129, 2.0146457338,
1810,1, 3.9185200453, 2.8955068970,
1810,2, 3.1589996052, 4.1738008499,
1810,3, 4.0924439335, 3.4925567436,
1810,4, 3.1350594950, 2.7239083767,
1811,0, 2.8079918623, 3.0016201687,
1811,1, 3.0671681499, 2.2375664997,
1811,2, 2.6445013094, 3.5002703524,
1811,3, 4.0086696625, 2.3090260887,
1811,4, 3.5157135582, 3.5769418716,
1812,0, 3.1529847717, 2.9604816818,
1812,1, 3.3286729574, 2.7469575214,
1812,2, 3.2391970730, 4.1563069296,
1812,3, 3.7242812204, 2.7942305136,
1812,4, 3.0286783123, 2.7374118948,
1813,0, 3.1333682299, 2.1523457193,
1813,1, 3.4398118401, 4.4106181717,
1813,2, 3.3981275129, 4.8044005871,
1813,3, 3.2936175203, 3.7694449234,
1813,4, 3.2042784452, 2.9690021944,
1814,0, 3.1443073940, 2.7087449884,
1814,1, 3.0671391964, 2.5901209879,
1814,2, 2.8326476145, 2.7611719322,
1814,3, 2.6228960800, 2.8000403690,
1814,4, 3.5845839548, 4.3795604229,
1815,0, 3.1425179338, 3.1420141554,
1815,1, 2.9012808180, 3.8271817446,
1815,2, 2.7658882570, 2.1332360983,
1815,3, 4.7971206331, 3.2479873610,
1815,4, 2.8733737993, 2.2880332708,
1816,0, 3.4777130222, 3.2136349487,
1816,1, 2.6741086149, 2.8986057520,
1816,2, 3.4374391174, 3.7754337120,
1816,3, 2.7005953789, 2.3386178446,
1816,4, 3.2972975826, 4.1017117691,
1817,0, 3.1736407232, 2.6410887623,
1817,1, 5.1218057537, 2.1832344961,
1817,2, 2.7370035791, 3.2213560486,
1817,3, 3.2345699644, 2.6364884090,
1817,4, 3.5745482445, 3.7108970785,
1818,0, 3.1744108295, 4.5432106400,
1818,1, 2.8288005972, 2.9413631058,
1818,2, 3.4804569960, 2.7586569691,
1818,3, 3.0221311235, 3.9137678385,
1818,4, 2.9037107944, 3.5092474079,
1819,0, 3.9123927164, 3.3595137119,
1819,1, 3.0092946100, 2.0743017769,
1819,2, 3.4505965805, 2.9875060606,
1819,3, 2.9384707117, 3.6962314320,
1819,4, 3.1973482656, 3.6850760603,
1820,0, 3.0757517004, 2.6478668356,
1820,1, 2.7620233727, 3.7519413805,
1820,2, 3.4441001272, 2.7702485514,
1820,3, 3.3962818432, 2.3741580153,
1820,4, 3.2030706072, 3.0027173996,
1821,0, 3.4398261642, 4.3578583717,
1821,1, 3.1968547487, 3.0783769417,
1821,2, 4.2499776316, 3.9598490620,
1821,3, 3.3343747711, 3.0607634354,
1821,4, 2.9183282471, 2.9709374523,
1822,0, 3.0638291597, 2.6108970547,
1822,1, 2.8150082397, 2.1961345339,
1822,2, 2.8666121387, 1.7059364176,
1822,3, 5.6976681519, 6.6359006023,
1822,4, 3.2666808176, 3.0258584404,
1823,0, 3.2200975513, 4.0415970993,
1823,1, 3.7283498573, 3.4735599613,
1823,2, 3.3372826815, 2.1359744644,
1823,3, 3.1079601145, 3.7240110874,
1823,4, 3.0222908497, 2.7483384275,
1824,0, 3.0596012354, 3.0194418573,
1824,1, 2.5564300156, 1.9475194407,
1824,2, 3.4312675381, 4.7079971027,
1824,3, 3.6065602064, 3.4254402924,
1824,4, 3.3426464796, 2.3886968470,
1825,0, 4.0722129917, 4.5691843605,
1825,1, 3.4558650589, 2.9598279667,
1825,2, 2.9681997585, 2.3298739910,
1825,3, 3.6865906239, 4.6765219355,
1825,4, 3.3091840506, 2.9827404594,
1826,0, 3.3379300594, 3.1184057474,
1826,1, 2.6651877785, 2.7794578743,
1826,2, 2.6957782412, 3.0094085121,
1826,3, 3.4306859064, 4.0327221584,
1826,4, 3.3707809687, 2.3803968954,
1827,0, 2.8881373024, 2.7806762123,
1827,1, 3.6881806231, 3.9780321121,
1827,2, 3.2480693960, 2.5233805513,
1827,3, 2.7675478888, 4.0069996786,
1827,4, 2.5236626530, 2.4159223032,
1828,0, 3.5220345449, 3.7117510748,
1828,1, 3.2581437969, 2.2792676067,
1828,2, 3.4445143366, 3.7604838133,
1828,3, 3.0231462717, 4.1828506231,
1828,4, 3.3584566927, 3.2931184721,
1829,0, 3.2534042168, 3.8531343699,
1829,1, 3.9750177813, 3.0455479670,
1829,2, 3.8296408367, 4.7065913105,
1829,3, 3.1371139860, 2.8768537045,
1829,4, 3.0574842644, 3.3104271507,
1830,0, 3.1840147829, 2.8671334457,
1830,1, 2.8517894363, 3.8792305088,
1830,2, 3.4611773443, 2.8435510540,
1830,3, 2.9073850298, 3.5331471443,
1830,4, 3.2131267881, 2.7558913851,
1831,0, 3.3636551142, 2.7790574408,
1831,1, 2.9843870306, 2.0342313194,
1831,2, 2.9107254839, 2.9022477388,
1831,3, 2.8569916630, 3.8913262987,
1831,4, 3.3154480219, 2.2766940308,
1832,0, 3.2086938715, 2.3825512505,
1832,1, 3.4780492258, 2.7247813797,
1832,2, 3.3656951809, 3.0587769651,
1832,3, 3.1796963739, 4.2338945341,
1832,4, 3.4594812155, 3.2606539345,
1833,0, 3.5014057779, 3.1307026482,
1833,1, 3.2326917648, 5.1937641621,
1833,2, 2.9412069654, 2.7996511316,
1833,3, 2.9591897297, 2.9193874598,
1833,4, 3.1231185150, 2.3231409216,
1834,0, 3.4502270031, 2.9919023943,
1834,1, 2.8729090452, 2.3222880030,
1834,2, 3.5941441584, 3.3536091900,
1834,3, 3.2777213669, 4.2413464069,
1834,4, 3.4037896061, 2.4280187225,
1835,0, 3.0837823105, 3.1096956348,
1835,1, 3.1136559200, 3.6602314949,
1835,2, 4.2608362246, 3.3141245031,
1835,3, 3.1029611158, 3.0020576000,
1835,4, 3.4239711285, 2.7288120937,
1836,0, 3.1770754671, 2.5351110029,
1836,1, 2.8870595837, 2.6453774452,
1836,2, 3.1213614464, 4.1656437492,
1836,3, 3.0144739103, 2.7641807270,
1836,4, 5.3778928947, 3.2844467449,
1837,0, 3.2723656988, 4.0420411301,
1837,1, 2.8454285908, 2.7457943487,
1837,2, 3.6381991720, 2.3975413084,
1837,3, 2.9309066105, 3.6932036209,
1837,4, 3.5902482462, 2.6667498016,
1838,0, 2.7175856447, 2.7671309996,
1838,1, 3.8432283688, 2.7766621256,
1838,2, 3.4346617031, 2.8930207539,
1838,3, 3.0973817158, 4.1651938534,
1838,4, 3.5992410994, 2.2567065287,
1839,0, 3.3384172773, 3.5138039207,
1839,1, 3.1002760410, 3.6767890167,
1839,2, 3.0363750219, 2.6088028669,
1839,3, 3.0425281858, 3.0019815779,
1839,4, 2.9894861078, 2.2777935028,
1840,0, 3.2453917933, 3.2889819241,
1840,1, 3.3056472778, 2.9074862480,
1840,2, 2.5964807129, 3.8725691128,
1840,3, 3.8448576880, 3.7308251858,
1840,4, 3.6160971832, 2.9590722752,
1841,0, 2.7548906994, 2.3803468323,
1841,1, 3.7702944708, 2.8779788494,
1841,2, 3.1228496361, 4.0942755556,
1841,3, 3.2300931931, 2.6267798853,
1841,4, 2.8869560671, 2.4863843060,
1842,0, 3.1704020548, 2.2407537222,
1842,1, 3.2260472727, 3.7961150932,
1842,2, 3.9754884529, 2.9097853327,
1842,3, 3.7734442949, 3.1820070171,
1842,4, 2.7529682350, 3.0944954824,
1843,0, 4.4617313290, 2.5994286823,
1843,1, 2.8840816355, 2.2885514450,
1843,2, 2.4943477917, 2.3317936754,
1843,3, 2.9884670734, 3.5160750055,
1843,4, 3.8127370930, 2.4594236135,
1844,0, 2.8255096960, 1.9238746929,
1844,1, 3.1675271749, 3.4779835987,
1844,2, 4.4839714956, 2.7571742630,
1844,3, 2.6634116840, 2.1753378487,
1844,4, 3.0474125338, 2.8865003109,
1845,0, 2.8811719894, 2.3329740667,
1845,1, 3.4058971691, 4.2217605162,
1845,2, 3.8491567898, 3.3401942921,
1845,3, 3.8020391893, 4.0076291943,
1845,4, 3.8712758017, 2.4388004112,
1846,0, 3.0259616947, 2.3877020121,
1846,1, 2.9833294058, 2.2841707850,
1846,2, 3.0600453377, 4.0460334921,
1846,3, 3.2551462412, 3.8287988091,
1846,4, 2.6357640362, 3.5420608425,
1847,0, 3.7964384890, 2.8839668989,
1847,1, 3.8600267982, 3.9087965822,
1847,2, 2.9185173416, 2.6136086941,
1847,3, 4.3697632980, 3.8437884951,
1847,4, 3.5161450768, 2.9808271217,
1848,0, 3.1109948349, 2.6989749098,
1848,1, 3.2644467783, 3.5855150604,
1848,2, 3.0089278364, 2.8120902109,
1848,3, 7.2557968140, 4.7060580540,
1848,4, 3.4633360434, 4.0500143147,
1849,0, 3.9991159678, 3.3049078274,
1849,1, 2.6110882187, 2.2889071894,
1849,2, 3.4375507593, 3.9446417713,
1849,3, 3.4066531324, 2.2446941566,
1849,4, 3.1438060379, 2.8919144154,
1850,0, 3.3499114799, 2.6160740805,
1850,1, 3.0421753263, 2.8620956802,
1850,2, 5.3676148176, 4.1270502663,
1850,3, 3.6173174191, 3.5952798367,
1850,4, 3.0031741190, 2.8784098434,
1851,0, 2.7997979689, 4.3845101500,
1851,1, 3.3399837732, 2.9324043798,
1851,2, 2.7072004843, 2.4793377304,
1851,3, 3.4541578293, 3.0645993996,
1851,4, 2.8666170502, 2.3177162743,
1852,0, 6.0579091835, 4.0103872919,
1852,1, 3.0542086458, 2.9810177326,
1852,2, 3.2532829237, 2.9014759111,
1852,3, 3.2685317898, 4.6787264252,
1852,4, 2.6295652342, 3.4538081360,
1853,0, 3.1403442526, 2.4734406424,
1853,1, 3.4104458570, 2.6174501991,
1853,2, 3.1028275681, 2.7298750544,
1853,3, 2.9041701031, 4.3340382814,
1853,4, 3.1906559849, 2.3381675005,
1854,0, 2.9012934160, 2.0607124424,
1854,1, 3.3484824657, 4.4772403479,
1854,2, 2.7662715435, 2.8380195379,
1854,3, 3.2144421673, 2.3735807467,
1854,4, 3.1758544588, 3.5069653130,
1855,0, 3.0521644974, 3.3078601456,
1855,1, 2.8646982002, 2.8718589497,
1855,2, 3.1512682343, 4.0733807611,
1855,3, 3.0223542738, 2.4636020088,
1855,4, 3.0627117682, 2.9082583284,
1856,0, 2.8969835329, 5.3734309006,
1856,1, 3.1164984655, 2.5192043686,
1856,2, 3.7430528402, 4.4158264208,
1856,3, 3.3295973158, 2.7429960775,
1856,4, 3.1101230621, 3.0182940006,
1857,0, 3.2500214672, 3.1197168922,
1857,1, 3.0365383577, 3.3927640009,
1857,2, 2.7899210453, 2.5279621220,
1857,3, 3.3732383490, 2.2404860020,
1857,4, 3.5244577694, 4.1324972248,
1858,0, 3.2585501671, 2.0119462109,
1858,1, 3.2728866911, 3.9965583897,
1858,2, 3.4368143177, 2.6498723125,
1858,3, 3.1352559042, 2.8089727592,
1858,4, 3.0280357885, 3.4250574303,
1859,0, 3.3609092283, 3.2115775347,
1859,1, 2.7461376238, 3.0363435602,
1859,2, 3.6372985506, 2.8016596651,
1859,3, 2.8004931593, 3.9608514357,
1859,4, 3.3468761778, 3.6790687180,
1860,0, 3.0258173847, 2.4034018612,
1860,1, 3.7026721811, 2.6207327986,
1860,2, 3.0236300135, 2.4260797215,
1860,3, 3.0742806768, 2.6858858442,
1860,4, 3.7953189325, 4.3277588415,
1861,0, 4.3275972080, 4.2606626511,
1861,1, 3.9514480782, 3.5305900192,
1861,2, 2.8434971571, 2.9783889580,
1861,3, 3.2503917265, 2.9392425156,
1861,4, 2.6238422871, 2.5574702692,
1862,0, 3.4124212694, 2.9311973810,
1862,1, 3.4013946486, 2.3074131155,
1862,2, 4.9442307711, 5.5177651596,
1862,3, 2.9962322187, 2.5249400473,
1862,4, 2.6628259563, 1.9346468401,
1863,0, 4.0533019161, 2.7652316332,
1863,1, 2.7053874922, 2.5731971693,
1863,2, 3.0612681580, 4.5516254759,
1863,3, 3.5283433008, 2.9679361963,
1863,4, 3.0944086885, 3.0165364933,
1864,0, 3.3569803762, 3.0597109747,
1864,1, 2.9509582424, 3.2758633804,
1864,2, 3.3125745249, 2.2327909851,
1864,3, 3.6166497183, 4.0819750452,
1864,4, 3.1704340935, 3.2150953102,
1865,0, 3.9212714672, 5.6343069649,
1865,1, 3.2314412117, 3.1553413820,
1865,2, 2.6162431645, 3.3188141251,
1865,3, 3.7160396862, 5.1118079185,
1865,4, 3.0313216019, 2.9812104750,
1866,0, 3.2764679670, 2.2876907110,
1866,1, 3.1580471039, 3.1584941673,
1866,2, 3.2930259037, 2.9362414551,
1866,3, 2.9728600645, 4.8532446384,
1866,4, 2.8945848894, 2.4199074221,
1867,0, 3.3140313101, 3.0238822699,
1867,1, 3.1748410892, 2.2223775673,
1867,2, 3.3374752140, 3.5329837799,
1867,3, 4.8435437870, 4.2903591299,
1867,4, 3.0897018814, 3.8111230087,
1868,0, 2.9470844173, 2.5398759794,
1868,1, 3.0550177574, 2.7610697889,
1868,2, 2.8975413609, 3.1245038414,
1868,3, 3.0906015062, 3.6678941011,
1868,4, 3.2171038580, 2.6508450556,
1869,0, 2.6516145897, 3.2627072811,
1869,1, 2.6254594088, 3.6131786489,
1869,2, 3.3325472736, 2.4479040956,
1869,3, 3.3480551291, 2.6750159073,
1869,4, 2.4919565582, 1.9181471252,
1870,0, 2.9185978460, 3.8947397757,
1870,1, 3.0796405315, 3.2702312946,
1870,2, 3.2096818590, 3.0744696903,
1870,3, 2.8767890167, 2.1677186346,
1870,4, 2.7007928085, 2.4667081022,
1871,0, 3.4510240555, 2.5406655693,
1871,1, 3.3148799181, 2.7972382927,
1871,2, 2.9206821489, 2.9567751455,
1871,3, 3.2672991514, 2.5230766916,
1871,4, 2.8133513832, 3.4485584021,
1872,0, 3.5955662966, 2.0563654613,
1872,1, 5.9707683372, 3.3884026289,
1872,2, 2.9700907803, 3.6388492727,
1872,3, 2.6656307316, 2.4984487104,
1872,4, 3.6036312532, 3.8694518089,
1873,0, 3.8160036707, 3.9697165585,
1873,1, 3.8143012714, 4.9471699715,
1873,2, 3.2752249289, 4.2629577351,
1873,3, 3.4453977394, 2.9864105034,
1873,4, 3.1348010397, 2.2081272316,
1874,0, 3.0380317497, 2.6396759176,
1874,1, 3.4696899939, 2.3211884832,
1874,2, 2.7562925434, 4.2153733921,
1874,3, 3.1419219589, 3.6328610802,
1874,4, 3.3263285208, 2.6903433943,
1875,0, 3.4775097847, 4.7488158655,
1875,1, 3.0823206282, 2.8342935467,
1875,2, 2.9594210958, 2.7537790108,
1875,3, 3.2990088272, 2.7600725985,
1875,4, 3.0572187281, 3.0936649942,
1876,0, 3.0647663403, 2.9268510199,
1876,1, 4.8624598789, 3.2972696638,
1876,2, 3.0639798498, 3.1559547710,
1876,3, 2.8429298353, 4.1744554520,
1876,4, 3.5151241446, 2.6509004402,
1877,0, 3.3464584494, 3.1726574802,
1877,1, 3.9873873234, 3.3643824196,
1877,2, 3.5257112598, 4.4138496494,
1877,3, 3.1885081530, 2.7080590963,
1877,4, 3.7483431339, 2.3667625570,
1878,0, 2.7774999952, 3.4675862980,
1878,1, 3.1580220461, 3.3518995285,
1878,2, 3.3625010824, 2.4583486938,
1878,3, 3.4930680561, 3.3840657377,
1878,4, 2.9867193270, 3.3323105431,
1879,0, 3.1666430664, 3.6192496777,
1879,1, 2.7542322540, 2.8745500898,
1879,2, 3.2698345661, 4.8318916464,
1879,3, 3.1227993965, 2.5951352024,
1879,4, 2.8510821390, 2.3024121332,
1880,0, 3.0925438976, 2.8764041853,
1880,1, 5.0346492386, 4.9145444202,
1880,2, 3.2203982592, 2.9481775427,
1880,3, 3.8274241066, 4.6775806999,
1880,4, 3.1995877171, 3.9395929193,
1881,0, 2.8572392082, 3.4573552895,
1881,1, 3.5180829430, 2.3978091526,
1881,2, 3.1421592855, 2.1597690535,
1881,3, 3.0921599197, 3.5146750212,
1881,4, 3.3879298162, 2.7969042349,
1882,0, 3.8682840729, 2.8473832846,
1882,1, 2.6342051220, 2.1883786154,
1882,2, 2.9310943222, 5.3793028927,
1882,3, 5.4043833494, 3.5913184547,
1882,4, 3.6500843906, 3.4763569260,
1883,0, 3.4204083157, 2.5633623171,
1883,1, 3.4952947569, 2.9605784464,
1883,2, 3.2371727419, 2.5051880169,
1883,3, 3.5862034845, 4.9834229183,
1883,4, 3.3541797352, 3.2754196930,
1884,0, 3.1235603905, 2.4200270319,
1884,1, 2.6446264172, 2.8511841631,
1884,2, 3.5445221138, 2.9769970465,
1884,3, 3.3469181919, 3.1339913034,
1884,4, 3.1051525784, 4.1965458202,
1885,0, 3.1830522108, 3.2322894669,
1885,1, 2.6968011379, 1.9079823637,
1885,2, 3.7086216879, 3.9283883762,
1885,3, 3.6142204094, 3.9944055939,
1885,4, 3.8364088869, 3.4547560787,
1886,0, 2.6767259693, 2.4751886320,
1886,1, 2.6177244520, 2.1432770824,
1886,2, 4.0820145082, 4.2408703852,
1886,3, 3.0845373154, 2.7395165920,
1886,4, 3.0507854700, 2.4846406984,
1887,0, 2.9112149143, 2.9114900637,
1887,1, 3.3681552315, 2.6760591888,
1887,2, 3.5154545975, 4.1392163610,
1887,3, 2.9331306505, 2.6491832781,
1887,4, 3.6392149067, 2.4107977772,
1888,0, 3.4800816488, 4.1770094872,
1888,1, 3.0658686209, 3.5943419838,
1888,2, 3.6528102016, 3.0481234455,
1888,3, 2.8050605392, 2.6659163857,
1888,4, 2.9559605408, 3.0843508196,
1889,0, 2.7428846502, 2.3836389780,
1889,1, 4.4087643957, 2.7006204987,
1889,2, 3.0187021542, 2.9529325962,
1889,3, 2.8481631613, 3.6283795404,
1889,4, 3.0850018024, 3.6499077606,
1890,0, 3.5438320398, 3.5284442949,
1890,1, 3.0688344193, 2.8439440107,
1890,2, 3.9622268343, 3.6285360718,
1890,3, 3.3017313099, 3.9271138287,
1890,4, 3.0865811157, 2.0057704782,
1891,0, 3.3402818680, 3.2766124153,
1891,1, 3.0071423340, 4.5122161484,
1891,2, 2.9875895643, 2.6877715683,
1891,3, 3.2750708199, 3.5358026123,
1891,4, 2.8125855637, 3.3541139030,
1892,0, 2.9213084984, 3.7805278111,
1892,1, 3.1722946262, 3.7356770563,
1892,2, 2.7254228115, 2.0208289099,
1892,3, 2.9443376732, 3.0287963295,
1892,4, 3.3800087023, 2.4475954103,
1893,0, 2.8354393578, 2.6122820330,
1893,1, 3.2621135950, 3.6074365139,
1893,2, 3.0999652100, 4.0606204987,
1893,3, 2.8295460892, 3.0168346357,
1893,4, 3.1738556623, 3.9625645399,
1894,0, 3.4940054131, 3.0679300356,
1894,1, 4.0992706919, 3.5911387157,
1894,2, 2.7143960524, 3.3602399635,
1894,3, 3.2186249256, 2.5717256498,
1894,4, 3.1449203730, 2.4603577280,
1895,0, 3.2261396408, 4.6393986177,
1895,1, 3.4386610126, 3.2650506020,
1895,2, 2.7733990097, 3.1955919266,
1895,3, 3.6660837078, 2.4786714458,
1895,4, 3.1019374132, 3.4600257301,
1896,0, 2.9419443703, 2.2917049265,
1896,1, 3.7183270073, 2.6196734762,
1896,2, 3.2782496881, 2.7317170620,
1896,3, 2.9794454050, 2.7472361422,
1896,4, 2.8946284008, 3.5827404022,
1897,0, 3.1073616982, 2.4452576542,
1897,1, 3.1105400276, 4.2890591717,
1897,2, 3.8641337490, 2.9550632191,
1897,3, 3.2290652227, 4.1182609367,
1897,4, 3.2703663015, 4.2214135361,
1898,0, 3.5240535212, 3.2562525034,
1898,1, 3.7087371588, 4.3059620190,
1898,2, 3.0086659718, 2.5470165014,
1898,3, 3.0388333750, 3.2153350925,
1898,4, 3.5183656311, 3.4660657787,
1899,0, 3.3348143816, 2.8264134932,
1899,1, 3.3833529234, 2.9132057524,
1899,2, 4.3112822056, 3.0949133348,
1899,3, 3.7308361435, 4.2407786465,
1899,4, 3.2414207077, 2.8367134666,
1900,0, 3.2610982656, 2.5429788208,
1900,1, 3.0863410997, 4.1864381838,
1900,2, 3.4600199938, 2.7173621655,
1900,3, 2.8665626669, 2.6635039711,
1900,4, 2.8449503994, 2.6622721004,
1901,0, 3.3664278269, 4.4320329380,
1901,1, 3.5553423214, 3.0219795465,
1901,2, 3.5102213907, 4.0476772022,
1901,3, 3.8272012186, 5.0840557337,
1901,4, 3.9557506371, 3.2344671535,
1902,0, 3.1440931940, 2.6102928400,
1902,1, 3.0120339394, 4.3943347549,
1902,2, 3.1191436768, 3.1239811802,
1902,3, 3.6707760143, 3.8350699139,
1902,4, 3.7714630461, 2.6865604448,
1903,0, 2.8111496973, 4.2864048004,
1903,1, 2.7308828878, 2.3740395498,
1903,2, 3.1187645292, 2.2886025715,
1903,3, 3.1173294640, 3.1766911840,
1903,4, 2.9255019760, 2.3569940472,
1904,0, 3.2278976774, 2.9660697556,
1904,1, 2.7242289305, 3.3151598859,
1904,2, 2.7868106985, 2.9300704002,
1904,3, 2.7543010187, 2.1451479006,
1904,4, 3.7571727085, 2.7635579157,
1905,0, 3.1942021942, 3.0748409557,
1905,1, 3.6052359009, 2.9549445772,
1905,2, 3.1005245590, 3.7823513412,
1905,3, 3.1131577635, 3.2062785625,
1905,4, 2.9112706137, 4.0939291096,
1906,0, 3.2988754845, 3.1090526295,
1906,1, 4.1416801357, 3.2886699343,
1906,2, 2.5748085117, 2.2424792385,
1906,3, 2.7252243614, 3.2592509508,
1906,4, 3.0278707457, 3.6768625975,
1907,0, 3.1538942528, 2.8169310665,
1907,1, 3.2566325903, 2.4237398338,
1907,2, 3.1660436630, 2.2823413944,
1907,3, 3.0322871637, 4.6962101936,
1907,4, 2.7660108089, 3.1314424181,
1908,0, 2.7917855358, 2.7993779993,
1908,1, 3.3461991930, 3.4924199533,
1908,2, 2.8591828156, 2.7283845711,
1908,3, 3.0092076635, 2.7455768251,
1908,4, 2.8925318384, 2.6511590624,
1909,0, 2.9781437397, 2.5700487900,
1909,1, 3.1554083109, 4.4264559460,
1909,2, 3.7527394581, 3.7881102180,
1909,3, 3.6024322224, 3.0967206335,
1909,4, 3.5454736853, 2.4288687181,
1910,0, 2.8341615915, 2.6717466927,
1910,1, 2.9104926872, 2.8938242197,
1910,2, 3.4317309737, 3.7459056664,
1910,3, 3.5033633375, 3.2021979904,
1910,4, 4.2376370525, 3.0968208027,
1911,0, 3.2659167576, 3.0968816900,
1911,1, 3.1863583183, 2.8459409523,
1911,2, 2.6363223076, 2.4961785460,
1911,3, 3.4156958771, 2.8978143358,
1911,4, 3.3306075525, 4.2707848358,
1912,0, 2.9526963520, 2.5011942148,
1912,1, 3.3783940458, 3.5233568192,
1912,2, 3.0503136873, 4.0200496960,
1912,3, 2.8918884754, 2.8491406107,
1912,4, 2.9460767365, 2.9059631920,
1913,0, 3.6733118248, 3.2863180113,
1913,1, 2.8412777376, 3.5699604893,
1913,2, 2.9615369749, 2.4757322884,
1913,3, 2.5053688383, 2.5346204710,
1913,4, 3.3692597294, 2.5980278444,
1914,0, 3.1910462141, 3.6203909302,
1914,1, 3.2995196819, 3.0043843031,
1914,2, 3.9105156517, 2.4812802792,
1914,3, 3.1249045420, 2.9336594534,
1914,4, 3.1725244093, 2.4195421362,
1915,0, 2.7837512493, 2.0969752550,
1915,1, 2.4756334305, 3.5935666847,
1915,2, 3.6444131804, 4.1428350639,
1915,3, 3.1669338608, 2.1272172880,
1915,4, 3.8416506147, 3.1687473011,
1916,0, 3.3404043245, 3.5504951668,
1916,1, 3.5303196287, 2.2252106285,
1916,2, 3.0120722914, 2.4223179293,
1916,3, 3.2744666195, 2.7182691097,
1916,4, 2.7684732437, 3.6171185493,
1917,0, 3.3964502859, 3.8472752190,
1917,1, 2.9700596857, 3.9583486891,
1917,2, 3.1993229914, 2.5371364832,
1917,3, 3.4738792896, 3.2655434418,
1917,4, 3.0796203470, 3.0179462528,
1918,0, 3.1630092478, 2.2822772169,
1918,1, 3.2179981947, 3.9951214695,
1918,2, 3.2056592607, 2.3514443636,
1918,3, 2.7340648365, 3.6387488461,
1918,4, 3.8674973106, 3.0060780716,
1919,0, 2.8958478594, 4.4492095566,
1919,1, 5.5201656675, 4.3711176872,
1919,2, 3.7183205271, 3.7949011707,
1919,3, 3.0496792412, 2.9997847795,
1919,4, 3.5180311108, 3.6031262636,
1920,0, 3.1250387430, 3.6421535778,
1920,1, 3.1560347986, 4.0960654211,
1920,2, 2.9161674500, 2.4129448032,
1920,3, 3.2623140335, 2.6582746696,
1920,4, 3.0276480722, 2.3273808241,
1921,0, 3.1647950697, 2.7745427847,
1921,1, 3.1401045704, 2.1647482729,
1921,2, 3.1200460243, 2.7002653265,
1921,3, 2.9915927410, 4.0441192675,
1921,4, 4.1190866709, 2.8416147375,
1922,0, 3.0908397007, 3.6352832603,
1922,1, 2.9753022718, 3.5279961014,
1922,2, 3.1748163271, 2.8002215719,
1922,3, 4.2193260813, 4.7164987659,
1922,4, 3.3473519850, 4.2647140503,
1923,0, 2.9009872198, 2.1461895704,
1923,1, 3.2113943577, 2.4910944366,
1923,2, 3.4667377281, 4.2142689514,
1923,3, 2.9402747059, 3.7308923101,
1923,4, 3.4330559111, 3.3070168161,
1924,0, 2.9049935246, 3.4153026962,
1924,1, 3.3364917469, 3.8475686550,
1924,2, 3.7316420794, 2.3398356199,
1924,3, 3.3188505507, 3.3330443811,
1924,4, 3.3275105715, 4.0839621162,
1925,0, 3.5374953890, 4.1283151436,
1925,1, 3.8355320120, 3.0457958364,
1925,2, 3.1766954374, 3.0210740089,
1925,3, 3.8134244633, 3.4762747765,
1925,4, 3.8188579941, 3.5538910770,
1926,0, 3.2642647791, 3.0844390631,
1926,1, 2.7667748260, 2.1058756590,
1926,2, 3.0229562950, 2.8784711504,
1926,3, 3.0833712673, 2.5661618471,
1926,4, 3.0212799931, 3.8781922722,
1927,0, 2.9314636135, 2.4476586866,
1927,1, 3.7520504522, 2.0391526604,
1927,2, 2.7817035961, 2.1475166178,
1927,3, 2.8624162245, 4.5596293020,
1927,4, 3.6620839787, 4.0996881580,
1928,0, 2.9760246992, 2.6687453365,
1928,1, 3.3028304482, 2.9406052399,
1928,2, 3.3532646418, 4.6172694826,
1928,3, 4.1231443930, 2.7153852224,
1928,4, 3.1179542542, 2.7610297441,
1929,0, 2.7302402210, 2.4755243349,
1929,1, 2.8776492739, 3.3626238060,
1929,2, 3.0584816694, 3.3603851128,
1929,3, 2.9792249918, 2.8820141983,
1929,4, 2.9115818739, 3.0529336786,
1930,0, 3.8081629801, 2.5063993645,
1930,1, 3.8346589947, 2.2946767044,
1930,2, 3.1733047247, 4.0858641291,
1930,3, 2.9013533640, 2.1254791069,
1930,4, 3.2082364035, 3.2005957794,
1931,0, 2.6607122707, 2.8030960989,
1931,1, 3.1819829035, 2.7549316120,
1931,2, 3.1419436169, 2.4786321259,
1931,3, 2.9472497511, 3.9305197382,
1931,4, 2.9913951731, 2.0159996891,
1932,0, 3.5312814617, 3.2833839035,
1932,1, 2.6813088465, 2.6457669306,
1932,2, 3.4569457674, 4.1646694613,
1932,3, 3.0834752369, 2.2828569984,
1932,4, 3.6440543842, 3.0204465342,
1933,0, 3.2320201874, 2.7458390045,
1933,1, 2.7408717489, 3.4509911156,
1933,2, 3.7385649014, 4.2587842655,
1933,3, 3.1209598637, 2.8992744923,
1933,4, 2.7666864014, 3.5953708506,
1934,0, 2.7226136494, 2.3818384695,
1934,1, 3.1217764711, 3.6603931761,
1934,2, 2.7357612133, 2.4768929482,
1934,3, 2.7510768795, 4.8849417496,
1934,4, 2.8884102917, 2.4488669872,
1935,0, 2.9088558102, 2.0831964350,
1935,1, 3.0359063911, 2.3932014513,
1935,2, 3.3693757486, 5.1088377571,
1935,3, 3.4033168745, 2.5930544853,
1935,4, 3.4561045599, 2.1623960590,
1936,0, 3.1819307232, 2.6653010845,
1936,1, 3.3138277006, 3.2023760986,
1936,2, 3.3817945051, 4.0064236116,
1936,3, 2.7167829800, 2.6845964098,
1936,4, 2.7980066586, 2.6625457048,
1937,0, 4.3716203880, 4.2084807682,
1937,1, 3.0290725088, 2.9316034222,
1937,2, 3.7741014528, 4.0264236069,
1937,3, 2.8697001505, 2.7948266220,
1937,4, 3.2489638758, 3.9622876740,
1938,0, 3.2033951712, 2.2238071918,
1938,1, 3.2064126587, 2.3820483065,
1938,2, 2.9934232759, 3.6279879141,
1938,3, 3.3300659704, 3.2751402092,
1938,4, 2.8873757458, 2.8769395685,
1939,0, 3.1321297216, 3.8890494633,
1939,1, 3.3653280687, 3.3416949320,
1939,2, 5.0122249699, 2.4407032204,
1939,3, 2.8601602840, 3.4185279465,
1939,4, 3.1110175514, 2.9648680973,
1940,0, 2.8187727261, 2.1727403879,
1940,1, 2.8776807642, 2.9275480223,
1940,2, 2.8237556982, 2.2084299707,
1940,3, 3.8796887636, 4.2143423176,
1940,4, 4.2055173779, 2.7504221487,
1941,0, 2.5409395313, 2.5190438700,
1941,1, 2.9860225153, 1.9498908710,
1941,2, 5.7855712128, 2.5643173742,
1941,3, 3.4252200747, 4.5083335447,
1941,4, 3.3726012993, 2.4809630299,
1942,0, 3.0607783318, 2.5573699045,
1942,1, 3.6015229082, 4.8151453590,
1942,2, 3.9074325991, 2.8628624153,
1942,3, 3.4247302389, 3.1203658772,
1942,4, 2.9153053236, 2.6834896755,
1943,0, 3.3230788136, 3.7992774677,
1943,1, 3.3913436556, 2.2716471672,
1943,2, 3.3571048975, 3.0426716375,
1943,3, 3.2904407024, 3.3133259487,
1943,4, 3.3816139936, 2.8149022579,
1944,0, 3.4327990532, 4.5226125908,
1944,1, 2.9238744116, 3.4167282677,
1944,2, 3.8095989943, 3.3011414242,
1944,3, 3.4032358217, 2.4472613049,
1944,4, 3.0905794668, 2.5678036070,
1945,0, 3.7024898148, 2.8968388939,
1945,1, 3.1831846285, 3.0524649334,
1945,2, 3.4926381350, 3.6829371738,
1945,3, 3.8077026606, 4.0466652584,
1945,4, 2.5117610121, 2.3053074360,
1946,0, 2.7636250353, 3.2695503902,
1946,1, 3.1439987230, 2.3507941628,
1946,2, 2.9529251528, 3.8290487719,
1946,3, 3.4511928797, 3.3005383301,
1946,4, 4.4368865728, 4.4297058487,
1947,0, 3.2097352695, 2.8993310261,
1947,1, 3.3079726362, 2.6148235846,
1947,2, 3.1791500950, 2.3100608110,
1947,3, 3.3790810919, 4.3269867373,
1947,4, 3.8478757286, 3.0416346931,
1948,0, 3.7747445583, 3.4265317249,
1948,1, 3.3440534210, 3.7106960297,
1948,2, 3.2558141565, 3.3390884447,
1948,3, 3.1804840565, 3.3774623585,
1948,4, 3.2578689575, 4.0600266647,
1949,0, 3.2451891804, 4.4338237810,
1949,1, 3.3571173048, 2.5207434368,
1949,2, 2.9416918802, 2.9847926617,
1949,3, 7.2508022976, 2.6530822659,
1949,4, 2.6342180634, 2.8899611855,
1950,0, 3.4561737394, 3.4931513691,
1950,1, 3.8255232430, 3.0354309177,
1950,2, 2.8149549341, 3.7395882225,
1950,3, 3.4413915634, 3.0420755291,
1950,4, 3.2042828560, 3.6346874189,
1951,0, 3.3199413109, 3.8787104654,
1951,1, 2.7090802908, 1.9278314352,
1951,2, 2.7449095011, 2.3257021046,
1951,3, 2.7237589931, 1.9689799976,
1951,4, 2.5407596016, 2.6142312860,
1952,0, 3.4802303267, 2.4823219490,
1952,1, 2.9057825422, 2.3670713043,
1952,2, 2.9595489883, 2.2941862774,
1952,3, 3.3514330912, 2.9623245621,
1952,4, 3.7769093084, 4.0292233372,
1953,0, 3.3985938263, 3.5985401535,
1953,1, 3.1377428532, 4.8158166695,
1953,2, 3.2344027519, 2.7991687679,
1953,3, 3.2417619658, 2.3435903883,
1953,4, 3.9080984735, 3.1644681835,
1954,0, 2.7840798283, 2.7800139999,
1954,1, 3.8000437307, 4.4158824158,
1954,2, 5.6870580816, 4.9566445065,
1954,3, 3.3915255690, 2.8915201330,
1954,4, 3.6823188877, 3.7531417370,
1955,0, 3.0929849005, 2.4714932346,
1955,1, 2.9685676289, 2.5834428120,
1955,2, 3.8547135878, 4.1419342518,
1955,3, 3.1676740837, 2.7336075115,
1955,4, 3.1148170185, 2.6407138634,
1956,0, 3.0726584482, 2.3312693739,
1956,1, 2.8349932909, 4.0198037910,
1956,2, 2.9580542707, 2.6790628481,
1956,3, 3.2451585388, 2.7093992805,
1956,4, 2.7056780100, 2.4303727865,
1957,0, 3.3099918842, 3.2000802374,
1957,1, 3.0159440804, 3.0467917824,
1957,2, 3.4343538284, 2.9523064327,
1957,3, 2.9097486830, 3.6730217123,
1957,4, 2.9712044668, 2.7252050495,
1958,0, 2.9343845844, 2.6544772148,
1958,1, 4.2227391720, 2.7220529032,
1958,2, 2.8861330366, 3.8981408310,
1958,3, 3.7271851635, 2.9422630262,
1958,4, 3.2633435011, 3.4519746876,
1959,0, 3.0732732058, 2.9446354485,
1959,1, 3.0185356808, 3.7366456938,
1959,2, 3.0842193937, 2.8155735493,
1959,3, 2.9356981993, 2.8984510803,
1959,4, 2.9901257277, 2.5631459761,
1960,0, 3.3976363802, 4.5377851772,
1960,1, 3.5501594400, 4.3230495930,
1960,2, 2.7637032270, 3.9645740986,
1960,3, 3.4563381529, 2.5361694288,
1960,4, 3.6460103512, 3.5905605030,
1961,0, 2.6957048464, 3.8859212112,
1961,1, 2.8173895788, 4.2314711285,
1961,2, 3.0983317518, 2.8565271235,
1961,3, 2.9299821758, 2.0622243071,
1961,4, 3.0421403170, 2.8502939653,
1962,0, 3.0682899094, 2.8123441410,
1962,1, 3.0997580290, 4.3116581059,
1962,2, 2.7456756783, 2.3602949286,
1962,3, 3.2811207914, 3.0983682632,
1962,4, 3.6235339832, 3.0182988453,
1963,0, 2.6635465050, 2.4710568047,
1963,1, 2.7560267353, 3.1964239836,
1963,2, 2.7351625443, 3.8704780579,
1963,3, 3.5660006142, 2.1667677879,
1963,4, 3.5461568546, 2.9923638296,
1964,0, 2.9351778412, 3.0818108368,
1964,1, 3.4440268326, 3.7912197685,
1964,2, 3.1981534290, 2.9173392057,
1964,3, 3.4519649029, 2.9145324326,
1964,4, 3.2143777561, 2.4461014652,
1965,0, 3.7874255085, 2.8028689575,
1965,1, 3.5365570116, 3.9831687880,
1965,2, 3.0667677116, 3.0539662790,
1965,3, 3.4238697386, 2.4053725624,
1965,4, 3.3953134441, 2.2859516048,
1966,0, 4.1119653654, 3.4576725578,
1966,1, 3.8227741289, 2.9393442154,
1966,2, 2.7096530771, 3.2461277962,
1966,3, 3.3534621048, 4.5253025436,
1966,4, 3.2212628984, 3.1373822451,
1967,0, 2.9999011421, 3.5074360275,
1967,1, 3.0791057587, 3.1333811235,
1967,2, 3.1244978952, 4.1100925922,
1967,3, 4.2318614817, 2.9260537958,
1967,4, 3.2703466940, 3.2628060579,
1968,0, 3.3460898733, 2.3265412855,
1968,1, 2.6809045172, 2.9889730358,
1968,2, 3.1246057510, 4.2370297050,
1968,3, 4.0606590271, 4.4244516563,
1968,4, 3.3130740404, 2.7574848270,
1969,0, 2.8082831001, 4.3534111404,
1969,1, 2.9642782497, 2.8838743496,
1969,2, 2.9075342083, 3.1219605684,
1969,3, 2.9502792645, 2.4612301874,
1969,4, 3.0504884529, 2.5136859179,
1970,0, 3.0381620836, 3.3069124269,
1970,1, 2.8821808481, 2.1800408363,
1970,2, 3.7289309597, 3.5995942307,
1970,3, 3.5071903992, 2.8815836048,
1970,4, 2.7761293602, 4.4300859547,
1971,0, 3.6246089029, 3.0316625214,
1971,1, 2.9577442408, 2.4239086199,
1971,2, 4.6916614246, 5.1410652637,
1971,3, 3.2864082718, 3.0192245722,
1971,4, 3.2787438488, 3.8064838314,
1972,0, 3.6272820711, 3.7750637197,
1972,1, 3.6808962679, 2.7687913609,
1972,2, 3.1089642429, 3.0381209612,
1972,3, 3.2028139973, 3.0197049952,
1972,4, 3.1499024534, 3.8781262779,
1973,0, 2.8243398190, 3.5479570198,
1973,1, 2.8833364916, 2.6536619711,
1973,2, 2.9607664442, 3.1649813366,
1973,3, 3.2564628172, 4.1044158840,
1973,4, 2.9267063522, 3.4376184845,
1974,0, 3.1106594896, 3.9254083490,
1974,1, 3.3575614643, 3.5572910929,
1974,2, 2.7881545115, 3.0678291178,
1974,3, 3.6248270273, 3.0268585873,
1974,4, 3.1918936539, 2.4444547701,
1975,0, 2.8615460825, 3.8934531784,
1975,1, 3.1112771273, 2.4670109367,
1975,2, 2.9906953955, 3.0805393505,
1975,3, 2.8308853626, 2.2891141701,
1975,4, 3.4328113461, 3.5585222244,
1976,0, 3.1218697548, 2.7024945164,
1976,1, 2.7249684429, 3.3884878492,
1976,2, 3.2336878014, 3.8373566818,
1976,3, 3.1724093866, 2.7879694414,
1976,4, 2.8089887238, 2.0793233919,
1977,0, 3.5723911572, 3.4959599972,
1977,1, 3.6544637871, 3.3734985638,
1977,2, 5.2495807600, 2.3200061178,
1977,3, 3.1569218302, 3.5573962164,
1977,4, 3.0513589048, 2.5583348846,
1978,0, 2.8611859035, 2.5778359222,
1978,1, 3.1914006805, 2.5596830082,
1978,2, 3.3616435814, 5.2277117729,
1978,3, 2.9829347086, 3.3305733109,
1978,4, 4.6328724051, 3.1147660828,
1979,0, 2.9559577131, 4.0805389786,
1979,1, 3.0884432125, 2.1253370333,
1979,2, 3.3269599676, 3.2488179922,
1979,3, 3.2955730391, 3.2474163914,
1979,4, 4.0222310209, 3.0437031746,
1980,0, 3.2415774632, 2.6877502108,
1980,1, 3.0560297441, 3.0741601944,
1980,2, 3.0286219740, 3.2122521830,
1980,3, 3.2369936514, 4.1175837040,
1980,4, 3.2685766029, 3.3291384459,
1981,0, 3.0245949221, 2.7025163078,
1981,1, 3.1176656294, 2.8522697210,
1981,2, 3.0574585915, 3.7858743525,
1981,3, 2.8698639345, 2.5759852552,
1981,4, 2.9927095413, 3.2220780373,
1982,0, 4.4739311075, 5.5505483532,
1982,1, 3.4160982418, 2.4725380230,
1982,2, 2.6721908236, 2.5780165100,
1982,3, 3.1032560730, 2.7214702797,
1982,4, 3.2549364233, 3.0896974421,
1983,0, 3.4189066172, 4.3981675768,
1983,1, 3.3568855762, 2.9923255968,
1983,2, 3.6396122551, 3.1203127050,
1983,3, 5.0905622244, 3.1807817316,
1983,4, 2.7906429482, 2.5551549006,
1984,0, 2.6856934500, 2.5748351526,
1984,1, 2.6827071953, 2.1601617527,
1984,2, 2.8372870970, 2.2957861614,
1984,3, 3.1342824125, 4.0596908236,
1984,4, 3.0067562771, 2.6368006182,
1985,0, 2.7003142834, 3.5080403519,
1985,1, 3.7778764105, 2.5899610281,
1985,2, 2.9275086308, 2.7897529745,
1985,3, 3.2593413067, 2.8687603760,
1985,4, 4.1023138046, 2.8656898165,
1986,0, 3.0405500317, 2.4754026127,
1986,1, 3.4729144621, 3.2649960566,
1986,2, 3.7329385614, 3.9249933434,
1986,3, 3.6992481995, 3.7735870647,
1986,4, 3.3224731445, 3.4183331728,
1987,0, 3.0462628317, 4.2737620068,
1987,1, 3.4811215591, 3.1866004705,
1987,2, 6.6604512453, 3.8757368183,
1987,3, 3.1341419744, 3.5309942913,
1987,4, 3.2621932936, 3.0405110216,
1988,0, 3.7917166424, 2.7678904772,
1988,1, 3.7347379351, 3.9934250164,
1988,2, 3.7691049671, 3.1086948442,
1988,3, 2.7964180088, 3.7708168507,
1988,4, 3.0134495926, 2.1863967562,
1989,0, 3.0690418100, 2.2689783716,
1989,1, 3.4561611462, 3.6680767345,
1989,2, 3.0972383499, 3.8413505888,
1989,3, 3.1483052111, 2.7257165289,
1989,4, 3.2416196156, 2.9786391783,
1990,0, 3.0418564606, 2.9694128513,
1990,1, 3.3932576609, 2.9993082047,
1990,2, 3.0022388506, 2.6916137981,
1990,3, 4.3407358265, 3.8163089371,
1990,4, 3.5102122068, 4.1954743528,
1991,0, 3.5766615200, 2.3174702597,
1991,1, 3.1334950066, 2.9861098957,
1991,2, 2.8839958620, 3.7837487221,
1991,3, 4.2148866034, 4.3032211685,
1991,4, 3.3109313631, 2.2629254580,
1992,0, 3.9587693548, 3.0824877071,
1992,1, 3.1929301882, 3.8616430664,
1992,2, 3.4629728079, 3.0179488564,
1992,3, 3.5419059896, 4.0535097313,
1992,4, 2.7769424820, 3.5985273838,
1993,0, 3.9429972315, 3.5911791134,
1993,1, 3.9657539988, 4.2857937145,
1993,2, 2.7850086069, 4.4265671921,
1993,3, 3.0394192553, 2.9014029837,
1993,4, 2.6735876179, 2.3664862967,
1994,0, 3.7626451206, 3.0004591465,
1994,1, 4.2123087692, 3.6967281246,
1994,2, 2.8846223164, 4.1050330591,
1994,3, 3.3935461283, 2.4646351624,
1994,4, 3.5212522984, 3.4747962093,
1995,0, 2.7551310444, 2.8882802963,
1995,1, 2.7082293844, 4.1890831423,
1995,2, 3.1761985445, 2.6417168045,
1995,3, 3.5348726368, 2.4573325443,
1995,4, 2.9561188793, 2.3204624319,
1996,0, 2.9370896339, 3.4031935883,
1996,1, 3.5245860910, 3.2278904963,
1996,2, 3.1543210030, 4.4296062756,
1996,3, 3.8454800749, 5.0515241241,
1996,4, 3.0067486715, 2.4812037134,
1997,0, 4.6879809952, 3.6372045517,
1997,1, 3.6853551149, 4.7924561453,
1997,2, 3.6289516783, 3.0626913548,
1997,3, 3.2610911942, 2.7509887409,
1997,4, 3.1925645590, 3.0111458397,
1998,0, 2.7166796160, 2.6439598274,
1998,1, 4.0255226326, 3.1979506588,
1998,2, 3.1319825745, 4.0832810354,
1998,3, 3.1840486670, 3.0444027805,
1998,4, 3.3747648048, 3.4813198948,
1999,0, 3.2486007357, 3.7909184504,
1999,1, 3.2541349506, 2.6594787693,
1999,2, 2.8794801521, 3.6385679245,
1999,3, 2.9718156910, 2.8483447933,
1999,4, 3.3840135002, 2.1928875160,
