48 476.423 283 523.984 600 526.306 600 526.306
50 148.562 156 173.641 329 169.237 1100 385.604
57 701.618 135 753.619 606 650.126 1300 1157.36
81 452.859 293 481.277 616 481.438 1300 531.736
48 392.671 147 410.948 518 377.254 900 520.988
42 412.951 128 446.04 685 492.788 1000 519.118
39 477.265 213 522.674 441 551.885 700 585.927
59 692.883 331 755.723 637 786.959 1200 889.826
53 432.562 185 538.233 774 553.057 1300 721.375
61 746.674 345 809.218 905 878.19 1400 944.927
95 390.53 374 417.132 696 421.947 1400 617.302
34 502.451 78 705.36 339 716.569 700 887.375
60 561.593 386 613.754 691 639.038 1100 706.605
68 374.199 260 452.994 629 450.893 1500 686.64
46 631.085 149 659.655 325 675.776 800 730.683
71 715.672 268 759.236 566 763.699 1100 826.418
37 350.897 126 384.555 407 351.088 700 566.196
39 631.624 129 697.008 418 687.527 700 883.27
39 510.486 122 700.757 389 672.21 1000 904.435
79 712.328 269 657.478 674 565.301 1200 966.303
42 794.846 253 857.192 527 895.207 1000 982.04
73 768.571 263 811.166 550 790.655 1300 1097.98
50 311.697 171 414.327 592 401.208 1000 428.281
52 224.053 257 240.429 521 249.514 1000 282.034
45 330.451 303 363.632 600 381.588 1000 440.216
83 915.251 211 961.423 744 826.503 1600 1614.14
65 427.004 149 445.616 500 378.307 1200 707.441
49 309.064 179 363.317 416 366.923 700 380.735
32 530.077 103 876.489 690 713.986 1300 1096.0
34 336.634 129 389.504 313 400.998 600 429.527
97 433.077 306 467.248 587 485.591 900 505.659
50 242.886 243 262.212 448 267.598 900 286.759
49 337.674 176 383.55 521 403.928 1000 455.469
81 473.232 295 492.778 709 418.424 1500 794.163
56 615.278 364 676.87 654 711.635 1100 762.172
42 289.246 252 315.855 622 345.732 800 361.307
76 611.795 393 651.013 727 666.364 1400 901.663
66 538.06 348 583.274 629 600.762 1200 672.425
55 873.922 165 990.393 686 852.157 1200 1113.38
55 300.405 242 328.741 532 325.862 1100 640.677
56 647.314 240 700.116 512 711.635 1000 959.343
35 351.047 78 419.329 311 432.847 900 473.247
82 620.113 279 608.622 613 586.492 1300 979.021
24 355.148 51 424.958 363 394.543 700 682.584
42 455.019 201 486.959 465 499.26 900 634.032
57 1243.34 204 1369.19 809 1268.05 1500 2105.66
71 442.534 288 475.918 627 502.599 1000 531.583
104 400.67 289 428.775 555 421.824 1500 789.431
29 275.454 130 349.739 407 364.186 600 368.281
48 328.605 134 412.905 385 387.305 900 692.467
68 435.46 236 458.353 464 465.254 1200 509.585
91 352.889 354 378.694 663 387.716 1400 432.834
46 398.85 159 429.641 377 425.844 900 480.032
46 465.891 88 484.54 366 442.837 800 666.113
79 538.063 284 583.452 511 595.09 1000 651.668
80 423.115 386 453.48 727 452.009 1300 595.604
76 420.402 267 484.104 649 450.434 1200 761.64
30 285.209 82 388.157 512 401.252 900 470.596
88 305.728 326 318.933 629 311.913 1100 515.964
54 238.041 299 259.305 564 261.598 1100 329.47
78 400.722 242 429.116 510 432.381 1100 653.846
68 494.585 410 528.157 819 493.683 1500 975.848
75 536.437 196 532.483 559 470.022 1400 914.439
56 442.82 335 476.288 667 502.547 1100 540.857
92 556.559 470 607.679 866 638.784 1500 685.453
39 320.267 91 358.532 515 339.543 900 488.571
58 451.306 170 514.89 600 561.837 600 561.837
44 587.028 168 644.539 572 704.494 800 737.192
49 420.734 287 460.01 560 460.73 800 555.465
75 350.729 234 379.34 610 407.425 900 428.707
39 570.209 83 717.293 378 698.053 800 729.373
65 504.065 402 551.399 755 578.422 1400 639.433
63 822.856 223 911.842 489 819.277 1000 918.969
70 613.075 378 657.025 713 682.292 1200 774.668
48 578.11 191 634.492 482 624.452 800 872.673
44 420.307 96 560.85 399 475.957 1000 912.278
39 342.694 86 433.507 436 381.479 800 556.563
60 396.226 331 433.567 612 458.864 900 480.111
41 242.078 141 293.716 334 297.882 800 325.976
47 587.085 103 781.808 573 749.114 1300 1137.33
52 610.578 201 650.602 487 668.609 1000 735.65
79 726.818 418 782.134 781 795.746 1600 1024.95
53 575.924 200 618.982 386 633.175 900 698.594
86 282.446 329 316.495 630 325.847 1500 370.103
58 649.95 361 705.978 736 746.903 1300 815.224
91 480.592 271 536.424 543 539.515 1600 597.694
80 287.176 228 318.945 569 235.933 1400 848.609
48 637.294 140 746.461 767 814.731 1200 873.812
50 844.28 416 921.719 779 941.796 1200 1205.62
70 398.33 178 435.427 532 289.245 1000 625.127
66 487.129 271 520.022 588 517.225 1100 824.052
51 222.172 205 237.041 521 196.236 1000 414.498
76 781.232 346 847.848 763 875.308 1400 1043.12
74 575.984 197 642.172 480 573.738 700 636.517
54 278.428 111 314.175 424 274.424 1100 653.412
33 578.959 70 675.961 384 618.355 700 892.989
52 621.212 204 658.771 436 672.42 1000 737.858
53 664.548 177 754.692 506 746.65 1100 819.446
77 280.203 239 305.034 554 323.311 700 331.939
81 847.349 452 918.227 824 953.803 1400 1051.1
62 450.694 264 504.302 532 410.775 1000 448.853
90 567.747 370 614.637 774 638.516 1400 681.753
65 686.716 359 747.934 759 784.878 1300 867.75
78 417.666 291 444.455 770 461.287 1500 617.286
46 387.307 184 412.808 375 417.445 800 510.733
30 342.677 78 373.693 340 304.502 700 507.582
77 546.161 288 589.339 558 597.616 800 627.877
62 571.371 113 620.345 579 586.925 1400 997.43
73 652.35 346 704.917 677 718.245 1400 949.091
42 229.093 94 285.462 373 228.245 1000 698.992
27 330.092 70 510.208 420 480.849 700 582.072
51 618.949 229 716.805 540 688.07 900 686.879
54 651.953 298 694.665 626 721.309 1200 781.01
57 452.256 283 492.536 582 520.406 900 555.712
68 407.64 220 445.338 442 396.974 1000 542.426
66 262.437 125 275.263 413 255.658 1100 458.785
84 375.284 295 410.359 580 404.127 1300 727.85
66 426.003 231 477.002 458 472.946 1200 527.641
50 171.365 158 206.117 436 170.446 1200 555.104
63 327.531 254 368.172 777 373.353 1400 579.084
43 459.264 199 504.127 600 511.951 600 511.951
52 462.593 274 499.611 598 525.534 1200 577.442
37 375.255 80 416.13 393 452.602 600 453.409
62 361.602 179 408.781 532 333.242 1100 693.471
58 584.678 127 648.704 518 595.943 1200 865.515
67 264.743 320 286.0 595 296.286 1200 322.243
46 675.374 116 761.471 521 764.821 800 779.147
61 657.313 269 709.441 547 746.728 700 769.684
65 888.197 308 956.174 824 1009.59 1300 1089.52
37 305.637 178 333.904 492 363.853 700 383.74
62 447.981 198 463.019 432 463.103 1100 721.002
76 519.907 212 511.129 543 461.98 700 513.736
76 355.647 284 381.493 661 394.847 1300 465.524
58 799.105 145 924.456 600 815.892 1300 1278.77
58 443.649 200 485.096 528 511.719 900 542.516
84 502.153 339 541.725 690 563.174 1200 596.5
47 353.352 161 439.997 396 437.813 800 547.82
57 326.648 177 357.091 485 371.631 1200 412.974
76 305.556 204 352.738 664 369.675 1300 392.283
90 361.861 327 392.148 604 402.167 1300 431.505
67 720.459 257 757.031 524 767.399 1200 852.058
74 297.209 300 320.238 562 330.455 1100 371.558
63 801.016 181 778.132 485 727.31 1200 1319.68
51 559.91 154 651.683 814 703.685 1400 764.042
57 474.04 233 506.476 635 524.243 1200 566.386
60 338.946 225 419.23 470 412.77 1100 596.194
64 1062.25 355 1171.82 791 1229.68 1600 1355.81
57 361.144 260 388.209 725 418.77 1300 458.753
47 689.897 164 785.62 725 846.283 1400 922.992
43 294.351 254 319.729 561 339.087 1000 371.983
44 545.172 124 680.111 469 613.356 1000 966.751
32 267.382 86 400.834 413 344.614 800 534.822
39 374.668 95 390.711 245 375.134 600 585.193
61 578.019 223 638.911 570 507.494 1200 695.166
66 447.985 288 488.517 536 474.048 800 517.154
53 806.461 153 866.097 385 905.541 600 935.315
23 265.137 98 434.185 457 428.88 700 488.82
28 295.625 88 345.626 254 324.403 600 508.097
50 1016.4 332 1123.55 612 1177.21 1100 1291.7
50 205.356 259 225.217 538 236.123 1000 262.99
67 1032.83 216 1159.5 725 1038.88 1500 1922.4
66 421.107 140 443.854 434 409.466 1100 819.774
65 342.272 261 377.011 757 397.182 1400 485.618
75 672.512 249 629.975 589 578.298 1400 1220.03
60 310.101 131 338.844 429 319.274 1200 725.192
61 436.863 407 491.699 780 465.584 1300 641.11
67 552.472 408 602.444 815 634.554 1400 694.693
57 718.255 174 802.666 855 596.924 1400 939.604
72 387.215 173 427.762 608 399.002 1200 575.946
52 492.148 248 536.812 555 500.546 900 627.786
86 494.103 395 532.376 734 548.215 1500 596.651
42 248.638 277 270.456 524 255.897 700 307.463
85 530.94 507 583.665 1033 625.33 1600 666.319
56 535.872 187 601.994 410 613.119 800 734.398
46 358.144 207 428.641 600 447.837 600 447.837
75 1116.97 419 1213.73 789 1260.73 1500 1423.09
56 542.088 141 578.733 439 519.874 1200 1081.95
69 635.606 210 625.054 580 542.158 1400 1242.84
66 302.463 300 361.782 550 368.801 1200 425.681
33 241.844 170 296.496 401 306.965 700 344.638
81 917.672 251 985.815 676 929.871 1400 1672.35
40 309.773 238 416.728 446 423.112 700 461.364
53 1168.57 161 1298.81 617 1231.07 1293 2004.06
58 533.272 137 595.974 562 529.649 1300 821.231
57 832.922 126 905.239 836 977.137 1500 1214.77
76 494.747 301 532.946 577 543.661 800 598.99
71 391.935 168 414.256 535 376.797 1400 859.051
72 364.7 298 407.626 581 386.116 1100 466.869
64 444.929 339 482.138 669 504.807 1200 546.677
66 315.032 301 356.56 617 363.664 1200 444.718
45 395.933 243 426.255 438 439.151 900 474.162
55 428.763 145 468.148 616 386.445 1200 755.145
49 552.895 273 595.975 518 623.487 800 679.187
48 359.943 194 400.962 478 407.856 1200 505.709
53 544.405 210 676.125 685 683.975 1300 755.735
49 1020.99 150 1163.98 684 1151.18 1300 1440.9
71 355.598 221 379.626 442 348.2 900 457.899
61 1003.06 380 1110.4 726 1153.94 1400 1442.34
23 340.334 93 461.06 439 460.772 600 470.005
65 436.016 186 463.725 501 425.845 900 582.483
55 573.427 222 618.252 560 614.75 900 803.819
62 400.146 150 448.318 422 377.287 1400 1352.98
82 435.21 331 472.278 781 499.56 1300 529.495
74 264.375 268 297.484 604 310.776 1200 334.141
57 621.568 379 682.568 765 721.423 1200 772.971
34 272.869 78 352.405 543 346.784 1100 642.749
61 619.09 242 666.046 552 683.032 900 729.185
86 318.619 312 332.296 614 313.234 1400 759.787
66 603.064 229 674.239 544 662.533 1200 804.336
51 790.798 147 861.007 354 862.521 1000 1235.75
55 669.182 201 735.097 600 682.771 1300 1288.98
79 271.802 275 290.856 485 291.633 1000 364.378
43 723.801 116 876.094 381 809.719 1100 1197.13
41 498.41 207 544.941 503 590.6 600 579.784
44 629.384 117 670.237 507 636.828 1100 1096.6
57 684.249 170 708.155 563 610.199 900 888.943
67 348.311 224 372.001 424 376.819 1000 421.91
63 288.984 274 313.424 509 323.757 1100 399.425
62 400.313 239 443.705 700 367.911 1300 525.122
51 241.793 170 297.269 600 302.536 600 302.536
43 371.212 238 411.097 600 439.968 600 439.968
40 569.824 126 615.922 430 541.124 600 555.205
64 683.883 287 726.853 580 712.564 1100 1107.66
61 371.205 273 403.636 542 418.246 1100 466.273
84 752.338 429 802.99 895 792.046 1600 1227.05
55 281.591 150 336.01 446 286.348 1200 707.188
73 372.512 177 409.809 552 426.264 1300 484.113
51 350.455 103 462.937 648 461.58 1400 966.361
63 554.883 224 606.263 452 615.913 1200 684.775
90 485.943 355 523.459 680 545.537 1000 565.582
83 628.946 292 661.24 612 648.417 1500 987.296
63 574.801 204 622.026 446 649.784 600 651.399
68 602.78 188 645.225 468 636.233 1200 702.222
74 261.333 202 283.581 529 256.938 1500 613.561
42 268.9 152 271.526 320 273.26 800 418.014
61 372.881 222 379.032 464 380.34 1200 600.157
61 629.433 253 678.08 904 743.166 1400 792.948
61 542.385 158 581.698 363 560.36 1100 918.354
72 235.082 262 263.768 586 275.723 1100 295.39
87 625.783 482 682.32 825 700.416 1600 766.174
39 347.587 99 412.118 345 376.989 800 581.204
52 261.788 187 303.15 482 283.654 900 406.381
50 510.907 122 540.503 395 568.344 600 581.536
60 401.759 278 431.66 554 444.113 1200 493.901
66 315.87 242 348.018 470 351.066 1100 402.426
111 495.632 329 534.013 675 549.355 1200 575.369
74 391.419 243 421.487 600 444.99 600 444.99
65 1108.94 187 1200.79 767 1117.59 1600 1951.06
61 430.079 283 466.506 662 497.413 1100 533.352
73 653.428 380 710.177 775 738.123 1400 802.586
48 550.235 339 596.28 661 634.261 900 663.572
85 297.881 304 324.882 686 337.332 1400 359.669
66 751.427 314 815.143 714 851.62 1200 952.607
28 325.357 90 403.508 304 376.488 700 592.169
47 686.751 133 834.932 537 757.168 1100 1129.97
29 396.315 93 461.446 357 420.373 700 581.514
53 248.711 195 266.815 407 271.996 800 295.368
41 501.755 119 668.455 292 655.853 1000 941.913
57 456.296 214 518.959 492 534.972 600 544.18
35 352.964 189 419.637 492 458.402 600 430.317
56 974.321 196 1097.72 743 1013.21 1400 1726.11
84 417.608 294 448.549 537 456.936 1100 519.876
63 577.784 337 618.137 679 625.454 1300 869.784
42 610.065 75 716.485 453 681.087 1000 1037.84
34 329.638 80 397.963 394 362.857 800 600.863
82 670.004 390 712.207 809 720.897 1300 870.617
55 766.259 257 837.304 781 904.528 1300 981.031
86 565.435 306 605.343 599 611.233 1100 661.882
54 727.548 266 805.722 476 832.603 700 859.921
81 454.634 323 489.026 690 501.858 1400 580.066
91 564.897 297 583.719 566 581.728 1000 614.67
33 386.872 123 553.418 456 593.718 600 591.544
46 391.643 143 422.307 336 430.627 600 505.451
58 818.419 292 881.221 543 911.949 1100 1022.06
42 452.181 87 475.934 366 461.802 700 598.602
72 275.69 214 293.263 742 316.599 1400 346.912
31 386.498 61 540.479 346 592.75 1100 674.53
72 842.054 192 897.688 568 840.752 1200 1388.15
56 435.268 126 479.794 380 466.649 700 486.476
70 289.214 182 298.048 520 243.778 1200 625.459
66 658.014 233 695.252 529 690.807 1200 756.415
47 320.317 92 447.381 486 500.475 1600 738.968
75 397.487 382 432.212 691 449.854 1200 481.458
105 335.478 367 355.538 688 359.43 1300 519.018
68 539.168 319 583.22 578 589.654 1400 772.788
53 221.802 207 257.687 544 270.779 1000 289.605
50 669.001 113 775.864 865 760.62 1500 1318.25
63 637.554 155 698.825 600 462.214 600 462.214
47 285.609 126 300.304 311 291.363 900 518.91
51 945.484 85 994.03 379 970.034 800 1359.16
70 638.826 444 696.525 856 728.163 1600 873.48
53 655.599 322 729.3 670 763.797 900 790.656
79 732.246 425 785.081 869 775.067 1600 1459.02
60 695.733 352 777.549 661 745.083 1200 947.707
58 503.012 203 557.954 458 590.339 600 605.096
73 800.221 422 864.898 829 902.397 1500 1002.16
49 304.158 212 364.217 555 382.156 1000 410.27
83 341.634 263 361.012 481 363.421 1200 506.282
59 605.423 291 647.416 561 663.316 700 696.601
72 839.784 204 932.433 593 920.82 1400 1018.75
65 1064.91 169 1164.96 706 1053.27 1600 1812.94
38 196.326 101 223.173 409 171.666 800 323.627
79 574.192 258 616.678 490 631.126 1000 749.603
78 612.813 384 662.397 724 689.399 1200 775.636
67 1029.61 414 1121.77 855 1185.2 1600 1299.35
71 519.919 401 566.632 794 593.395 1500 659.243
85 571.611 476 623.696 915 659.644 1500 727.556
58 502.686 149 529.328 392 525.218 1000 791.647
32 248.151 137 317.202 445 328.958 700 345.34
46 403.839 133 446.648 504 400.692 1100 796.03
76 437.343 255 503.23 521 498.892 1300 550.113
62 293.613 159 350.25 527 351.642 1400 547.809
51 569.723 194 616.94 345 628.741 1000 687.525
62 232.034 249 269.895 515 273.699 1200 329.963
52 518.583 231 568.946 826 615.695 1300 698.326
77 330.048 315 357.852 567 366.543 1100 398.137
77 436.017 339 476.085 600 487.432 1200 519.026
78 290.153 240 323.363 436 320.892 1200 358.627
60 978.756 351 1066.58 742 1128.75 1300 1218.32
61 427.228 176 506.888 521 432.747 1400 1056.63
80 362.844 286 421.267 600 382.7 600 382.7
46 747.724 277 810.563 708 884.097 1000 933.796
56 728.856 263 785.252 498 826.995 600 809.231
39 533.478 146 667.07 462 640.589 700 777.439
67 447.418 330 486.849 614 504.905 1200 577.173
99 488.521 297 514.171 566 504.625 1500 872.981
39 375.183 238 411.392 491 436.189 700 460.762
57 338.832 230 404.642 521 402.862 1000 439.435
67 635.621 192 642.417 565 554.287 1400 1095.6
37 491.194 113 580.651 348 600.199 600 624.691
73 391.633 180 422.478 492 387.651 1200 838.355
41 435.999 99 541.523 346 513.102 800 715.209
40 553.445 89 616.25 383 577.513 700 777.44
74 577.586 380 624.172 804 656.759 1500 727.822
61 860.778 241 921.518 580 945.495 1200 1117.91
88 466.495 365 505.509 690 520.478 1700 573.412
75 299.84 297 321.481 529 328.731 1200 349.973
43 289.914 142 342.071 518 363.435 900 387.635
88 400.411 306 431.423 594 437.152 1300 507.477
99 311.464 357 337.508 674 347.923 1400 373.813
60 438.095 360 477.334 668 499.557 1100 569.697
48 348.519 140 415.211 566 346.638 1000 501.24
40 499.406 113 537.467 333 536.912 800 797.103
67 292.51 250 327.628 588 285.878 1300 514.135
27 348.263 76 420.591 492 420.344 800 617.505
59 625.93 126 666.7 427 640.42 1000 885.392
27 390.848 77 494.098 364 425.039 700 684.721
34 292.685 80 330.146 383 286.021 800 548.48
90 850.461 277 894.015 618 881.132 1600 990.858
78 520.724 303 559.052 550 564.313 1200 655.778
61 418.957 113 434.154 379 407.148 1000 662.95
50 558.029 141 593.657 487 536.241 1200 972.049
63 517.483 205 549.748 463 477.788 600 509.946
49 271.888 144 350.727 487 347.596 1300 495.956
78 437.494 445 472.784 829 494.157 1500 535.244
32 300.827 116 410.478 300 404.695 600 502.413
54 351.163 254 381.879 470 393.498 1000 463.058
77 347.339 395 378.469 759 361.705 1400 638.869
67 201.546 311 218.165 572 227.804 1000 242.733
53 300.929 110 328.032 391 280.21 900 477.695
72 578.762 336 620.52 639 631.504 1300 892.445
63 380.157 249 425.459 498 439.982 800 465.626
75 675.727 200 727.15 549 734.637 1400 810.549
65 1053.58 442 1180.43 823 1133.56 1400 1403.4
41 450.738 130 557.469 442 587.124 800 620.177
48 556.181 135 611.729 559 547.122 1200 1031.73
53 1158.71 142 1275.55 638 1074.61 1000 1341.71
75 345.219 162 406.301 551 401.333 1700 841.784
80 635.492 431 691.453 784 716.584 1500 805.133
69 480.354 323 513.416 628 530.84 1300 578.951
64 291.584 195 355.933 501 365.193 1300 390.897
74 506.986 223 563.635 564 472.227 1200 1144.29
66 357.632 287 416.429 603 405.089 1100 727.789
46 563.861 299 612.753 632 650.833 1100 708.675
75 309.532 126 343.622 553 356.936 1200 471.717
45 215.491 62 254.175 477 302.436 1200 663.059
68 425.04 197 444.826 431 438.07 1300 730.431
47 463.486 119 504.007 455 471.686 900 757.404
54 771.943 496 861.072 930 916.647 1400 1021.59
66 564.304 392 613.372 1017 664.396 1700 734.156
53 463.471 147 596.934 536 634.231 1000 662.238
64 653.507 437 718.943 844 680.792 1400 918.162
70 571.176 332 621.652 855 678.575 1200 694.268
68 451.754 243 496.705 578 504.034 1200 573.373
57 1092.54 406 1208.39 983 1287.35 1500 1450.77
61 364.882 351 398.009 645 415.722 1000 475.934
78 492.42 363 529.617 794 554.239 1400 595.5
72 1061.97 277 1129.08 680 1156.56 1500 1298.26
51 511.281 169 562.761 452 547.482 900 891.446
62 516.863 242 558.36 497 563.369 1300 621.245
29 220.89 69 323.288 335 342.387 800 370.971
47 476.943 159 510.083 389 529.1 600 567.129
62 442.717 186 500.333 566 439.023 1400 1066.96
53 289.783 118 299.748 300 278.669 900 613.081
35 650.23 218 756.842 459 724.248 700 748.862
56 252.862 157 265.12 336 263.527 1000 452.555
69 690.818 315 745.796 769 728.191 1600 1361.69
52 603.667 345 685.751 680 682.282 1000 716.432
73 607.352 342 654.658 625 674.778 1200 744.937
45 580.572 119 660.337 428 568.455 1000 866.694
81 551.412 333 590.159 664 581.956 1500 832.847
74 447.004 375 483.919 690 494.459 1300 539.361
71 541.259 451 584.784 854 607.709 1500 775.568
67 653.697 173 684.594 459 660.442 1000 999.6
35 399.121 127 467.015 322 451.335 600 643.206
46 334.261 288 364.021 566 364.552 1000 628.984
42 368.713 146 375.666 333 363.89 900 665.015
43 449.969 210 601.156 458 624.461 700 648.079
93 298.495 350 320.686 735 335.035 1500 364.632
71 715.589 256 755.53 498 749.231 1300 846.081
42 375.201 178 426.621 460 460.353 700 493.999
62 180.927 175 197.465 466 170.304 1200 405.055
81 553.235 382 582.263 702 585.643 1500 1155.36
106 357.442 347 385.772 655 396.123 1400 432.972
66 308.326 308 337.416 566 350.156 1100 386.417
50 419.014 129 459.246 576 366.65 1100 724.184
60 574.182 277 625.934 501 653.037 700 678.649
75 363.104 289 385.502 560 387.741 1000 459.097
50 410.023 154 465.789 349 464.114 1200 766.939
42 399.468 379 443.039 725 445.236 1000 553.476
63 545.03 263 582.639 560 598.998 1200 688.846
62 772.676 216 835.445 725 882.905 1500 983.183
49 790.84 97 861.146 604 815.701 1300 1332.72
59 454.439 145 503.493 435 425.311 1200 877.735
45 457.096 278 517.863 707 479.528 1100 678.646
106 306.372 338 331.861 670 343.914 1300 371.704
49 406.985 168 444.809 440 396.942 700 458.483
76 414.333 310 449.623 626 471.573 1000 504.107
77 512.99 207 571.384 571 484.048 1400 1268.86
77 586.303 360 630.518 708 611.526 1200 803.115
38 377.336 80 473.72 404 440.079 900 792.957
52 549.014 257 613.627 497 592.229 700 607.488
48 249.177 242 306.201 458 306.738 900 365.658
57 211.657 295 233.231 585 249.969 700 256.866
77 531.809 288 571.276 736 528.09 1400 873.183
55 279.583 269 303.398 510 319.472 800 337.234
61 965.506 297 1031.82 536 1066.47 1200 1159.11
61 784.429 356 846.598 694 882.042 1000 945.481
66 664.436 240 702.543 527 691.462 1200 951.771
75 221.102 265 246.862 513 229.096 800 256.617
51 429.815 130 501.432 379 527.046 600 533.306
58 443.734 297 483.739 600 493.309 1200 715.911
54 665.392 311 716.604 660 749.541 1200 826.331
38 254.905 50 290.201 462 324.435 1000 539.739
62 388.776 276 429.1 524 444.389 800 484.313
84 630.536 330 679.273 628 685.759 1000 818.85
64 459.692 302 496.689 623 466.043 1200 773.467
42 292.364 176 318.381 527 344.773 700 358.028
29 259.739 81 356.703 400 314.787 800 559.062
44 317.652 111 354.47 429 308.441 900 519.551
43 250.566 210 272.158 504 237.253 800 399.767
51 657.31 150 846.69 632 842.091 1400 1023.04
55 555.633 428 608.726 818 639.947 1000 662.564
65 578.928 319 616.455 607 638.088 1300 739.474
51 749.924 156 912.442 587 806.757 1200 1359.15
55 525.41 318 570.771 712 608.347 1200 653.646
72 431.251 389 468.563 759 488.636 1400 577.695
57 311.061 244 348.445 694 374.617 1200 404.001
67 1025.72 185 1134.41 702 1020.62 1600 2044.59
89 340.188 262 381.456 464 379.67 1300 418.39
47 438.328 113 555.395 900 429.993 900 429.993
50 754.46 132 905.162 528 739.004 1300 1854.27
67 286.713 251 345.87 439 344.796 1100 374.683
54 492.282 221 537.809 495 542.021 900 730.275
69 392.742 189 417.589 477 423.281 1200 471.28
70 764.009 450 858.563 837 900.322 1400 997.946
96 660.254 431 717.763 770 739.463 1400 786.135
43 691.207 403 776.509 770 823.593 1100 918.624
61 736.098 182 788.786 510 772.583 900 941.349
64 319.001 215 346.008 551 372.463 800 391.922
45 522.566 241 560.249 476 583.932 800 617.814
85 630.574 246 679.77 603 611.258 1400 1246.19
99 321.867 352 344.048 677 318.041 1300 538.233
58 789.225 144 810.243 625 556.291 1000 632.682
51 684.932 155 707.045 551 680.786 1200 1044.57
54 357.468 266 408.319 594 419.17 1100 487.348
73 272.806 233 303.141 480 296.512 1200 529.687
82 269.465 363 287.343 682 297.505 1400 328.214
42 284.301 183 310.992 486 322.072 900 434.466
53 1104.95 340 1206.11 701 1268.12 1300 1393.87
59 311.505 170 367.335 482 331.564 700 403.175
38 168.553 92 217.013 511 209.448 1100 427.289
30 404.238 63 482.144 447 487.466 1000 687.64
58 432.565 284 494.202 600 504.112 600 504.112
77 578.729 424 630.345 830 639.864 1400 784.029
69 718.071 194 794.36 669 724.817 1500 1553.1
95 477.962 424 516.096 773 532.416 1500 657.78
62 713.086 250 784.744 658 766.956 1300 1353.61
64 541.439 136 568.414 509 528.212 1100 779.38
67 571.433 278 650.712 520 632.389 900 633.077
66 1066.27 286 1171.28 770 1179.53 1700 1865.25
60 279.607 124 303.843 451 270.934 1200 667.037
46 407.018 179 456.181 506 498.795 600 474.538
58 570.411 177 619.958 549 552.244 1100 1039.05
74 765.259 478 831.826 888 868.42 1500 1035.58
57 532.456 207 571.712 512 569.54 800 729.136
74 673.13 271 717.028 505 721.058 1000 849.995
86 621.158 437 679.196 786 695.406 1500 758.71
24 259.691 126 352.158 303 362.982 600 394.521
76 708.728 188 709.667 624 582.045 1200 978.662
48 505.432 144 635.871 483 675.891 600 678.791
48 494.684 195 538.51 491 569.222 900 611.033
65 584.011 229 628.282 599 614.251 1200 841.788
62 630.867 436 695.663 838 728.649 1300 842.953
57 676.472 352 733.616 747 772.918 1400 878.706
62 548.625 145 646.983 732 694.847 1300 735.302
61 457.638 251 502.816 594 518.297 1000 558.113
56 573.594 124 639.601 611 673.192 1300 763.31
69 539.693 155 584.763 607 478.187 1400 1355.45
47 340.775 111 384.418 496 340.738 1100 523.85
41 519.564 143 569.084 386 573.491 700 761.743
71 340.191 291 373.838 543 380.128 1300 418.005
58 760.798 251 813.838 452 835.003 800 889.547
46 425.064 140 513.906 391 499.649 700 706.844
19 401.534 56 605.533 363 583.092 600 717.973
65 390.657 321 421.919 606 437.482 1200 522.872
64 434.347 268 467.254 507 485.478 800 520.822
66 334.026 278 359.228 629 372.559 1300 404.818
45 567.784 276 633.817 501 672.445 600 672.466
55 343.579 123 360.535 424 319.888 1000 534.558
39 428.43 98 498.43 481 440.724 900 669.934
35 353.208 82 479.667 369 450.921 800 705.342
52 817.853 221 899.845 728 851.843 1300 1173.36
47 517.857 280 567.995 538 596.97 700 628.797
71 684.052 377 727.843 744 734.599 1300 959.006
68 347.43 400 389.256 779 407.802 1400 447.285
51 448.376 386 492.712 724 520.777 1200 565.407
65 428.524 314 459.761 590 460.236 1000 648.162
69 980.688 298 1072.81 621 1092.74 1500 1210.94
67 1002.51 233 1041.33 680 982.419 1400 1557.69
60 536.646 176 614.898 730 569.082 1300 751.99
52 560.841 196 631.184 474 670.054 600 678.513
44 263.803 98 326.288 446 345.714 900 362.405
39 498.917 142 622.588 549 625.509 1000 596.941
68 450.646 185 481.272 396 481.137 1100 751.84
67 780.682 349 847.475 645 874.832 1300 997.456
49 1020.68 262 1107.48 587 1165.94 1000 1277.37
100 658.463 383 710.908 722 727.762 1500 763.567
48 831.887 431 931.821 809 991.394 1200 1063.12
67 410.801 159 448.971 532 395.996 1000 624.107
58 715.553 225 772.663 634 740.138 1100 958.357
47 368.828 122 447.731 305 453.744 700 482.743
63 659.698 245 714.661 638 761.212 900 792.728
85 356.779 260 396.38 621 405.466 1500 439.173
69 636.364 263 682.275 675 638.995 1200 899.715
51 430.503 148 477.457 448 481.12 700 571.686
83 512.773 379 551.497 706 548.811 1300 803.594
51 697.179 207 758.377 498 785.199 600 815.778
56 1093.44 486 1224.87 935 1297.22 1400 1486.29
66 613.632 177 683.416 385 677.817 900 669.625
73 683.912 208 727.594 483 725.594 1300 813.012
53 1130.97 436 1257.65 848 1335.04 1300 1509.54
67 733.47 189 802.612 529 792.259 1300 883.009
38 508.111 141 626.059 459 620.864 600 629.177
72 410.457 419 443.529 790 436.347 1400 656.378
74 692.98 429 750.349 867 793.267 1500 854.172
54 625.978 357 703.056 702 667.233 1200 809.159
47 244.652 136 283.673 433 229.982 1000 692.54
78 611.395 278 661.818 576 654.346 1300 766.715
49 425.139 298 463.499 579 479.675 800 534.825
36 375.37 84 500.965 466 501.115 800 492.92
78 533.29 278 572.488 518 583.264 1000 690.722
57 833.696 111 877.41 470 846.489 1000 1276.31
51 453.728 263 494.43 531 514.335 700 529.22
75 524.872 380 560.81 839 590.745 1400 632.621
83 741.217 267 669.983 538 554.008 1000 847.028
89 567.764 328 607.976 619 621.189 1200 747.029
65 647.321 346 705.299 637 732.091 1200 819.31
36 397.499 90 563.544 520 454.322 900 558.521
60 961.909 175 1043.88 619 950.62 1400 1865.16
71 522.952 206 607.638 583 533.743 1500 1469.2
61 358.038 289 396.971 540 406.29 900 451.695
45 350.131 137 345.257 436 281.077 700 388.59
68 1091.42 326 1196.51 811 1185.09 1600 2113.57
63 682.454 233 747.318 706 787.313 1200 835.046
63 483.906 360 530.561 675 531.935 1100 638.042
42 443.057 132 501.026 396 469.791 800 775.026
56 299.565 179 341.422 621 360.797 1200 421.838
76 700.268 447 765.704 804 786.917 1500 855.041
91 416.025 288 468.196 540 473.403 1300 522.559
48 628.902 261 685.905 562 731.775 800 763.577
51 454.572 150 534.666 481 576.798 700 599.055
63 266.205 161 303.191 464 261.887 1300 639.158
56 925.88 495 1037.91 912 1109.69 1400 1193.43
60 623.967 317 681.975 648 706.29 1000 742.456
62 293.134 170 320.113 418 293.756 1000 601.028
74 631.211 414 686.642 746 705.294 1400 767.755
64 272.323 277 291.913 576 302.088 1200 331.41
68 497.422 156 508.333 441 473.087 1200 881.674
76 333.085 282 356.503 577 356.615 1200 583.3
55 382.004 135 413.045 337 388.4 1100 817.126
43 506.938 183 601.381 432 627.977 600 645.224
57 397.945 233 428.615 476 415.001 900 801.761
66 214.751 260 231.608 521 213.602 1100 404.32
32 338.592 384 385.89 720 413.73 1000 456.947
64 671.827 337 733.775 628 764.785 1200 860.981
71 475.339 278 518.634 681 494.975 1400 948.499
94 674.188 385 730.02 894 753.819 1700 946.674
67 517.391 345 551.867 647 567.346 1300 664.411
70 682.501 228 646.126 578 566.979 1200 1098.22
28 335.632 79 426.892 458 448.047 700 474.844
53 279.745 123 310.842 506 256.863 1300 696.382
63 557.219 223 604.127 464 612.071 1000 651.331
64 516.33 236 575.488 588 573.195 1300 762.99
80 582.877 228 566.096 540 452.672 700 506.95
64 515.216 286 548.142 624 560.648 1300 620.25
65 706.61 139 764.987 543 690.965 1400 1470.84
36 218.272 133 246.911 283 247.464 700 374.917
68 810.986 261 904.85 593 834.598 1300 1288.57
78 973.672 201 982.238 674 828.592 1300 1333.13
63 1256.83 215 1409.79 732 1252.52 1400 1989.79
45 552.624 145 603.735 441 590.406 800 837.396
99 520.005 411 574.764 775 574.05 1600 949.121
23 378.06 103 565.685 504 622.459 600 568.88
75 322.01 288 353.037 567 344.577 1200 661.51
59 559.342 154 562.374 515 476.745 900 685.772
62 470.879 344 515.418 662 540.312 1200 577.776
38 221.96 279 243.787 550 258.472 900 279.707
45 442.808 186 472.148 420 492.977 600 514.213
56 775.555 144 898.023 523 841.55 1200 1160.19
62 671.546 341 736.707 627 746.998 1200 830.878
44 376.491 179 399.155 405 405.698 1000 469.888
18 288.289 103 385.611 368 380.647 600 505.971
55 444.622 287 508.424 560 468.321 700 466.872
71 630.08 329 679.118 582 698.219 1000 757.859
71 240.887 351 257.025 719 235.839 1500 585.208
46 635.677 155 771.922 552 765.039 1400 1020.61
71 349.878 327 377.441 604 387.011 1200 449.38
78 507.609 423 540.748 828 516.473 1600 870.153
88 342.166 303 379.328 778 366.713 1700 851.692
70 645.823 445 723.391 951 676.307 1500 966.775
63 248.976 327 307.0 610 310.453 1100 437.787
34 251.136 279 276.935 687 300.78 1000 321.996
58 465.025 151 493.247 387 500.069 1000 544.95
48 923.379 172 1028.88 548 917.073 1000 1196.86
61 648.11 235 715.608 510 731.568 1100 805.69
81 291.254 232 329.778 625 334.521 1400 583.249
41 623.547 275 684.066 611 737.363 800 767.385
104 499.989 273 532.565 611 539.573 1500 602.647
82 1041.02 426 1131.35 886 1183.44 1600 1320.66
63 363.516 256 432.394 497 439.413 900 520.823
40 703.201 98 872.368 517 835.159 1100 1263.29
59 302.593 167 319.944 362 315.349 1000 563.307
65 458.188 282 535.063 551 561.042 800 590.941
45 290.782 190 328.572 424 337.192 700 368.204
88 571.446 391 619.315 725 633.714 1400 741.632
66 901.434 170 985.436 661 936.068 1600 1836.55
37 530.656 97 713.281 513 747.306 800 762.961
68 304.19 156 321.261 356 315.721 1100 610.412
100 668.131 471 720.615 842 726.695 1600 918.863
45 1260.89 427 1437.06 936 1504.01 1300 1743.08
83 447.437 294 482.377 575 492.159 700 505.566
56 840.946 137 930.062 356 964.168 600 920.57
82 520.517 291 558.148 667 560.476 1300 767.706
81 1130.49 461 1236.19 889 1299.08 1600 1451.35
32 258.765 137 336.355 394 295.484 800 600.228
74 471.561 164 511.35 566 408.056 1200 1135.64
62 455.505 321 498.984 606 512.905 1000 552.645
79 440.68 369 469.299 748 456.823 1200 647.369
61 353.572 182 413.722 521 355.456 900 503.648
64 801.722 351 871.726 935 949.812 1300 999.064
47 270.255 233 310.701 443 321.338 900 384.672
66 619.363 443 674.556 836 679.18 1400 870.194
60 591.341 144 632.153 444 610.759 800 847.829
52 638.838 249 692.235 509 718.508 900 779.786
59 581.205 286 636.934 744 609.597 1300 993.781
73 364.332 191 398.494 476 401.197 1400 463.247
53 527.051 110 624.593 450 575.414 1000 809.756
66 397.47 268 434.618 492 430.469 700 455.204
105 578.181 387 623.161 759 631.373 1700 1025.55
90 302.523 283 326.346 527 325.671 1200 644.903
28 330.603 66 407.909 335 407.691 800 508.385
48 221.388 115 274.123 525 293.522 800 304.114
63 838.993 384 917.168 767 968.876 1300 1041.84
94 546.532 357 590.549 628 608.048 1100 634.014
84 446.625 300 472.317 538 481.641 1500 611.871
62 946.173 178 984.538 710 890.292 1500 1500.44
74 317.526 327 339.845 600 343.668 1300 504.744
65 557.522 157 590.607 762 424.344 1100 550.727
29 261.685 142 383.154 506 420.558 700 435.497
61 278.645 285 309.601 512 291.864 800 313.471
74 283.137 195 307.073 453 294.968 1400 669.63
53 635.586 154 717.711 580 606.32 1000 731.859
41 526.363 204 615.739 481 664.989 600 649.434
70 716.372 229 708.27 643 613.679 1400 1222.68
38 590.749 136 735.139 355 727.457 600 904.758
77 420.456 189 454.041 430 455.452 700 533.627
60 504.335 207 546.649 599 484.051 1300 833.205
67 401.277 149 448.052 595 353.359 1200 809.681
56 307.253 192 352.912 464 341.547 1400 679.601
67 643.763 186 691.495 405 690.091 1100 756.998
66 754.985 244 804.576 526 819.761 1000 883.998
39 727.123 93 889.544 579 938.763 1400 1065.44
75 670.62 190 683.772 604 564.762 1300 1129.26
77 739.632 304 790.857 651 804.981 1100 870.862
57 368.431 278 397.19 549 413.91 1000 455.019
81 591.854 220 612.713 553 582.35 1500 1282.19
60 384.244 185 422.268 447 418.867 1000 753.969
48 650.783 131 713.769 503 706.63 600 672.948
45 301.58 230 382.856 518 397.485 800 412.973
70 403.17 361 443.744 760 465.211 1400 519.675
72 490.639 333 527.066 675 543.99 1400 591.703
31 292.447 161 353.19 395 351.465 700 444.989
57 677.163 182 779.537 501 702.482 700 757.327
83 323.45 313 345.69 598 355.68 1300 399.702
27 362.152 80 420.716 415 366.322 700 520.492
50 287.032 188 315.669 457 277.697 700 300.229
78 504.588 172 542.793 528 434.46 1000 819.479
53 375.308 403 414.988 755 440.236 1200 486.849
46 363.336 166 402.531 420 405.446 700 434.642
36 410.811 173 503.708 498 504.626 600 468.943
60 646.803 258 701.779 525 718.277 1200 814.228
68 275.677 224 297.466 533 308.638 1200 342.617
59 441.297 137 479.773 623 334.393 1200 677.847
44 541.698 130 619.798 600 421.77 600 421.77
66 409.532 509 453.969 974 487.085 1500 521.194
54 397.67 261 427.565 536 439.165 1100 484.665
38 476.188 140 547.715 363 537.15 600 697.682
53 464.028 112 575.647 405 561.028 900 607.996
66 278.006 327 303.033 710 320.563 1200 363.049
64 292.445 252 322.209 476 332.641 700 361.64
52 400.59 264 465.544 479 481.006 800 510.556
64 443.076 182 489.371 700 539.661 700 539.661
62 894.009 313 975.563 630 1005.35 1300 1315.86
55 374.741 114 460.643 416 432.29 1100 817.087
17 559.452 37 719.586 387 755.324 600 876.384
85 404.547 218 431.599 481 435.718 1300 479.679
26 287.535 72 423.212 278 487.405 600 489.416
56 305.61 302 331.494 558 345.957 1000 374.19
85 508.084 279 537.092 523 539.622 800 601.779
63 219.812 207 241.935 526 252.641 1200 276.049
57 311.537 208 347.74 702 371.239 1300 402.187
50 259.503 279 282.627 534 291.15 1000 312.724
61 359.651 261 467.45 482 472.075 800 511.992
67 452.585 253 487.079 453 497.648 900 555.98
59 271.281 210 291.261 378 270.114 900 472.458
69 420.802 243 458.209 526 476.752 1000 515.35
79 577.275 414 632.573 756 648.785 1400 702.791
62 247.144 179 282.078 634 295.593 1400 323.023
72 423.063 191 418.607 549 341.793 700 397.779
81 352.599 228 379.701 487 389.23 1200 443.171
50 282.363 273 305.207 534 318.055 1000 344.397
80 459.468 277 497.698 538 495.114 1400 796.811
52 413.384 137 462.306 317 462.518 900 699.174
69 623.068 404 681.176 858 649.542 1500 1052.65
73 653.93 245 720.835 517 681.989 1200 887.696
68 242.407 295 270.865 555 267.787 1100 422.21
68 357.217 324 393.135 600 410.821 1000 443.106
39 477.491 99 595.166 385 553.36 900 774.088
81 666.299 404 713.342 834 727.588 1600 1027.14
68 865.345 224 949.466 532 848.931 1200 1163.15
66 181.474 233 218.552 446 216.915 1200 268.287
64 292.695 189 328.484 458 315.76 1500 682.171
40 247.996 91 287.039 398 243.392 900 542.319
70 620.926 211 648.582 662 587.862 1100 808.824
53 588.004 238 631.095 726 672.091 1200 716.041
51 980.635 143 1116.44 451 939.234 600 872.717
57 491.981 269 528.786 554 542.548 1200 630.321
73 533.544 238 604.13 522 593.709 1500 764.423
79 788.747 231 861.345 540 722.594 900 791.515
70 826.288 319 889.939 570 918.494 1000 977.743
81 905.556 369 979.67 678 1006.67 1300 1061.32
64 866.78 233 976.809 670 863.953 1400 1677.61
64 534.603 200 571.414 481 479.845 800 693.171
78 375.38 277 407.375 582 427.191 900 444.257
33 371.369 155 427.708 391 430.965 600 480.596
96 501.119 290 537.27 530 543.289 1300 596.375
67 892.821 295 956.1 573 983.444 800 1053.79
56 305.426 142 383.137 543 380.428 1100 593.105
65 780.108 165 827.979 867 628.892 1600 1093.47
57 438.573 390 472.619 787 502.785 1100 529.17
77 564.065 402 606.83 799 613.721 1300 749.431
55 256.857 154 299.813 457 260.593 1000 504.243
47 730.949 368 821.294 717 842.821 1100 919.038
63 497.294 331 558.657 636 546.198 1100 643.804
58 545.643 197 632.44 562 585.43 1200 631.107
35 535.258 142 611.351 471 662.061 600 646.098
58 298.666 170 319.832 609 248.629 1200 584.847
53 746.921 154 841.12 664 741.81 1100 1062.4
46 769.873 121 939.49 555 774.336 1200 1636.14
65 322.329 308 356.896 601 368.422 1300 418.764
80 358.016 256 417.637 451 415.873 1200 450.343
55 890.973 254 961.233 536 984.4 800 1131.46
37 460.459 273 508.193 516 537.01 800 574.605
62 328.688 255 360.832 575 387.127 800 405.344
31 536.038 109 683.035 470 679.446 700 768.295
56 159.8 177 193.303 368 189.466 1300 454.239
57 491.351 432 547.712 858 584.131 1300 637.354
58 566.808 277 647.457 560 655.422 1500 744.822
42 532.062 106 598.876 325 570.702 800 879.108
50 927.274 185 1038.75 485 924.923 900 1012.02
40 275.163 121 297.532 532 326.307 800 346.366
78 881.059 395 957.218 754 969.474 1200 1162.36
57 218.714 143 241.043 307 236.981 900 404.301
51 758.638 283 821.296 555 855.23 700 894.865
65 466.1 375 520.975 810 470.17 1400 733.052
56 362.758 261 401.297 523 423.89 700 452.377
66 914.985 170 1000.96 694 843.588 1400 1534.35
91 311.963 243 344.632 459 344.778 1400 398.211
55 514.452 287 558.606 542 570.197 900 613.724
62 655.425 368 716.329 687 744.726 1200 822.751
59 216.451 183 255.499 561 269.172 1100 285.957
44 373.15 145 450.239 461 408.898 700 540.401
64 462.303 202 440.608 487 409.019 600 446.175
46 369.872 192 402.392 555 427.413 900 455.3
51 259.435 160 275.582 420 248.443 1200 585.724
74 355.421 347 383.047 645 389.0 1300 569.017
87 439.747 397 473.54 738 491.212 1500 535.201
66 375.335 170 429.28 700 311.251 700 311.251
55 713.05 202 795.714 502 807.469 600 804.542
57 314.419 132 346.849 552 284.738 1300 762.915
77 911.911 405 990.389 804 1034.79 1500 1166.68
30 346.793 74 460.635 351 436.823 700 602.502
47 305.996 224 338.41 455 357.884 600 368.785
50 453.696 236 511.466 489 542.123 600 521.765
48 310.274 129 364.503 656 390.434 1300 421.912
62 528.104 360 574.463 778 538.071 1400 957.534
74 247.214 295 265.782 521 272.232 1200 294.202
49 250.011 185 266.133 396 264.484 900 414.249
71 686.096 314 734.397 567 753.987 1200 823.61
65 296.478 188 304.535 504 269.928 700 340.858
40 347.227 102 397.349 448 364.537 1000 532.61
46 298.771 235 338.887 567 317.394 700 335.855
70 670.592 292 726.402 552 735.558 800 783.004
97 507.956 280 538.313 551 536.98 1000 603.359
67 548.573 172 644.637 533 582.043 1400 1027.77
56 518.697 285 561.017 556 580.427 700 612.058
60 422.044 298 456.367 573 473.462 900 544.962
49 426.679 142 473.182 539 327.024 800 395.582
53 520.764 215 625.888 484 628.609 600 659.028
45 547.895 158 625.145 462 659.356 700 682.101
46 348.205 184 368.783 592 391.86 1100 427.601
61 909.24 410 997.693 868 1065.32 1300 1132.73
64 231.147 161 260.789 390 237.988 1000 584.055
41 285.073 100 304.586 393 248.921 800 425.462
53 319.382 164 360.601 599 380.129 1400 429.917
48 495.632 361 553.099 679 591.968 900 623.82
68 483.185 224 525.834 504 523.733 1100 601.853
54 467.353 180 504.261 448 508.683 800 639.101
69 735.112 264 762.793 685 705.923 1200 1075.84
96 479.722 322 505.609 590 501.382 1300 613.337
61 463.252 241 497.27 699 538.49 1100 571.457
63 463.031 320 510.096 600 529.541 1300 585.489
63 521.051 253 553.402 581 556.399 1200 696.758
31 364.196 98 422.235 546 328.08 700 380.091
48 548.176 262 596.172 624 582.011 1000 833.555
52 283.092 222 314.292 532 335.473 800 353.209
83 560.484 310 603.353 807 633.795 1500 689.199
60 727.948 422 794.375 822 829.608 1300 948.49
61 681.936 193 722.4 433 732.545 700 828.682
77 565.189 175 616.21 518 528.403 900 747.929
52 542.622 266 593.44 642 591.779 1000 785.386
38 460.311 111 525.704 538 384.389 1000 683.013
40 445.753 168 487.725 405 480.993 1100 886.12
44 721.549 125 781.172 561 741.407 900 901.728
57 633.413 324 687.989 634 719.649 1100 804.859
72 499.311 248 582.652 537 573.164 1300 628.973
73 500.234 229 534.308 477 528.054 1300 597.925
51 760.392 375 835.113 702 882.103 1100 938.881
65 581.022 162 608.168 600 538.53 1400 997.039
65 338.837 131 356.003 693 384.367 1100 407.146
80 565.671 218 617.41 622 513.41 1500 1496.67
34 559.733 94 695.124 261 676.678 700 917.861
49 542.95 109 597.139 497 648.502 600 634.883
52 340.646 250 364.251 436 372.54 900 399.196
38 452.909 87 606.059 95 615.754 700 511.694
57 1022.68 302 1112.2 578 1157.45 1100 1282.18
52 789.777 308 861.429 599 906.699 1000 969.839
57 523.717 282 628.494 527 634.234 1600 719.076
50 286.05 175 340.156 381 334.466 900 499.774
64 432.571 363 539.784 708 559.214 1600 616.515
44 367.415 129 376.737 313 390.998 600 415.069
45 491.295 115 592.079 503 476.266 1200 1170.75
59 577.467 340 619.856 697 647.461 1200 706.069
51 572.505 300 623.381 710 631.144 1100 761.269
55 761.645 197 824.573 508 871.794 900 929.786
54 815.533 178 933.896 650 768.71 1300 1727.13
51 193.542 132 211.063 320 201.997 1000 435.454
76 261.629 285 303.994 598 315.514 1200 336.857
59 270.449 247 310.776 674 287.666 1300 502.768
60 334.035 291 379.738 542 388.0 1300 523.366
92 665.858 233 678.373 675 553.575 1600 1544.39
50 547.883 146 547.516 474 494.381 1100 909.103
69 454.988 235 508.322 464 505.427 1200 560.722
66 663.848 207 696.289 503 686.095 1300 784.87
70 704.531 176 704.547 493 643.024 1300 1248.58
59 431.091 127 570.379 573 539.726 1400 989.75
44 613.784 146 730.253 442 723.701 600 809.117
36 228.347 185 272.014 535 293.795 800 309.232
74 777.079 455 850.572 866 861.458 1400 1000.36
59 291.834 253 366.922 481 366.616 1400 445.685
56 505.343 160 595.096 376 571.445 1100 909.261
43 850.532 92 959.392 513 952.989 1200 1403.03
41 297.241 103 326.434 501 265.051 900 459.633
47 337.605 269 371.685 590 354.969 1100 785.113
47 512.499 87 599.003 427 553.844 800 742.926
52 230.188 201 303.299 474 300.344 1100 337.659
33 327.066 94 398.319 700 345.101 700 345.101
54 677.256 128 791.816 432 642.767 1200 1431.55
39 468.118 116 535.491 520 435.148 1000 925.488
16 288.023 90 490.6 468 497.36 600 503.754
75 305.184 307 328.013 560 333.733 1300 410.368
58 455.129 242 494.267 613 509.316 1100 622.475
40 781.909 395 888.195 711 918.458 1100 1036.96
34 297.299 90 436.561 398 417.94 1000 517.599
46 316.71 200 340.162 419 352.313 900 382.618
51 402.626 291 436.825 579 458.799 1000 498.055
48 263.357 215 285.292 506 283.896 600 299.967
73 566.542 421 613.692 810 636.372 1500 703.082
65 515.787 144 555.405 534 479.231 1300 938.269
50 429.591 127 473.676 414 443.838 1100 995.872
46 534.738 130 633.145 764 666.647 1300 892.179
61 584.096 406 644.061 739 676.368 1200 726.775
47 792.215 119 858.842 273 861.319 700 1163.52
37 629.082 158 692.074 623 740.05 1100 922.927
49 607.566 236 650.325 476 666.473 700 716.118
70 466.722 346 504.221 696 529.759 1200 568.475
65 262.533 337 294.567 651 291.156 1100 409.321
46 283.898 190 350.482 390 350.821 900 376.696
86 243.871 327 264.836 681 277.141 1300 301.093
46 548.856 314 603.965 729 652.969 1100 698.523
71 660.152 360 708.993 735 740.662 1300 789.932
70 853.286 320 912.709 765 934.968 1400 1075.64
62 500.067 341 541.452 664 565.429 1200 616.997
32 410.856 95 548.745 414 514.453 700 587.47
95 270.178 212 295.453 653 303.415 1500 464.593
55 540.124 363 591.689 702 623.737 1200 673.697
45 484.276 171 526.086 463 552.089 800 577.003
55 772.45 323 838.15 692 884.503 1200 953.538
56 678.737 180 688.15 411 678.609 1100 1107.3
55 217.756 135 231.036 332 222.212 1000 451.686
49 501.511 224 592.138 453 613.876 600 619.429
62 556.729 198 567.566 460 491.686 600 533.286
45 428.856 128 459.003 423 383.966 800 523.289
68 762.833 278 821.649 636 814.151 1200 1145.3
53 360.061 355 391.522 679 411.137 1000 433.065
69 292.539 329 326.292 613 337.052 1400 378.385
64 307.314 275 328.397 559 339.95 1200 400.614
59 399.228 320 430.745 599 445.555 1200 486.927
63 331.716 282 359.839 532 373.773 1100 406.332
48 604.486 132 722.592 624 771.613 1100 820.944
58 560.127 163 604.872 400 615.808 1000 670.67
72 614.348 266 659.089 583 665.333 1000 796.658
64 1678.17 446 1840.03 1073 1990.71 1700 2196.55
41 347.552 142 408.49 561 447.899 800 470.651
68 719.667 334 779.848 767 804.837 1300 935.869
54 572.143 489 637.117 971 687.103 1500 743.753
56 487.738 123 541.07 448 510.405 1000 828.178
53 375.126 258 405.558 590 407.659 1000 538.333
30 422.811 114 567.379 394 579.639 600 617.265
75 408.95 320 458.308 640 421.287 1000 458.478
42 836.898 87 902.716 592 856.62 1200 1332.52
55 446.236 182 475.469 537 509.818 700 525.626
63 320.065 309 345.561 607 363.978 1000 388.465
40 478.296 208 564.582 589 564.131 1100 835.917
87 181.097 311 195.071 809 207.462 1600 229.433
54 382.971 177 425.307 451 400.189 700 584.592
45 312.557 187 351.138 541 372.963 1100 407.743
49 677.909 413 755.705 803 797.313 1100 883.384
58 716.32 221 782.714 553 830.902 900 879.429
31 325.061 60 423.49 343 392.198 800 674.396
64 267.743 186 322.357 391 315.922 1500 685.228
72 366.748 197 422.845 519 392.651 1300 939.044
42 504.916 182 589.06 675 639.36 1000 666.065
69 447.686 234 485.209 798 516.709 1500 624.633
59 347.556 375 380.724 722 391.634 1200 487.268
67 677.182 334 730.948 699 766.951 1200 814.056
68 859.427 396 922.161 804 938.947 1400 1183.21
64 760.085 226 812.773 600 843.149 1100 899.689
70 586.174 429 638.586 832 664.552 1400 800.994
50 255.847 158 329.547 438 299.3 1000 437.968
50 246.061 135 311.321 498 281.868 1100 549.251
79 370.587 174 404.636 592 346.344 1400 763.277
67 809.983 299 877.084 560 887.967 900 960.408
75 342.076 282 370.025 603 393.645 900 414.02
86 691.163 406 744.214 746 763.873 1600 875.308
45 424.274 179 545.206 481 568.051 800 588.315
95 393.083 293 413.279 600 405.977 1500 691.432
51 1014.42 118 1111.33 580 1080.22 1300 1746.43
49 366.412 203 413.417 471 327.741 900 387.356
51 521.883 171 544.045 486 511.855 1000 819.776
39 302.121 88 395.93 396 353.204 900 712.835
68 364.707 213 457.103 589 459.553 1200 479.629
45 644.457 120 837.809 539 693.02 1200 1504.22
74 650.302 256 719.664 680 717.98 1400 964.96
55 540.781 180 580.246 532 533.758 900 711.534
42 405.57 119 514.942 413 475.669 1000 725.817
41 600.238 107 684.495 344 659.053 800 962.395
34 413.301 160 450.246 555 497.882 800 526.571
61 401.098 294 431.322 582 446.184 1100 493.171
34 447.193 126 555.561 464 562.927 800 530.81
74 407.503 244 430.835 506 430.817 1200 642.096
50 295.526 191 346.369 491 355.372 900 402.046
47 563.213 146 635.283 645 683.699 1300 745.582
21 283.795 99 429.428 600 341.491 600 341.491
65 371.824 247 427.272 528 417.999 1000 679.603
68 178.184 278 192.753 527 181.607 1200 543.473
43 512.127 217 615.598 545 569.739 700 561.527
47 520.244 429 576.051 827 612.266 1200 673.777
58 531.35 134 594.575 515 508.235 1200 914.041
55 728.453 303 810.321 764 771.019 1200 1105.94
72 483.926 164 576.216 502 469.062 1600 1635.15
49 252.996 173 279.74 373 278.051 1100 489.88
71 245.609 162 271.297 474 248.377 1200 504.22
60 750.186 169 789.235 385 788.539 1100 1164.55
60 284.58 279 301.443 509 303.866 1100 466.136
66 668.091 323 704.326 637 709.19 1200 939.276
41 401.15 144 444.195 472 405.971 700 522.952
48 350.434 244 376.29 533 380.1 1000 542.952
72 418.321 361 453.261 646 468.174 1300 517.765
52 409.274 164 483.482 649 516.049 1200 545.757
66 305.337 263 358.949 497 367.598 900 387.412
55 262.243 259 287.341 512 293.363 800 326.058
58 497.594 208 539.531 392 551.178 1000 619.826
45 462.883 130 567.493 587 577.971 1000 674.55
52 382.558 158 485.839 570 502.413 900 518.287
72 612.945 365 655.283 704 646.153 1300 1188.97
63 434.453 161 480.686 528 315.727 800 508.471
67 259.908 263 301.687 562 310.517 1300 355.07
50 383.853 113 406.92 378 379.574 1000 637.25
53 570.125 291 610.993 589 635.501 1100 688.918
76 866.801 421 934.487 884 977.741 1300 1033.59
48 383.274 214 453.677 455 463.576 700 516.223
50 976.699 161 1049.19 553 1119.72 1100 1209.77
58 392.383 302 422.243 562 439.792 900 465.1
75 560.595 287 595.127 725 532.392 1300 838.925
47 752.84 143 833.212 346 860.398 600 896.287
49 334.737 339 370.009 696 393.699 1100 427.601
55 639.84 233 683.992 471 709.183 800 770.378
60 384.487 188 462.06 513 455.008 1100 575.882
73 610.016 267 652.779 565 666.029 1200 808.45
38 472.041 98 491.181 335 478.166 800 689.104
76 692.418 234 748.789 669 681.409 1000 869.018
71 505.593 207 547.938 459 565.276 700 599.592
63 535.328 322 580.677 702 564.141 1300 1088.52
50 858.707 134 977.328 600 965.249 600 965.249
61 489.165 304 566.934 746 540.602 1200 620.248
47 215.662 223 234.503 449 240.905 800 259.055
90 488.309 221 509.61 570 476.455 1500 1113.75
63 616.85 173 653.583 426 621.622 1200 1011.98
42 307.377 161 361.459 441 320.191 700 486.543
77 308.938 329 338.104 619 344.646 1400 410.578
55 547.086 200 614.221 488 622.995 1000 734.707
75 542.081 269 593.897 555 581.379 1300 844.099
57 876.528 297 956.447 606 998.771 1300 1092.64
76 818.02 306 882.509 692 908.473 1100 969.412
66 795.713 235 861.438 459 888.396 800 949.004
67 337.684 296 395.133 526 401.928 1200 429.357
54 568.328 203 644.422 600 662.139 1100 728.79
48 492.782 109 578.763 558 619.43 1000 650.245
59 396.088 238 422.107 522 439.924 800 459.759
71 447.611 234 480.616 736 381.14 1500 899.192
38 415.577 128 452.534 420 408.533 600 453.684
65 862.676 161 870.05 614 704.826 1000 879.208
54 288.235 262 306.451 502 316.395 700 342.87
56 406.681 165 451.55 700 370.381 700 370.381
46 910.293 104 1046.34 516 1029.87 1300 1608.37
67 605.199 406 659.213 769 687.13 1300 766.801
40 298.537 193 321.565 485 336.646 900 366.592
80 567.644 180 622.598 662 514.708 1700 1650.05
62 523.523 319 570.433 779 554.48 1400 878.512
50 226.252 216 244.728 402 247.806 900 297.192
84 887.758 308 943.856 657 949.85 1600 1080.0
59 610.415 354 662.693 790 706.557 1400 774.363
27 427.847 69 502.262 306 401.32 700 727.513
88 465.398 252 495.161 505 491.377 1500 566.238
46 597.783 147 633.612 355 630.147 1000 970.036
60 855.695 179 929.581 509 889.851 1400 1545.33
76 492.158 380 524.443 754 526.641 1500 750.14
32 296.532 162 361.473 464 373.775 700 413.5
54 406.848 162 488.224 502 524.32 700 542.981
81 305.194 377 332.397 714 343.923 1500 412.32
51 673.497 249 733.325 509 776.467 700 810.083
28 284.566 133 381.98 430 405.667 700 430.717
41 263.653 127 331.654 588 369.249 800 382.204
58 698.291 135 773.817 568 668.156 1100 1246.81
39 407.496 134 455.137 421 439.014 600 476.104
54 552.13 344 591.748 720 626.816 1200 675.279
61 873.305 276 939.002 649 992.396 1200 1068.92
26 337.817 59 473.295 424 395.849 700 483.51
57 393.968 163 392.848 366 380.397 1000 684.791
65 317.587 294 342.256 622 362.624 1000 384.691
42 332.765 197 401.012 466 426.677 600 441.149
40 442.344 158 555.034 441 581.627 600 583.476
38 580.437 322 649.961 623 655.08 900 769.587
41 625.188 123 705.25 659 531.149 1000 738.271
22 276.193 66 377.434 289 392.473 600 422.939
37 478.603 103 504.136 292 489.244 700 736.396
66 805.794 422 874.1 756 904.66 1300 976.024
78 277.524 367 298.69 686 305.216 1300 433.07
54 273.696 123 296.628 394 268.244 1100 530.602
76 311.007 187 368.064 447 355.9 1500 854.587
64 700.339 326 769.343 742 798.594 1200 872.848
53 509.239 294 541.151 554 559.612 800 598.135
47 467.306 120 597.338 499 477.589 1200 1210.61
74 242.729 269 283.59 526 285.859 1200 312.608
86 267.015 392 292.594 764 305.119 1500 340.19
59 812.622 235 898.893 479 948.993 600 948.979
55 375.443 207 413.579 528 421.385 800 534.192
47 707.273 341 773.509 698 827.535 1000 880.054
65 282.255 243 302.597 420 307.544 1000 337.62
40 458.278 86 543.553 382 485.206 800 839.098
85 396.664 287 407.593 619 366.949 1300 660.176
59 420.678 337 449.652 632 466.205 1000 521.171
55 534.894 320 616.486 765 654.828 1200 691.349
43 256.608 183 274.663 482 292.401 800 311.263
40 256.102 108 309.819 334 297.071 800 346.331
75 292.493 176 319.885 424 310.73 1400 621.978
51 388.487 224 413.888 521 427.299 800 451.657
59 440.986 180 469.711 490 432.621 900 600.603
66 336.593 240 360.562 504 373.601 1200 414.369
54 454.33 154 479.831 423 487.219 600 513.563
54 374.331 159 401.866 574 422.642 1200 458.853
72 294.095 167 315.0 482 248.196 1400 853.817
61 918.864 279 974.39 585 1004.76 1200 1106.06
78 466.073 247 515.423 570 513.052 1200 573.375
65 478.575 170 522.532 527 343.693 900 684.698
69 1117.1 204 1170.57 663 946.284 1600 2206.13
70 540.684 159 592.056 587 484.008 1400 1437.28
77 549.677 447 595.051 880 624.191 1600 701.111
78 461.24 380 501.465 779 530.079 1200 569.96
67 406.1 197 441.513 492 406.954 1500 1113.02
67 230.182 322 248.575 594 250.844 1200 326.528
64 717.853 351 785.334 668 816.431 1000 872.304
86 529.673 458 574.271 849 598.104 1600 651.187
61 240.58 207 260.888 519 271.94 1200 332.122
44 522.883 227 581.352 600 555.852 600 555.852
62 512.029 367 555.632 845 594.65 1400 635.944
69 379.223 315 402.215 576 394.835 1200 566.299
48 653.412 396 717.107 807 771.824 1200 825.26
65 1218.57 197 1341.27 715 1247.2 1600 2335.92
51 226.342 120 290.241 650 277.085 1200 458.332
50 351.58 288 400.282 567 359.85 800 391.269
85 743.989 238 803.106 721 723.776 1600 1537.04
54 608.662 392 677.485 785 699.625 1200 747.743
56 436.825 205 492.126 600 497.83 600 497.83
66 351.206 322 376.653 550 386.591 1200 422.316
59 705.696 328 760.972 668 799.732 1100 853.106
56 802.317 288 862.304 633 909.995 1200 985.37
61 222.088 168 241.065 427 211.32 1000 426.507
62 346.884 251 432.779 535 423.55 1200 543.737
54 401.112 349 450.45 669 411.35 900 452.083
59 445.714 226 471.627 482 462.361 1100 686.129
46 426.175 147 463.778 450 446.178 800 676.999
56 816.013 470 915.174 941 984.458 1400 1054.37
80 994.456 240 1016.18 713 881.644 1300 1598.62
64 506.031 230 520.943 520 531.071 800 561.239
70 463.824 193 534.834 717 546.153 1600 943.171
58 597.363 233 641.875 567 677.916 1000 723.667
45 409.535 154 456.764 404 385.082 600 433.006
57 494.5 263 531.443 689 563.839 1000 594.12
49 710.25 351 778.05 1084 875.795 1500 936.523
41 526.521 343 585.313 680 618.017 900 672.487
38 419.906 101 477.915 600 496.782 600 496.782
60 214.285 262 232.555 465 237.449 1000 251.898
58 590.689 266 638.318 502 668.144 800 703.348
22 267.033 127 344.688 514 386.488 700 407.442
60 790.227 368 850.868 659 889.632 1100 957.182
63 239.197 156 256.026 570 211.516 1200 469.967
42 413.777 167 462.733 436 461.274 900 741.891
48 668.017 202 755.805 488 691.067 1000 936.295
43 754.86 94 1008.27 611 976.771 1300 1352.41
58 204.466 158 255.12 442 222.03 1000 381.261
78 324.865 268 341.975 505 348.889 1000 414.296
58 829.61 394 903.381 783 897.879 1400 1601.86
68 475.65 323 511.157 631 511.098 1000 595.555
66 369.453 432 396.005 807 394.853 1500 706.236
66 248.797 133 274.275 430 239.52 1200 632.747
76 775.437 220 771.268 534 627.11 1300 1505.7
62 497.002 241 533.002 466 544.128 1000 699.25
59 924.77 355 1008.97 931 1094.77 1500 1189.72
66 1057.07 264 1189.89 906 1249.08 1600 1473.37
50 336.036 114 458.57 577 440.739 1400 974.157
57 624.29 146 699.2 572 650.025 1200 1009.5
73 516.28 294 576.667 586 586.391 1000 628.393
82 532.554 382 573.314 814 599.251 1600 652.593
28 345.607 56 502.323 503 497.735 1100 846.522
83 550.74 191 593.492 575 504.659 1300 1115.53
76 527.12 324 569.657 621 563.736 1300 698.077
39 218.222 109 268.271 446 282.737 800 299.416
50 386.493 238 426.325 545 436.689 900 473.62
47 649.078 223 703.529 917 800.244 1200 835.261
52 807.896 260 880.635 636 887.977 1000 1127.39
25 267.532 50 329.723 334 334.807 800 471.234
74 418.231 306 446.503 679 467.698 1400 517.937
82 546.465 275 581.824 640 558.561 1200 870.631
61 672.677 174 714.285 590 624.415 1400 1197.8
43 300.873 189 343.213 600 367.922 600 367.922
70 759.321 241 818.268 509 832.869 1000 881.286
70 895.281 308 1004.3 800 1055.45 1600 1198.17
49 496.104 190 534.38 519 567.486 800 596.718
84 639.05 305 690.412 594 702.648 800 726.334
34 327.353 163 374.318 551 397.523 900 427.638
73 302.892 206 342.988 507 319.188 1200 666.467
59 368.596 222 396.405 551 410.255 1100 448.546
40 296.866 90 357.417 341 301.726 900 724.6
85 213.796 288 231.001 811 247.218 1500 270.68
53 297.213 119 328.402 497 237.783 1200 556.262
62 220.993 186 237.415 420 242.797 1100 268.974
56 368.774 328 399.267 649 398.036 900 464.323
48 314.663 268 357.889 597 375.758 1100 405.825
54 378.459 162 474.096 629 506.679 1100 532.417
72 451.389 159 494.323 645 390.167 1100 675.982
67 145.993 298 156.951 602 164.271 1100 179.871
62 955.4 211 1077.16 516 964.977 1200 1216.9
65 480.212 377 528.202 662 556.636 1000 579.753
64 627.588 173 712.793 431 634.822 600 629.392
54 563.101 463 635.097 888 688.921 1100 719.485
63 553.144 347 602.345 664 616.312 1200 728.225
90 320.819 281 343.568 682 327.175 1400 712.724
34 415.749 132 445.945 408 477.591 600 488.767
69 583.206 499 648.185 973 685.404 1500 740.927
39 517.07 218 596.043 600 603.892 600 603.892
75 745.53 374 809.477 706 841.757 1400 909.227
40 446.102 90 499.428 456 445.877 1000 835.288
69 401.589 346 437.942 623 453.513 1100 487.474
72 458.209 210 494.795 559 423.011 1000 615.668
43 622.456 125 805.538 601 858.503 1200 912.378
67 603.676 356 652.164 645 675.292 1300 743.451
69 358.95 317 388.392 588 393.291 1200 546.449
83 378.515 366 410.463 757 426.922 1400 468.53
65 514.768 281 554.476 664 546.545 1400 1133.29
68 475.76 288 520.579 533 548.41 700 568.816
96 394.2 288 424.269 541 436.08 1000 458.464
47 394.36 147 438.91 336 375.463 600 479.283
65 737.456 344 784.567 687 817.068 1400 897.728
50 389.143 121 478.723 289 466.671 900 730.99
52 275.572 197 354.457 430 361.896 800 374.57
54 269.351 143 324.788 433 328.049 1300 379.019
47 469.578 118 519.577 606 407.783 900 555.578
55 268.814 246 300.105 517 311.025 1100 336.708
64 582.629 172 609.759 600 526.384 1400 947.545
37 265.382 104 291.802 444 260.308 700 346.189
60 1085.83 360 1254.72 634 1214.04 1200 1281.68
64 363.556 265 390.932 551 403.718 1200 440.403
61 645.857 394 699.14 787 736.682 1300 802.984
72 842.588 243 910.222 495 929.563 700 955.169
61 469.288 301 523.201 567 499.877 700 502.245
34 336.434 104 386.625 291 367.444 700 608.471
41 273.181 87 301.674 349 241.259 800 469.931
42 346.916 221 406.372 485 417.294 600 426.689
53 230.836 226 255.224 524 267.252 900 290.602
65 830.978 306 894.302 764 953.516 1300 1027.67
64 298.507 290 332.783 547 331.815 900 413.693
62 1133.17 317 1221.39 898 1323.68 1500 1435.95
73 505.519 404 562.97 795 514.032 1400 745.992
63 1026.71 429 1129.17 888 1214.19 1500 1326.25
77 282.24 276 308.501 528 312.183 1000 414.453
63 407.425 184 463.349 412 399.444 700 464.024
81 727.649 345 783.12 670 774.298 1300 913.589
53 601.538 321 666.69 708 651.126 1200 948.673
59 1166.01 357 1348.25 623 1303.1 1200 1394.85
94 655.618 351 696.08 662 695.933 1500 773.155
49 332.32 127 379.493 600 282.885 600 282.885
44 227.367 269 248.951 489 259.145 800 277.045
55 594.938 163 668.348 368 550.204 700 698.454
46 463.303 134 592.208 621 615.404 1200 676.369
55 507.064 224 543.157 446 542.357 1000 629.33
60 452.773 375 495.246 725 515.915 1300 683.706
61 434.842 170 480.058 521 399.648 900 597.347
45 774.358 151 817.205 404 810.678 1000 1181.74
50 409.411 214 446.394 521 471.669 1000 513.058
71 335.86 151 373.57 580 294.101 1300 833.934
63 627.775 422 680.377 771 710.263 1300 769.541
48 671.746 89 765.699 477 758.685 700 755.71
70 235.757 248 256.892 608 269.561 1300 295.094
60 760.403 171 860.188 670 743.649 1100 1074.88
89 469.126 390 498.629 827 469.483 1600 1001.73
47 329.439 258 356.698 461 367.724 900 396.799
37 623.212 126 693.234 496 632.583 700 728.984
68 933.332 398 1019.41 796 1042.96 1300 1360.37
65 716.941 442 789.911 838 830.999 1300 883.968
56 642.817 209 679.887 476 691.893 600 701.043
68 438.839 173 469.889 616 378.242 1400 909.243
46 369.696 177 401.556 468 400.057 700 464.644
78 757.083 341 808.252 650 809.66 1400 898.307
79 247.218 304 260.05 603 248.329 1200 556.711
54 598.755 164 643.992 700 615.343 700 615.343
53 481.306 227 585.715 600 539.163 600 539.163
21 351.172 59 607.495 364 600.555 600 706.413
53 894.619 372 970.727 702 1003.99 1200 1125.12
77 419.911 347 462.803 690 480.417 1500 525.315
52 299.65 316 326.816 572 343.046 900 366.85
75 247.493 205 260.005 566 197.479 1300 523.626
54 450.426 138 499.085 418 509.498 1000 556.563
62 365.423 155 464.44 512 413.993 1400 890.259
59 249.318 252 275.371 645 263.181 1300 494.034
59 490.921 318 525.473 598 549.238 1000 592.105
74 533.158 137 577.367 631 521.504 1600 1086.56
52 732.356 88 809.633 439 806.749 1100 1175.76
35 484.492 105 613.084 455 534.491 900 847.992
50 552.568 212 596.67 590 631.185 900 709.271
56 869.141 129 979.73 634 881.607 1400 1674.47
60 1252.36 458 1382.92 1036 1504.66 1600 1634.14
37 321.035 87 440.395 427 386.363 800 568.942
54 750.101 279 809.721 718 872.557 1100 925.593
62 609.064 258 647.531 448 663.139 900 706.081
82 210.935 240 234.908 489 240.541 1100 260.15
48 399.432 125 445.791 471 393.886 800 590.352
65 840.539 272 950.367 771 920.637 1400 1279.24
32 507.243 157 688.257 413 688.371 600 727.46
55 442.458 154 504.503 429 487.243 600 584.217
41 253.854 124 292.669 275 288.882 700 463.552
65 340.837 175 383.758 532 322.388 1200 684.68
73 403.061 305 433.668 615 419.075 1300 780.042
57 726.235 274 799.981 504 845.264 600 841.1
40 449.286 91 492.422 438 437.583 1000 849.769
62 306.43 260 353.908 531 344.992 1000 658.556
60 743.196 416 808.523 836 854.346 1400 937.901
61 370.707 223 407.33 473 408.575 900 542.718
47 522.749 125 579.136 512 486.03 900 728.765
54 225.156 172 259.039 471 236.854 900 362.25
43 392.352 106 491.046 491 486.595 1100 670.658
71 614.835 392 669.073 810 653.794 1500 1321.15
64 802.219 270 864.887 562 898.946 1000 974.717
59 628.492 370 709.117 898 679.783 1400 981.813
73 249.571 258 290.471 451 292.317 1500 335.346
57 979.36 193 1068.95 724 961.762 1300 1418.43
65 434.752 197 499.259 435 513.353 700 546.762
69 339.931 230 372.732 492 389.255 700 404.875
48 532.414 250 579.091 600 618.375 600 618.375
86 538.887 408 575.816 788 579.933 1300 721.706
57 326.009 197 361.847 430 360.009 1300 623.6
52 314.212 253 348.725 600 329.499 600 329.499
47 233.671 141 314.237 447 315.837 1300 368.037
58 330.286 308 359.352 685 353.63 1200 583.136
53 615.69 323 668.999 750 719.97 1100 761.251
62 599.329 235 655.299 492 602.494 1100 945.39
59 418.733 323 450.333 655 427.749 1200 698.991
51 862.804 383 954.037 820 1002.83 1400 1227.39
61 669.168 346 735.442 685 758.062 1300 849.517
88 374.14 318 407.383 583 410.608 1300 472.61
59 259.162 279 275.512 515 282.257 1100 409.278
60 154.572 172 170.065 532 179.107 1100 193.356
66 1067.47 495 1178.97 970 1229.83 1500 1442.06
47 347.539 133 363.602 444 340.339 1100 595.118
71 713.846 384 785.317 836 831.31 1500 908.394
68 854.665 341 932.525 810 930.37 1500 1488.56
32 547.77 98 628.2 471 581.051 900 899.018
57 532.822 252 603.18 712 635.741 1300 707.522
63 358.658 385 386.331 736 372.664 1200 621.179
75 577.181 306 614.18 608 621.672 1100 774.413
96 507.407 397 533.259 798 502.474 1600 1122.73
64 329.327 235 371.731 698 393.672 1400 427.034
68 681.992 377 742.486 759 774.85 1500 854.387
43 327.788 194 389.461 504 406.837 900 431.267
88 675.39 294 725.116 556 731.256 900 844.777
52 524.68 355 591.322 701 562.804 1100 649.952
47 252.737 173 273.444 545 299.379 800 316.711
108 294.735 364 315.437 686 320.307 1300 443.974
55 375.899 152 399.735 492 342.939 900 522.531
67 396.728 280 422.425 594 437.317 1200 473.089
58 654.149 156 715.188 665 565.8 1200 770.981
47 669.115 121 822.188 504 764.426 1100 1034.1
71 355.801 308 383.951 553 392.665 1100 448.644
38 441.369 227 515.533 456 546.141 600 567.496
85 565.245 394 606.251 718 600.727 1300 758.83
47 841.75 104 950.473 526 918.004 1200 1469.28
50 729.159 186 785.972 423 809.978 900 888.277
62 387.636 229 438.351 645 432.186 1400 880.935
55 870.722 178 991.771 651 825.456 1300 1795.9
46 340.652 146 470.271 373 483.154 600 493.377
61 281.268 303 306.205 594 271.431 1200 462.681
69 649.153 412 707.092 893 751.237 1600 826.555
59 691.86 162 780.898 503 699.283 600 685.691
82 381.115 312 411.684 660 430.594 1200 462.97
90 524.562 339 555.226 661 539.566 1200 763.082
46 383.868 360 423.959 708 433.488 1100 561.891
65 427.408 272 463.641 543 476.135 1200 569.819
51 459.283 226 522.295 679 553.531 1200 616.595
38 327.721 86 365.108 379 301.143 800 511.818
62 655.152 319 701.709 606 718.999 1200 832.142
86 464.689 328 504.681 583 515.493 1200 542.96
64 410.687 325 437.34 610 450.898 1100 524.322
67 216.684 264 229.407 504 229.245 1100 439.317
35 424.355 80 574.95 774 573.155 1300 805.173
84 610.283 370 649.719 712 663.143 1300 713.695
60 917.757 422 995.041 927 1071.48 1400 1139.73
58 311.201 146 330.333 515 256.558 1000 564.564
74 492.799 234 529.094 470 560.003 600 530.395
59 730.874 221 797.434 721 848.73 1200 904.174
56 837.021 380 920.884 703 969.885 1100 1033.23
64 968.9 154 999.841 654 818.47 1300 1238.95
44 759.46 102 838.778 311 866.629 600 829.535
82 413.133 325 434.659 640 436.186 1300 676.862
57 657.979 299 710.561 565 736.866 900 785.393
60 263.121 147 273.973 344 258.178 1000 522.106
40 628.322 210 713.681 548 692.482 700 720.626
56 542.21 147 645.542 506 519.944 1400 1506.46
52 327.234 131 385.109 382 330.461 1100 705.484
57 627.124 160 664.929 458 664.999 1100 996.646
87 586.424 233 584.791 674 483.664 1400 1057.68
74 230.03 313 244.982 580 254.744 1000 271.745
77 754.396 407 829.244 747 852.175 1400 907.064
41 336.128 221 440.448 463 435.721 800 499.664
75 227.643 279 244.924 596 254.515 1200 272.604
69 597.52 297 647.871 549 669.718 1000 727.287
114 474.24 337 515.693 624 514.245 1600 660.05
70 877.17 242 942.768 709 963.409 1200 1158.09
65 871.409 198 939.804 527 929.134 1400 1064.26
35 406.129 140 445.666 334 450.961 700 572.387
55 391.274 138 439.435 613 298.829 900 427.822
63 508.583 280 554.285 600 562.403 600 562.403
58 1221.08 331 1364.75 906 1476.34 1600 1617.93
47 594.083 107 675.608 391 645.933 900 979.816
81 556.414 250 609.299 511 545.736 1100 823.346
62 447.813 170 442.688 468 355.186 1100 933.183
55 825.998 220 906.313 571 915.684 1400 1439.78
41 388.316 167 442.575 424 460.689 800 490.295
53 268.79 255 342.787 518 340.544 1100 379.03
60 471.607 176 479.499 495 416.526 1200 840.746
80 1035.26 440 1134.69 985 1193.88 1700 1352.27
31 411.573 105 535.195 415 572.234 600 592.024
62 298.254 170 328.871 504 342.48 1200 375.969
64 856.387 409 945.373 723 915.956 1300 1227.55
63 315.615 269 342.379 518 354.449 1000 377.525
49 215.397 173 239.736 546 252.378 1200 292.034
75 1232.06 368 1329.48 793 1356.45 1500 1731.15
45 544.461 141 568.045 471 492.441 700 640.358
67 371.01 248 391.735 458 389.601 800 442.251
51 742.35 219 800.913 502 847.205 700 879.861
25 269.496 86 343.931 254 320.499 600 486.368
64 593.447 252 637.671 678 587.376 1300 919.423
41 441.858 66 544.087 460 543.941 1000 735.511
66 770.877 237 773.272 585 734.172 1300 1321.49
35 266.614 133 325.386 288 320.279 600 446.164
58 958.113 289 1042.82 932 1151.84 1400 1237.31
57 358.039 258 385.563 590 353.061 1000 573.454
55 271.833 137 295.308 345 277.951 1100 669.205
65 643.304 128 680.156 428 712.212 700 746.397
59 621.346 344 678.842 719 712.639 1200 836.597
43 676.754 119 759.999 440 615.893 700 688.078
45 877.941 110 991.738 491 1045.15 600 1044.48
74 347.215 155 361.374 502 329.514 1300 710.092
62 895.931 363 983.73 662 1017.76 1200 1107.95
58 638.831 272 735.555 668 694.695 1200 771.694
68 1083.1 432 1168.61 814 1224.93 1500 1330.43
41 251.584 123 329.582 283 322.183 700 511.69
55 328.759 219 404.185 453 366.002 800 411.768
22 245.839 90 353.502 529 395.375 700 409.623
47 820.902 342 902.581 781 973.216 1200 1043.89
58 800.926 422 875.287 787 917.392 1300 1062.86
40 354.732 200 444.716 395 442.998 800 471.747
89 423.564 302 456.429 657 471.06 1100 496.058
64 486.728 216 537.014 428 544.093 900 684.114
66 345.861 267 371.475 600 395.143 600 395.143
63 431.973 240 464.694 495 470.335 1000 665.017
59 457.581 267 496.143 586 520.966 900 553.163
80 403.804 330 437.283 607 448.842 1200 533.171
51 628.51 147 698.275 696 569.495 1100 725.842
48 348.615 306 392.257 568 418.361 800 441.684
19 407.286 53 561.845 291 522.859 600 703.674
80 410.782 254 445.777 515 450.006 900 486.053
66 999.788 385 1094.7 710 1131.79 1300 1235.16
69 1033.51 148 1137.02 685 1012.28 1600 2013.33
57 310.261 249 335.523 578 353.28 1100 385.03
38 480.022 154 642.416 426 645.328 600 657.468
90 282.652 197 301.075 491 241.775 1300 802.585
45 272.186 123 312.155 550 333.511 1100 360.389
61 545.87 502 599.579 999 636.462 1500 679.64
60 202.923 98 242.06 747 204.35 1500 392.745
66 499.828 206 520.843 422 476.122 900 621.956
49 335.455 172 418.835 467 444.72 700 465.652
69 385.936 332 415.395 717 395.917 1400 750.77
95 436.983 416 466.498 783 471.913 1400 638.51
54 652.082 247 778.751 674 820.256 1100 866.24
71 361.028 180 434.435 674 363.994 1600 807.982
65 546.486 134 636.886 645 528.987 1300 992.413
57 542.066 235 580.196 538 519.149 1100 727.262
55 394.827 306 425.914 580 440.579 1100 476.515
62 635.113 245 702.747 458 653.199 1100 991.109
85 303.864 319 326.604 761 346.182 1200 367.919
53 360.865 144 480.51 558 494.955 1100 557.809
59 669.751 284 711.318 639 724.878 1100 898.443
38 388.916 120 414.218 417 400.634 1000 639.06
64 441.569 178 497.579 596 477.864 800 487.127
67 771.804 278 836.183 655 881.28 1100 941.166
75 446.992 404 486.86 759 481.51 1100 541.834
48 640.411 125 692.968 441 679.046 1000 926.372
59 667.116 152 688.339 505 639.171 1200 1063.05
58 1146.52 215 1259.08 668 1334.01 1400 1470.11
60 452.59 279 485.448 496 501.313 700 524.273
77 889.838 324 947.051 728 972.94 1600 1093.71
49 522.783 341 581.807 667 556.221 1100 732.608
35 388.491 73 486.5 400 452.774 600 496.831
65 372.183 261 428.439 548 442.217 1200 505.734
57 1098.03 356 1242.2 684 1293.77 1400 1470.33
71 695.83 215 744.963 588 683.976 1300 1427.82
33 423.834 81 435.61 362 375.478 600 480.216
86 348.053 208 358.823 468 336.717 1500 732.184
71 471.31 166 482.359 583 400.611 1300 750.54
36 509.102 203 599.24 702 594.153 1000 731.719
88 314.672 261 329.404 628 294.874 1300 525.113
68 909.081 278 987.815 689 998.323 1400 1508.68
43 246.883 144 262.451 317 258.966 800 443.774
66 687.048 373 755.791 788 712.535 1500 1048.78
64 431.957 157 493.726 690 524.701 1400 597.277
78 510.145 306 557.661 731 571.75 1500 755.198
64 1040.67 144 1126.15 719 1017.97 1600 1999.04
54 565.395 236 611.776 578 612.325 900 790.685
73 528.004 218 564.901 479 556.903 1400 1031.15
43 387.404 218 415.335 465 426.447 900 467.554
61 560.148 315 604.951 690 639.68 1200 687.199
56 984.041 125 1118.18 627 1027.79 1400 1785.02
69 769.728 347 825.305 662 851.289 1200 1007.58
61 319.746 194 363.297 470 357.477 1400 652.808
77 252.585 194 267.516 530 185.347 1100 556.47
49 483.988 224 516.431 691 550.165 1200 594.077
82 543.056 293 586.74 514 600.858 700 616.985
58 757.48 134 829.565 518 737.687 1200 1178.77
66 488.442 350 523.874 662 522.289 1200 674.142
79 485.161 338 519.258 642 530.057 1200 643.409
76 703.221 194 746.729 626 621.414 1300 1101.39
69 748.689 289 807.735 586 821.692 1300 1004.49
67 311.237 139 325.062 441 307.537 1200 545.794
60 557.274 302 621.202 688 579.994 1200 713.747
78 497.907 306 542.755 672 564.387 1500 629.074
52 490.555 107 613.791 402 613.923 800 607.73
76 368.118 271 448.053 583 450.037 1100 527.388
69 280.442 193 306.2 452 297.878 1400 611.823
67 724.968 206 770.936 600 715.296 600 715.296
61 251.532 219 262.247 493 230.612 800 399.372
35 409.583 144 530.597 428 478.398 600 529.502
69 591.532 323 633.525 594 655.092 1200 723.751
66 227.915 180 266.779 496 222.964 1500 826.636
54 798.732 149 818.508 514 648.098 1200 1479.73
26 269.945 82 396.562 289 447.922 600 454.939
68 840.728 556 939.763 1087 1004.51 1600 1081.76
55 375.948 168 440.445 507 379.241 900 560.237
57 1148.3 306 1241.81 754 1258.05 1400 1762.39
79 457.531 242 478.269 608 438.571 1600 951.838
49 255.323 98 282.355 409 253.123 1100 557.205
70 740.185 157 780.366 593 677.522 1400 1263.09
72 341.16 346 370.1 630 379.496 1300 411.431
74 234.479 300 251.555 536 258.555 1200 281.771
59 258.294 138 283.248 531 294.926 1000 385.313
68 351.616 164 423.093 399 388.956 900 500.982
70 407.615 282 444.566 569 466.815 900 497.42
35 226.854 114 304.302 441 302.297 900 392.99
57 347.935 174 399.718 532 349.441 1400 759.083
74 854.591 230 930.665 600 935.652 600 935.652
60 537.704 394 586.599 765 598.934 1400 695.901
65 259.98 271 285.674 604 295.66 1300 311.67
65 624.893 355 682.564 702 703.774 1100 770.927
67 561.135 297 602.796 599 600.127 1000 690.188
50 407.04 154 447.106 384 433.315 1200 851.275
62 354.852 179 383.15 404 348.042 800 472.92
61 657.359 358 704.769 671 733.487 1200 800.359
70 317.63 182 343.41 645 287.294 1200 543.705
94 317.119 280 330.046 601 297.332 1400 615.193
86 273.981 350 296.081 669 303.684 1500 330.826
56 836.146 119 928.967 562 869.487 1300 1528.28
69 490.557 166 545.456 534 520.533 800 608.856
67 932.691 356 1016.44 685 1045.69 1100 1147.3
51 657.43 180 721.454 484 774.671 600 798.587
52 326.213 258 369.434 467 379.126 1000 429.953
68 917.288 355 984.702 721 1011.98 1300 1230.71
49 324.51 124 472.361 521 386.291 1000 507.17
60 278.356 253 320.891 440 322.521 1000 366.821
38 339.458 97 381.726 314 304.443 900 821.614
73 309.39 136 322.57 342 305.082 1100 682.881
42 304.445 94 347.396 488 323.905 900 588.559
78 819.947 212 881.636 660 794.513 1600 1736.59
85 689.124 486 752.077 849 772.822 1600 849.868
67 207.71 197 242.273 540 199.469 1500 685.204
74 338.309 194 381.021 555 347.717 1400 800.648
65 354.609 353 399.188 647 413.36 1200 472.572
64 943.45 335 1015.31 745 1027.98 1200 1193.21
49 516.522 170 623.266 540 659.906 900 683.534
38 698.576 142 757.039 376 776.997 600 875.568
58 923.943 161 1004.72 650 960.383 1400 1635.13
47 579.706 293 630.247 597 667.779 900 706.043
39 700.611 84 796.202 430 722.811 1000 1326.58
82 233.918 300 253.079 576 260.924 1100 293.703
65 250.277 308 268.001 578 269.184 1100 415.321
50 867.58 356 957.743 654 1010.07 1100 1108.59
40 369.47 135 403.69 450 375.984 1100 729.547
55 385.498 129 463.522 846 379.194 1300 605.933
59 893.567 171 941.075 566 777.032 1100 1120.98
75 420.172 353 456.446 701 475.355 1400 526.082
59 391.925 133 434.314 545 407.633 1000 512.525
72 481.799 359 518.841 674 538.531 1300 630.542
56 536.829 332 584.97 633 612.687 1000 655.255
38 271.167 104 315.677 386 264.746 700 434.753
53 609.213 162 643.806 384 652.1 600 731.744
57 1285.87 349 1385.44 780 1468.89 1400 1622.98
46 220.472 148 252.899 577 268.562 1200 305.583
64 378.945 268 409.023 494 412.084 1100 498.261
32 475.076 108 624.869 432 671.893 600 685.411
62 336.639 170 395.64 510 333.896 1200 996.586
71 385.352 349 420.24 829 449.47 1400 486.196
91 469.709 290 504.218 530 509.151 1300 670.47
46 222.082 288 275.496 566 278.94 900 359.009
84 778.025 393 837.445 826 847.392 1500 1105.22
59 488.32 215 537.94 475 535.157 1400 859.068
61 1048.74 147 1157.89 738 952.155 1500 2229.03
71 739.6 338 802.243 885 863.066 1400 919.019
54 429.588 297 488.427 617 512.558 1000 542.129
39 500.173 94 671.35 822 677.005 1500 1073.83
47 393.776 418 438.456 808 471.084 1200 507.169
53 355.09 253 424.154 526 441.004 1000 467.986
75 283.848 266 309.044 479 317.823 800 336.405
45 686.506 430 761.54 877 801.955 1300 923.157
75 734.983 275 780.539 539 788.327 1200 1071.9
55 617.452 210 688.811 498 693.666 1100 1086.69
48 393.35 102 428.777 455 383.533 1100 816.41
85 799.563 260 779.646 644 716.75 1600 1559.44
50 699.277 400 763.977 751 805.818 1000 856.559
74 539.219 167 597.161 753 624.268 1700 972.419
83 513.599 391 555.304 724 576.605 1500 694.587
76 689.066 402 736.419 783 766.233 1500 842.492
59 579.835 177 571.408 508 470.93 1100 1151.1
67 776.258 197 846.218 672 721.783 1300 1235.44
47 223.621 188 263.826 406 261.637 1000 312.623
73 667.985 193 715.713 636 658.139 1500 1351.78
53 505.191 291 599.917 674 631.704 1100 663.158
95 267.405 327 279.239 633 274.606 1400 646.377
83 767.562 339 828.487 665 835.728 1000 948.514
80 705.997 271 762.875 742 799.959 1400 851.054
38 495.773 383 560.71 773 597.98 1100 650.714
55 884.576 120 1001.92 555 962.09 1300 1506.77
76 323.837 351 347.932 672 355.994 1300 511.63
61 502.438 289 552.962 574 561.65 800 605.682
45 394.339 278 428.988 507 449.897 900 513.739
54 623.737 257 666.511 530 670.907 800 814.763
38 480.671 96 579.522 270 562.48 700 788.677
58 338.497 359 365.926 678 373.132 1200 565.092
52 843.03 475 943.671 921 1001.51 1300 1111.29
46 388.657 140 460.105 447 489.338 700 516.005
58 568.646 149 659.693 608 582.557 1500 1138.45
61 343.382 272 368.519 678 389.083 1200 415.211
50 907.934 89 1031.69 728 1014.91 1400 1346.73
57 412.533 170 487.86 438 466.383 1000 809.594
48 434.782 235 504.723 507 448.579 800 442.217
80 580.055 372 621.071 743 602.176 1300 854.591
41 599.62 149 751.977 455 722.74 700 872.275
76 379.276 320 402.414 599 407.503 1400 496.892
54 663.909 95 765.591 492 761.731 900 767.195
71 1388.62 215 1420.46 759 1295.91 1600 2065.6
54 1184.93 187 1303.3 846 1324.72 1500 1860.06
61 262.208 360 280.729 673 274.916 1200 454.851
81 307.391 332 333.927 600 340.391 1200 382.447
36 521.919 75 667.608 390 650.089 800 674.209
55 672.395 365 729.215 781 775.153 1300 840.3
63 586.244 186 643.789 787 467.083 1200 702.778
66 309.741 169 343.83 474 280.286 1200 823.281
83 258.155 193 274.435 498 256.307 1300 578.487
57 276.182 278 333.598 563 348.755 900 364.074
47 468.219 188 577.399 552 582.161 1300 760.799
73 784.395 363 839.153 693 866.864 1100 975.091
55 216.867 199 248.584 578 263.245 1200 287.482
63 352.006 259 382.406 471 391.273 900 435.456
58 894.901 238 994.967 600 999.882 1500 1675.6
20 324.804 55 479.271 369 401.988 600 530.826
42 502.836 190 548.527 498 588.789 600 589.397
67 473.528 278 502.735 523 519.235 900 549.932
66 589.529 166 611.77 556 477.936 1400 1329.77
63 299.398 315 328.361 623 297.275 1000 403.87
94 502.948 440 536.87 801 540.972 1500 739.705
57 669.442 133 732.7 538 589.97 700 648.253
42 497.659 114 601.334 405 643.804 600 655.207
58 1096.83 355 1196.88 671 1234.15 1200 1599.17
84 968.364 337 1036.44 731 1052.65 1600 1225.94
45 388.388 299 426.979 560 448.997 800 490.746
51 376.92 207 426.588 470 404.821 700 406.374
59 232.871 216 273.987 469 277.242 1400 320.644
48 499.932 191 551.1 505 532.22 1000 919.105
55 1081.82 348 1181.0 825 1262.07 1400 1395.01
64 1177.41 285 1262.8 634 1280.82 1400 2067.44
63 201.064 310 215.043 571 225.074 900 239.842
55 215.44 166 235.964 442 208.953 1100 477.211
63 530.086 339 574.346 607 595.57 1200 653.366
72 468.392 322 529.381 640 486.209 1200 593.688
64 634.475 200 659.118 562 589.826 1400 1112.06
45 692.162 194 748.193 441 789.656 600 789.151
75 762.453 297 821.151 607 838.987 1100 888.489
67 430.946 153 466.433 543 378.338 800 551.13
74 581.297 190 623.171 598 577.466 1500 1170.47
51 1086.61 137 1198.21 763 1032.53 1100 1320.08
50 606.747 192 655.957 472 644.492 800 924.322
45 827.426 160 926.85 774 841.878 1400 1270.2
46 677.366 194 806.168 600 804.824 600 804.824
45 322.648 117 337.026 281 323.078 800 583.92
49 923.415 208 1009.74 626 1012.07 1100 1337.11
26 297.923 130 397.972 384 404.45 600 418.73
40 417.514 96 542.182 308 555.179 600 586.692
63 297.622 258 315.999 472 322.033 1100 387.838
52 332.496 268 353.9 563 339.562 900 485.365
97 296.234 344 322.179 776 342.451 1300 367.467
77 321.54 247 380.85 465 387.138 1100 428.597
64 1215.99 201 1341.34 819 1236.4 1600 2238.62
33 430.852 141 531.701 459 529.621 600 539.82
78 376.705 242 405.757 432 411.11 800 427.12
91 245.049 312 302.276 604 310.348 1300 337.585
47 243.622 213 267.526 497 283.83 800 306.399
70 938.769 364 1009.16 725 1037.42 1500 1318.01
68 281.773 314 298.606 570 308.02 1300 353.608
76 599.78 369 652.793 911 700.413 1600 760.6
36 645.316 82 735.562 500 680.975 1000 1084.9
47 698.028 237 751.516 589 790.822 1100 863.033
59 849.572 141 905.542 523 873.123 1200 1390.41
98 525.691 400 567.815 772 577.406 1100 628.956
56 415.234 187 443.095 413 462.4 600 489.561
62 790.427 170 884.556 640 799.3 1400 1538.8
49 538.452 313 613.809 607 637.178 1300 715.393
52 244.759 132 286.799 373 257.258 1100 585.773
38 507.868 104 561.974 412 486.62 800 878.919
66 450.962 269 485.317 557 506.475 1000 540.548
47 380.985 157 478.073 572 496.173 800 515.395
77 578.52 386 623.322 751 646.907 1400 703.562
39 329.381 96 434.537 339 388.755 800 572.349
59 295.03 165 345.431 521 297.361 1100 477.304
68 578.332 174 622.314 688 500.671 1400 1047.69
49 690.945 135 746.593 504 725.695 1100 999.032
59 579.119 290 630.29 800 683.177 1200 732.182
62 501.211 250 595.389 475 559.223 1200 742.917
40 398.05 180 453.072 412 465.477 600 506.897
59 404.989 353 442.19 657 465.052 1200 511.268
67 559.897 202 615.664 610 628.184 1400 685.62
76 998.539 442 1082.02 883 1130.28 1600 1281.5
41 631.066 180 784.224 505 834.888 600 839.146
51 870.086 444 973.406 902 1033.62 1500 1152.01
45 741.104 153 812.975 640 746.497 1000 991.925
49 307.461 101 347.023 385 303.853 1000 685.007
40 555.494 233 603.432 456 633.135 700 670.945
55 315.576 259 339.7 506 328.946 1000 648.839
62 779.607 260 888.204 519 833.691 900 820.49
34 433.271 71 596.515 494 577.022 1200 1086.33
75 638.531 359 685.876 677 689.171 1000 817.997
70 606.051 280 651.582 521 666.477 800 720.223
43 830.982 79 968.172 466 980.965 1000 1018.46
60 328.954 215 369.02 463 313.817 800 330.57
27 594.252 74 809.165 310 779.265 600 962.155
65 230.161 262 255.292 492 262.561 1000 286.504
79 235.116 203 245.895 543 253.17 1500 284.466
56 649.133 298 707.461 557 742.296 800 776.397
74 1029.61 395 1147.27 751 1201.45 1500 1357.72
83 493.698 269 531.806 487 536.644 1000 571.141
74 417.783 255 448.086 549 462.469 1200 492.435
66 599.837 330 649.652 589 670.643 1000 728.202
64 485.934 159 520.72 387 544.567 600 571.567
60 769.627 157 843.17 405 873.64 600 899.174
39 522.84 78 582.747 472 591.171 700 581.244
24 329.37 79 532.5 368 561.983 600 561.549
38 344.915 243 396.675 538 353.441 800 398.725
65 672.865 232 737.171 507 793.992 600 741.971
55 685.522 202 738.145 817 816.611 1100 854.17
58 590.389 251 625.211 562 630.703 1200 856.925
47 424.765 184 527.529 566 554.089 1000 581.025
57 228.855 283 296.217 549 301.024 800 334.791
43 923.424 255 1013.51 539 1076.05 800 1131.36
48 580.233 394 642.162 815 687.953 1300 742.417
60 1160.43 413 1318.83 1070 1338.89 1600 1700.06
30 370.547 74 502.844 319 460.351 700 598.801
39 249.953 205 307.053 416 311.201 700 326.371
35 532.363 323 610.941 700 650.363 700 650.363
52 219.778 207 288.835 439 292.659 900 299.852
61 775.651 393 846.972 755 886.326 1300 996.876
79 403.056 260 429.593 494 425.561 1300 698.704
81 662.962 205 672.629 623 558.679 900 686.738
56 785.487 141 856.832 571 719.49 1100 1131.18
59 434.171 284 474.182 535 480.136 700 522.644
59 699.988 287 755.527 630 762.524 1100 1103.71
44 278.124 98 315.136 372 259.428 800 445.111
80 648.104 351 687.49 698 708.918 1300 782.481
97 400.638 381 423.357 698 423.964 1300 574.694
51 336.76 103 369.211 424 328.033 1000 490.596
77 290.699 360 311.998 676 317.022 1500 506.219
59 611.626 161 678.194 552 642.633 1300 1106.72
70 253.106 297 271.821 561 281.487 1200 312.623
58 407.394 299 434.441 590 427.56 1100 566.543
76 515.808 360 553.581 745 551.03 1400 1001.12
85 526.513 209 555.13 487 444.448 1200 964.051
72 635.274 358 683.821 719 696.941 1400 963.066
67 380.87 165 386.284 483 310.622 1200 918.998
81 432.674 307 468.825 552 481.569 1300 548.261
77 420.451 397 444.259 771 432.381 1500 987.265
40 408.462 155 471.038 422 471.53 900 527.694
58 359.774 144 431.233 518 367.232 1300 839.045
47 339.873 169 371.929 362 368.879 900 413.909
25 222.747 109 355.836 700 312.42 700 312.42
55 663.517 122 788.938 549 716.78 1300 1351.21
48 275.949 126 309.8 424 278.189 1100 757.435
49 408.113 184 415.44 429 412.272 700 511.763
52 491.863 281 540.927 600 585.76 600 585.76
67 700.708 346 750.065 734 777.775 1500 890.709
33 438.638 84 502.384 316 519.248 800 564.669
24 458.605 50 581.779 362 534.408 700 837.211
64 432.15 331 468.367 679 492.793 1300 541.626
43 406.813 110 481.69 535 429.071 1100 716.312
66 540.909 137 587.663 544 515.834 1400 1212.51
60 281.563 153 305.457 417 276.548 1000 626.351
90 726.011 288 772.806 587 754.635 1400 1050.55
60 709.694 280 760.325 594 782.894 1100 895.75
84 387.503 269 421.648 762 403.727 1300 604.425
72 539.454 296 588.006 566 602.783 900 664.44
62 355.478 419 387.089 810 410.763 1300 444.113
76 632.912 358 678.324 678 692.213 1200 761.352
57 534.068 264 618.394 677 644.82 1300 698.351
58 428.313 262 464.76 539 474.8 700 514.977
47 498.7 243 532.765 434 545.831 900 596.597
73 661.239 207 679.106 606 580.354 1200 1259.59
75 870.449 467 931.788 838 956.085 1600 1245.95
56 374.257 276 464.316 512 472.963 900 496.918
51 911.076 398 1003.92 778 1071.89 1200 1148.21
31 357.721 86 369.684 256 345.382 600 512.449
66 911.135 324 976.345 661 989.231 1300 1099.04
67 652.427 271 707.66 728 752.71 1300 808.207
38 241.505 145 263.254 299 265.015 700 388.959
51 632.057 164 732.524 458 601.927 700 659.289
90 493.008 231 539.087 714 380.98 1600 1203.03
61 517.177 351 563.943 761 595.699 1300 660.693
43 599.693 276 655.466 621 680.822 1000 803.006
53 327.406 144 351.707 426 305.151 1100 659.15
60 266.522 204 295.217 431 262.297 900 375.489
75 553.365 393 597.204 772 600.93 1300 738.781
78 460.209 361 494.049 727 509.905 1200 552.966
33 383.595 134 462.202 600 438.452 900 512.991
76 860.804 404 929.281 730 950.989 1500 1025.67
34 633.515 67 757.214 389 748.394 700 927.134
38 336.949 123 364.951 454 312.661 800 458.664
61 350.834 164 355.497 417 285.849 1000 786.849
61 397.473 306 439.554 637 461.423 1100 496.629
76 241.131 289 273.807 541 274.382 1200 474.105
67 429.627 274 462.707 516 470.114 700 516.587
80 761.337 507 826.327 1002 880.154 1600 943.941
84 366.791 247 391.891 537 394.717 1400 442.398
48 613.235 392 663.379 754 695.785 1200 786.284
58 611.417 184 719.637 499 764.091 700 787.427
48 584.743 179 697.761 798 666.953 1300 796.49
63 1015.51 388 1106.43 719 1153.87 1300 1267.76
56 219.306 180 244.266 386 238.628 1200 474.664
63 357.883 211 429.715 376 423.609 1000 442.712
93 377.671 309 402.023 560 402.003 1100 477.853
21 187.075 73 291.535 386 263.619 600 329.135
70 646.662 384 705.814 654 723.649 1300 775.243
73 351.318 357 377.209 673 384.021 1300 579.422
61 1068.82 281 1160.97 719 1179.6 1400 1664.7
81 772.004 397 828.939 797 836.435 1300 1141.83
64 490.571 126 528.584 376 548.479 600 571.4
87 667.604 333 712.391 734 720.321 1400 795.442
47 495.864 338 546.213 663 576.007 1100 617.595
59 283.592 284 305.626 561 300.795 1100 535.436
59 817.062 150 909.424 351 928.714 800 889.099
45 873.38 323 974.305 792 1035.11 1100 1100.46
68 954.782 181 1021.13 642 882.929 1300 1344.99
46 435.238 170 469.429 373 474.24 800 611.018
48 377.523 155 469.915 393 451.852 800 704.334
50 270.226 225 324.706 460 334.274 900 352.56
56 336.217 288 359.881 572 370.662 1100 435.743
49 755.727 93 843.38 249 844.218 600 1092.84
64 489.071 393 534.875 742 560.187 1200 645.102
78 487.142 187 527.831 526 491.1 900 625.301
70 508.243 180 596.535 504 568.296 1200 974.036
60 550.262 314 585.619 590 605.16 1000 674.231
56 438.454 133 461.431 477 480.438 1000 530.283
78 658.905 382 719.34 821 755.659 1600 841.367
76 798.244 300 851.48 583 862.101 1400 953.757
46 317.488 245 400.955 600 430.511 600 430.511
32 293.815 249 327.928 523 334.871 800 426.778
84 752.962 414 806.601 719 824.464 1500 947.321
18 341.271 63 757.837 507 687.777 600 668.46
73 423.062 309 457.335 612 471.121 1000 509.606
60 458.66 122 550.039 617 546.637 1600 966.483
55 454.112 191 514.139 777 550.435 1500 616.918
83 658.937 323 716.769 809 756.221 1600 825.701
33 346.108 137 410.933 429 438.936 600 428.776
63 276.893 174 294.591 510 256.989 1200 513.626
39 315.824 132 348.019 338 352.165 700 381.704
27 326.715 128 408.083 471 424.121 800 464.59
51 1232.39 420 1385.86 1000 1486.83 1400 1608.44
72 565.967 495 613.775 929 639.045 1500 766.171
40 598.424 88 660.837 620 714.519 1100 769.563
78 344.712 231 390.207 451 389.616 1300 438.982
48 606.787 136 675.837 567 575.286 900 731.394
89 338.316 341 375.151 652 378.964 1100 472.879
83 414.125 230 448.117 511 398.269 1200 873.482
75 609.297 436 670.703 956 641.301 1600 1058.49
85 449.027 393 479.856 742 483.022 1400 661.659
62 1223.37 316 1326.29 757 1353.29 1500 1975.66
73 632.488 222 716.629 645 655.839 1400 1297.92
70 703.656 169 751.922 787 536.118 1400 928.383
90 307.687 364 332.16 698 347.05 1200 374.191
63 633.513 341 703.251 701 667.902 1100 747.98
83 1173.01 242 1181.99 705 1070.4 1700 2102.48
77 565.014 317 608.52 614 599.133 1300 756.042
53 500.978 356 546.799 732 571.409 1000 602.319
42 240.149 180 280.897 396 277.388 800 318.466
50 893.697 189 949.352 385 986.517 600 1030.41
63 316.342 171 354.777 418 281.752 1000 640.119
64 739.324 278 800.745 998 874.455 1600 942.189
50 478.15 274 526.441 520 540.457 800 576.647
59 400.089 177 434.811 433 390.886 800 522.168
68 381.84 238 444.88 532 437.659 1100 554.016
97 374.185 336 404.357 625 414.7 1400 465.247
61 355.679 348 388.027 688 409.248 1200 444.287
32 212.368 73 288.843 575 279.628 1100 509.03
72 401.891 423 440.03 814 462.067 1400 495.614
52 526.969 153 597.451 355 573.607 1000 879.727
66 728.879 271 782.169 573 794.948 1000 935.958
58 411.266 287 445.623 622 459.896 1100 517.679
66 630.375 394 689.258 701 708.967 1300 768.104
44 814.246 136 917.987 408 934.423 800 1192.43
39 512.975 212 589.269 503 641.602 600 616.167
53 414.563 114 481.436 636 512.864 1200 565.072
90 544.188 252 598.954 557 589.617 1600 674.446
61 842.765 315 904.11 750 957.048 1400 1047.43
67 719.069 362 775.346 685 793.803 1200 925.698
29 288.751 161 308.973 351 319.127 600 345.407
67 1128.96 538 1248.58 1001 1272.94 1600 1683.01
65 526.807 196 561.133 425 579.878 800 613.045
47 604.302 277 663.423 617 703.357 1100 765.805
77 708.913 440 774.705 798 805.715 1500 903.951
50 720.574 354 785.702 668 812.1 1000 923.452
98 206.141 341 224.437 707 231.157 1600 252.6
57 481.26 224 518.436 481 540.971 800 572.234
43 658.443 157 720.246 394 746.614 600 790.001
74 1113.44 505 1223.51 982 1287.58 1500 1407.6
60 525.259 359 562.235 717 575.983 1200 648.459
21 338.636 81 464.965 494 530.724 600 539.216
60 317.345 243 356.497 470 354.811 1000 660.328
50 299.153 127 341.033 546 236.049 1100 514.904
34 653.949 104 819.675 783 885.993 1200 1074.76
41 504.025 284 553.018 600 578.267 600 578.267
67 547.636 218 638.075 458 629.04 800 697.202
23 480.434 57 774.15 392 758.989 600 836.474
24 333.721 75 451.336 250 435.465 600 667.267
41 297.886 102 328.074 382 276.965 700 455.167
61 486.304 185 526.1 702 570.159 1100 603.365
57 479.207 154 544.885 553 472.702 1200 891.838
66 329.816 176 380.774 674 403.546 1200 426.654
48 411.811 206 491.055 478 496.951 700 521.078
59 1155.66 531 1296.79 1025 1373.35 1500 1561.13
33 301.958 99 376.114 334 351.807 700 536.673
60 391.513 177 473.653 541 415.911 1200 679.517
66 361.406 176 361.335 420 337.951 1200 706.835
49 238.83 290 271.979 550 269.271 800 323.86
82 479.173 530 526.084 1018 553.767 1600 588.732
78 537.029 189 601.603 623 524.057 1100 901.18
57 599.75 145 633.435 570 592.555 1300 933.529
45 735.761 344 814.377 668 857.45 900 928.598
46 374.518 161 444.157 600 414.898 600 414.898
70 203.769 297 220.705 555 229.326 1100 254.151
53 539.792 222 583.905 533 571.853 1100 937.571
75 406.823 227 440.666 670 460.45 1300 510.44
68 260.374 210 288.588 736 309.24 1400 335.62
62 355.711 176 379.072 462 355.474 900 636.44
62 755.152 170 819.155 503 771.813 1400 1422.58
55 644.741 154 758.115 772 816.183 1300 882.02
89 365.382 231 375.218 506 266.596 900 490.984
49 443.923 202 523.277 516 527.808 1000 582.301
62 657.151 401 727.661 836 695.676 1400 976.46
63 595.343 397 644.343 752 679.195 1200 727.929
56 626.18 155 717.066 394 688.124 1100 1034.18
66 422.814 278 469.357 536 463.234 1000 564.05
77 594.535 369 635.104 708 650.171 1200 693.531
52 401.89 225 476.691 500 491.896 900 508.067
76 289.846 362 314.556 704 328.44 1300 370.36
72 565.799 273 602.705 531 612.591 1200 761.789
47 845.569 404 933.726 736 983.687 1200 1130.16
67 1213.54 200 1335.45 787 1244.01 1700 2468.48
77 409.2 339 443.608 641 437.378 1000 486.641
59 267.636 209 303.21 464 308.77 1300 352.169
57 641.848 243 693.37 507 706.964 1000 914.746
39 594.328 126 780.056 379 758.564 800 1085.39
65 905.095 338 979.667 693 1010.25 1300 1252.98
70 228.686 229 237.6 584 202.189 1300 392.098
72 358.728 371 387.409 687 395.114 1400 635.835
56 294.098 168 321.244 389 317.656 1100 589.508
48 431.245 97 528.44 398 496.564 1000 869.826
97 890.085 387 961.432 824 981.407 1500 1044.76
58 384.4 149 438.392 356 430.117 1200 805.012
79 946.43 253 937.159 561 782.959 1400 1740.43
45 332.805 266 372.513 529 351.999 800 399.69
56 592.553 106 651.02 317 672.34 600 649.888
44 491.751 86 589.752 375 556.03 800 732.336
68 406.334 334 442.192 691 426.912 1400 1060.59
97 414.722 337 446.829 607 457.462 1200 489.489
58 944.83 250 1028.72 708 1065.23 1400 1240.22
73 519.653 304 552.611 536 568.654 1000 608.494
101 207.972 290 225.059 552 226.518 1200 351.111
55 301.619 154 336.581 635 355.496 1300 386.587
53 329.507 159 363.467 468 390.334 600 398.58
65 247.756 144 272.233 352 266.765 1200 514.802
51 710.673 170 776.725 463 789.739 700 867.272
61 270.574 288 289.954 569 275.6 1000 412.604
68 763.975 232 775.173 676 702.704 1000 822.981
57 505.551 149 543.261 420 521.598 600 647.236
46 483.206 238 597.216 539 637.835 700 656.81
33 235.216 107 250.162 294 225.378 700 431.035
63 1143.46 171 1207.07 558 1018.98 1000 1191.63
68 729.721 432 800.373 775 819.537 1300 926.148
97 507.672 278 558.472 526 553.835 1700 647.671
51 251.904 157 278.091 344 274.167 900 480.589
70 744.927 469 823.135 858 870.814 1400 928.057
67 269.748 268 338.401 550 348.622 1100 370.035
71 232.006 184 252.446 526 208.783 700 265.029
57 485.078 182 523.162 382 530.19 800 625.373
61 421.417 122 436.711 469 395.537 1100 663.713
51 202.515 132 291.121 402 283.121 1200 407.981
79 302.436 322 325.144 617 332.351 1300 485.252
53 297.259 261 358.446 540 377.551 700 391.63
62 329.372 258 366.644 583 384.462 1100 421.849
69 461.694 345 504.488 690 487.512 1300 800.472
64 325.113 272 380.16 592 340.904 1200 504.679
68 370.991 358 406.083 690 421.041 1300 456.827
87 740.292 251 796.782 656 734.703 1500 1580.64
60 818.084 154 953.153 459 687.277 600 688.251
56 384.944 278 431.396 526 448.264 1100 518.003
64 420.175 350 454.679 633 471.674 1100 511.701
55 464.671 137 518.031 569 465.463 1300 836.699
19 399.644 87 611.419 453 680.304 600 699.914
49 744.749 200 813.633 488 828.828 600 867.109
37 286.757 97 371.594 472 290.935 600 311.288
55 170.615 128 181.19 312 164.622 827 363.071
71 321.356 273 347.228 496 357.015 1100 413.486
74 462.162 441 508.013 799 535.777 1300 571.525
65 831.924 358 899.842 739 935.981 1400 1045.11
62 708.658 306 794.293 562 808.657 1400 981.586
55 882.814 263 1032.09 517 969.299 1200 1209.77
66 269.982 287 375.276 544 385.61 1000 405.417
51 748.475 362 816.531 743 862.011 1200 992.567
71 262.372 151 295.081 577 241.164 1600 797.502
82 541.791 237 574.403 685 488.428 1400 909.648
15 263.516 88 384.641 600 451.924 600 451.924
85 599.505 271 639.539 551 634.508 1500 721.979
52 569.121 280 618.583 519 642.064 800 714.297
72 667.155 404 725.889 889 707.799 1400 935.506
55 150.879 265 186.037 555 194.334 900 204.743
46 796.751 425 886.438 816 936.16 1200 1069.16
68 301.472 235 354.876 518 364.963 1000 379.683
52 224.205 286 264.085 574 276.912 900 296.256
35 430.9 140 468.356 408 493.402 800 535.189
60 271.745 373 293.46 716 290.097 1300 552.631
65 463.744 390 510.558 686 537.726 1000 559.234
58 548.506 228 645.858 634 593.839 1300 1054.06
102 304.308 288 334.344 538 338.23 1500 543.904
47 351.758 218 433.741 495 440.43 700 471.48
54 612.294 152 650.173 558 581.62 1300 1043.92
72 372.719 161 402.498 488 346.942 1100 814.66
63 223.152 201 260.108 510 243.89 1000 329.885
58 688.932 502 763.384 963 758.686 1400 1041.73
75 512.044 351 547.475 668 569.83 1200 617.31
80 771.811 270 774.7 597 753.484 1400 1333.05
45 450.823 225 482.722 439 503.179 700 533.585
36 263.363 78 345.056 396 322.657 900 559.429
65 541.946 269 579.525 560 590.649 1300 719.595
66 788.507 169 913.125 762 946.738 1600 1329.42
53 827.449 160 849.517 512 748.34 1200 1423.14
31 319.196 178 371.419 414 391.043 600 375.521
85 426.659 386 463.919 735 482.297 1500 553.825
53 273.196 165 341.33 521 296.327 1100 462.997
49 246.5 146 268.833 440 281.729 1000 308.253
68 659.534 357 716.896 710 733.584 1400 1016.34
40 463.634 120 538.506 608 382.62 1000 616.676
47 388.23 182 459.598 436 437.666 1200 896.493
34 314.757 142 331.472 326 331.908 700 451.094
71 965.233 176 1054.28 617 872.639 1200 1504.27
59 502.227 341 536.585 645 557.034 1000 614.568
44 330.616 188 430.222 600 412.652 600 412.652
83 619.294 355 672.449 776 689.648 1300 743.423
32 309.812 72 439.332 427 452.118 800 564.956
94 535.245 426 575.483 803 581.79 1500 929.267
47 377.414 252 404.023 504 407.932 900 547.177
83 426.446 278 453.787 522 450.408 1500 1142.48
59 677.824 215 678.57 470 663.483 1200 1181.21
46 246.919 173 280.613 436 272.44 900 555.362
33 550.8 71 600.322 405 538.793 700 737.511
47 441.113 189 504.754 506 507.093 600 512.223
72 314.269 280 360.131 576 365.25 900 439.537
88 485.995 207 518.3 471 492.879 1500 984.388
30 256.099 65 316.517 336 330.466 700 373.757
58 687.075 252 738.267 724 795.087 1100 835.932
53 340.157 131 384.03 481 347.641 1200 547.762
58 754.056 348 820.493 699 849.048 1200 935.81
63 443.122 306 479.883 617 484.841 1100 565.028
96 907.003 318 963.495 719 955.081 1500 1040.73
64 628.153 211 711.402 487 734.922 600 738.939
55 395.408 284 425.245 600 443.758 600 443.758
79 491.485 243 474.904 626 422.092 1200 684.579
18 341.573 48 457.747 354 405.549 600 594.148
47 585.822 126 658.948 349 648.957 700 634.583
41 506.104 233 538.964 525 507.315 1000 1022.13
71 703.639 282 799.22 929 821.601 1600 1116.71
38 648.529 98 701.582 481 668.078 900 902.222
43 246.859 80 298.546 328 300.866 900 332.116
61 732.069 377 798.572 755 824.788 1400 982.006
59 306.301 185 354.119 710 376.291 1300 401.193
43 458.154 164 532.845 497 474.943 700 593.255
66 304.523 287 321.118 544 324.503 700 356.2
44 374.146 128 478.434 408 443.148 900 773.866
69 368.081 152 382.126 428 350.413 1200 723.006
61 286.276 151 347.938 481 302.053 1400 726.494
66 813.88 357 874.724 606 892.84 1300 986.458
77 384.057 319 411.183 591 419.318 1000 445.625
35 599.269 74 712.628 445 670.905 870 995.249
62 316.947 219 370.356 613 392.303 1000 413.984
62 731.199 154 798.664 706 637.685 1200 983.535
44 422.378 127 462.466 551 406.018 1100 673.152
74 749.068 335 825.355 918 751.622 1600 1171.71
71 790.538 276 821.868 635 845.318 1400 979.714
59 548.098 178 622.571 540 545.262 900 753.753
54 421.266 233 452.066 646 486.342 900 508.097
78 377.962 292 401.464 577 403.313 1300 549.579
87 395.295 360 439.667 657 447.647 1300 532.023
23 341.426 74 428.72 260 407.428 600 609.611
67 880.542 283 994.155 590 968.707 900 968.972
61 367.264 161 365.818 454 297.892 800 485.491
79 443.292 323 471.689 566 483.992 1400 539.216
42 504.201 145 539.621 428 520.012 700 687.61
66 362.99 260 413.178 559 413.636 800 475.407
77 244.621 299 274.246 539 280.911 1200 297.082
55 181.251 129 225.429 645 216.978 1200 386.007
53 501.505 132 595.904 517 530.254 1200 848.622
69 405.552 297 431.86 573 440.241 1300 525.715
49 803.953 188 875.719 634 929.865 1300 1020.77
79 533.354 182 586.059 599 509.47 1500 1104.99
45 411.93 180 539.424 424 489.396 600 509.492
77 792.384 381 843.71 698 860.706 1300 922.138
65 447.288 215 478.708 655 425.604 1300 658.36
61 706.237 218 763.075 506 764.261 1400 1236.09
52 695.088 371 761.511 801 814.619 1300 880.254
71 923.729 548 1023.4 1059 1088.79 1700 1190.59
51 420.274 226 508.245 429 528.832 600 547.882
47 341.945 275 369.228 526 380.552 1000 415.755
67 748.083 337 801.776 606 829.279 1000 876.359
57 424.543 245 473.751 621 469.152 1300 877.087
48 497.521 251 533.647 559 556.864 900 615.736
64 523.517 394 571.127 747 598.368 1200 664.518
37 427.429 85 516.166 783 434.798 1100 592.55
52 856.213 133 907.241 440 731.694 1200 1844.46
67 302.962 180 343.805 602 233.345 1100 625.736
63 425.755 116 486.398 557 447.084 1200 803.536
58 182.649 193 211.559 582 224.161 1100 239.582
54 336.677 283 352.137 573 335.422 1100 769.028
49 301.106 223 354.728 683 375.975 1100 406.566
69 595.936 373 663.737 684 606.15 1200 692.775
52 277.227 176 290.829 556 311.713 800 326.363
71 471.024 201 566.037 726 575.229 1400 749.726
58 221.107 187 265.515 354 265.43 1000 301.037
63 642.66 305 688.719 606 716.796 1200 776.805
26 279.367 62 440.759 516 501.116 800 522.709
87 484.508 345 525.178 632 534.722 1200 566.289
45 831.893 328 913.561 791 977.426 1200 1104.81
69 353.171 174 418.208 481 372.514 1400 886.1
80 463.892 194 480.287 475 439.006 1500 1344.46
62 608.216 278 659.466 520 686.361 800 719.702
69 260.071 179 305.275 436 284.707 1100 628.642
83 406.758 318 430.459 634 416.744 1100 597.74
52 342.006 205 369.435 411 379.486 800 405.522
33 363.872 70 425.6 404 372.864 700 487.414
64 461.562 261 496.593 520 487.589 1100 581.189
62 933.276 596 1053.85 1103 1129.26 1600 1211.12
72 283.331 262 307.911 528 288.199 1100 429.254
61 408.111 213 482.344 478 482.642 600 515.399
98 416.64 345 447.726 753 463.668 1700 512.957
48 343.653 266 372.92 507 389.024 900 421.868
64 595.255 288 633.156 489 646.925 1100 702.325
27 295.679 57 390.809 385 406.599 800 656.746
48 657.679 404 733.991 796 763.143 1200 931.182
62 429.257 266 491.893 557 466.356 900 476.601
36 473.879 98 746.092 637 603.386 1200 855.187
71 603.656 477 663.187 896 699.948 1500 784.078
72 332.656 213 391.368 583 324.791 1400 895.071
64 287.887 184 324.052 442 312.448 1400 702.831
38 395.055 84 480.522 371 436.969 900 803.809
60 566.261 167 619.51 553 564.184 1300 1133.94
54 586.88 240 652.787 509 662.75 1400 999.282
68 191.078 160 226.731 448 185.675 900 456.704
58 401.742 271 462.258 600 480.073 600 480.073
53 1009.66 519 1128.3 919 1184.93 1300 1295.93
57 411.867 196 457.467 472 480.23 700 498.295
41 325.352 81 412.308 663 449.458 1100 493.434
45 357.054 256 390.437 470 407.444 600 420.751
75 398.566 301 428.693 589 435.787 1300 687.709
45 433.508 127 441.459 328 413.986 900 719.639
71 329.643 349 359.073 649 362.38 1300 619.886
61 340.452 250 373.695 453 378.84 1000 404.479
39 601.122 79 707.277 300 694.855 700 811.83
39 322.1 164 387.053 443 404.279 800 427.969
55 486.678 230 547.104 483 578.596 600 554.831
69 535.685 187 576.636 552 604.542 1200 644.75
85 446.744 252 497.69 699 516.945 1600 571.898
58 535.395 144 566.198 491 554.17 1007 746.121
67 868.007 309 932.709 716 960.303 1200 1069.22
60 458.855 167 497.373 563 524.382 1100 567.586
51 750.793 130 946.567 583 966.299 1700 1110.32
59 454.909 230 481.733 457 493.763 1000 565.057
60 420.834 270 456.471 670 491.669 1000 519.856
81 573.339 191 623.594 592 540.596 1100 896.537
58 478.014 139 525.71 600 426.836 600 426.836
67 498.064 278 540.118 526 569.031 700 587.557
52 597.711 341 638.954 660 668.207 1200 724.695
59 894.085 377 980.508 719 1037.16 1100 1102.99
52 325.344 106 383.269 345 315.917 1000 853.118
57 316.382 151 356.631 543 240.31 1000 609.053
81 1063.46 390 1159.86 824 1182.85 1500 1288.57
46 622.376 109 677.025 532 620.3 1100 1069.38
54 357.335 112 404.619 498 379.87 800 506.523
55 852.255 188 955.325 657 869.37 1400 1763.8
76 398.15 197 418.897 580 335.857 1100 673.273
62 1105.48 149 1204.47 708 1072.6 1400 1911.9
65 776.396 195 879.63 662 768.48 1500 1626.24
57 1209.21 171 1314.56 662 1248.9 1400 2111.1
74 551.523 284 594.418 662 583.662 1500 1128.09
64 531.053 215 563.151 392 573.972 1000 641.184
52 548.711 118 582.462 470 540.044 1000 793.105
95 438.09 260 447.912 555 437.716 1600 896.473
52 693.119 260 751.53 453 779.582 700 820.046
46 484.479 188 613.87 568 602.533 1000 772.474
20 395.13 49 518.783 336 432.934 600 669.33
68 567.146 256 612.926 660 597.448 1400 1110.35
52 933.651 328 1010.97 660 1070.8 1000 1133.72
67 686.883 365 747.993 696 773.814 1300 868.449
48 471.037 214 499.414 480 506.164 1000 688.286
54 540.015 365 604.717 719 607.851 1200 731.114
54 260.869 124 298.746 477 249.473 600 258.277
53 720.206 282 810.432 596 764.725 900 805.402
56 1137.42 373 1246.27 884 1356.26 1300 1452.37
53 734.536 169 776.07 541 684.68 1200 1213.23
38 557.29 122 658.017 455 653.811 600 693.046
25 186.3 115 302.695 476 304.595 600 307.277
66 768.605 197 801.656 691 769.773 1600 1222.49
65 894.03 200 913.076 573 853.995 1400 1504.33
58 667.381 314 715.265 669 748.472 1100 800.564
66 359.861 247 402.685 477 401.659 1200 453.835
59 460.052 211 535.248 470 556.167 800 579.564
83 456.939 427 496.037 811 521.021 1400 560.784
79 503.817 427 536.72 819 548.195 1700 769.088
43 272.386 137 266.909 311 250.484 800 497.02
58 323.53 152 401.46 346 389.091 1100 658.079
46 332.282 120 337.104 269 323.135 700 565.668
33 442.828 126 513.639 323 497.309 600 683.617
42 501.475 251 552.151 460 581.622 600 605.391
68 628.842 204 688.906 506 696.641 600 682.244
54 477.048 405 529.514 745 558.892 1100 595.093
41 292.285 107 336.246 628 279.232 1000 406.101
68 268.057 278 299.945 521 307.064 1200 366.637
52 240.773 287 264.861 539 262.726 800 334.293
69 448.329 215 502.038 591 463.12 1300 939.016
71 581.899 274 625.778 536 642.306 800 704.857
61 782.309 315 888.66 555 853.737 1100 894.804
63 1087.73 398 1185.84 815 1243.02 1400 1365.55
67 448.511 355 480.266 617 474.496 1100 603.294
64 548.544 207 578.033 543 563.881 1300 995.101
70 567.617 160 629.931 617 540.993 1100 928.931
60 547.357 397 602.236 753 635.652 1100 672.525
50 471.943 161 578.849 515 570.669 1400 827.994
44 278.114 128 306.449 506 236.754 1100 479.918
68 1111.23 438 1218.65 908 1293.54 1500 1423.13
26 269.798 158 405.005 441 431.645 600 406.552
56 341.835 275 375.042 557 392.828 1000 426.942
66 1071.92 153 1160.15 691 1017.73 1500 1977.24
43 385.17 150 428.604 462 392.582 800 566.903
59 606.185 345 661.355 729 703.372 1200 762.596
38 516.621 197 572.706 465 601.335 600 604.867
63 476.92 412 523.991 794 553.776 1400 610.921
72 984.684 185 1020.67 689 879.552 1400 1540.42
49 370.047 332 405.622 658 427.951 1100 468.946
83 334.207 341 362.377 622 373.483 1100 446.239
72 780.913 392 836.388 730 862.432 1500 950.371
47 670.927 107 819.357 651 674.051 1100 969.432
43 367.986 167 425.112 386 439.557 700 483.614
51 414.72 190 448.103 594 484.539 900 509.306
53 799.242 135 903.469 593 841.244 1300 1171.26
66 623.249 329 677.615 744 713.375 1400 779.582
56 698.582 431 767.83 811 808.865 1300 908.021
62 203.763 98 252.118 752 210.982 1500 393.47
72 1147.84 422 1223.37 790 1263.38 1500 1443.09
42 293.678 98 395.524 572 379.12 1100 475.86
48 667.336 161 885.2 481 862.859 1000 1222.15
61 729.841 229 791.104 815 858.645 1400 929.887
50 252.054 311 272.835 578 277.812 1000 339.453
44 801.981 111 953.073 713 923.796 1400 1220.04
49 520.53 153 585.347 567 606.464 1100 742.888
32 221.439 76 262.94 535 217.493 900 349.361
51 339.323 244 375.546 497 391.476 900 421.14
36 252.713 221 297.078 439 316.44 600 334.0
66 553.998 354 599.725 636 622.775 1200 670.157
98 740.994 438 806.922 787 824.324 1600 897.249
78 528.699 218 584.046 626 503.698 1400 1421.07
78 772.377 487 853.089 1037 829.3 1700 1285.14
49 202.772 221 215.974 490 203.637 1000 492.899
77 484.355 288 516.006 629 505.395 1100 825.926
80 678.187 397 730.885 787 739.242 1400 1104.57
73 415.319 202 431.015 531 382.591 1300 872.093
38 593.967 126 663.158 522 597.694 1000 1058.28
39 647.346 138 793.308 385 821.062 600 815.31
46 953.239 473 1087.41 1010 1172.6 1400 1314.98
78 348.809 284 365.727 541 373.085 1100 447.628
81 204.408 211 213.038 508 195.362 1300 528.896
53 357.67 122 378.765 434 324.353 1000 551.063
52 708.224 267 769.344 596 817.598 900 862.709
50 576.278 139 636.768 685 520.037 1200 868.979
72 396.934 257 422.375 700 361.681 1400 627.534
56 652.067 332 704.81 709 751.342 1100 808.222
75 251.593 205 276.875 508 227.432 1100 443.851
49 687.535 126 742.045 515 730.433 1200 1106.95
51 389.831 121 427.083 532 342.038 800 470.673
46 307.363 142 369.289 491 356.095 800 393.715
29 418.379 162 470.251 419 500.501 700 538.241
73 364.504 241 403.96 460 422.107 600 436.537
58 684.498 290 744.477 654 752.435 1200 1046.4
75 299.423 275 324.488 559 333.8 1300 365.333
43 505.062 126 540.283 504 582.802 900 626.444
62 195.972 325 211.544 642 222.415 1100 240.27
69 753.306 162 818.27 611 664.54 1100 1142.32
49 971.06 120 1039.99 424 1037.21 1000 1485.07
73 391.505 239 422.058 531 440.138 900 463.098
59 301.359 278 326.639 555 317.164 1200 658.353
50 409.409 235 441.549 444 463.751 600 458.774
102 400.207 416 422.505 818 409.88 1600 903.896
43 285.692 208 346.168 410 351.998 700 369.014
73 227.944 203 252.329 470 242.866 1500 561.699
80 537.296 355 583.39 776 611.809 1500 674.309
46 704.561 105 936.351 580 895.794 1300 1308.51
44 244.298 270 264.934 532 269.618 900 319.41
47 532.379 211 659.368 600 663.781 600 663.781
66 271.747 210 283.983 504 251.229 800 397.684
47 381.776 120 426.309 433 381.966 1000 627.636
59 368.578 216 392.7 477 382.939 1100 762.389
52 318.56 182 418.503 630 401.009 1100 461.567
75 687.638 270 726.013 481 736.864 1200 820.298
46 337.471 207 411.692 507 389.013 800 536.831
44 671.179 117 735.261 545 707.949 1200 1107.3
40 575.323 238 625.69 475 661.671 600 682.392
42 297.242 97 387.389 532 364.112 900 478.987
71 651.116 180 698.976 419 710.482 600 705.108
54 692.129 243 739.895 512 776.556 800 812.267
53 473.717 268 513.618 562 523.938 1100 740.71
98 309.74 233 350.874 582 355.697 1400 383.19
62 1119.58 229 1260.03 450 1152.19 900 1148.04
53 376.557 158 403.074 526 425.588 1000 459.518
68 403.072 280 439.583 572 461.979 800 482.959
42 765.584 153 881.726 630 866.513 1000 1007.27
73 902.466 375 987.872 796 997.406 1100 1119.05
47 310.542 260 343.319 566 319.157 1000 460.692
39 506.431 131 554.38 333 550.747 1000 934.258
72 205.064 298 221.104 568 209.167 1100 404.686
39 252.223 250 288.129 473 299.383 900 321.385
52 539.969 408 603.034 751 639.298 1100 680.786
69 829.672 360 903.683 696 944.375 1300 1060.77
67 276.641 167 298.401 639 312.671 1300 334.739
53 237.74 233 291.074 509 299.726 1000 319.42
56 379.053 310 408.291 664 413.447 1100 547.537
36 482.423 97 565.235 334 527.981 700 767.39
50 224.53 164 256.428 447 231.652 1000 433.43
76 269.575 202 287.237 669 220.03 1500 538.048
75 764.557 170 803.258 653 658.627 1500 1373.32
67 316.172 250 352.461 611 346.331 1400 777.023
59 457.612 235 484.745 452 498.776 900 560.626
38 439.736 217 479.658 476 491.416 800 593.801
72 736.43 323 788.415 698 793.523 1400 883.945
83 651.388 329 701.282 702 715.978 1300 790.247
49 363.812 240 409.703 600 402.74 600 402.74
70 259.469 241 304.162 520 256.835 1000 388.42
53 397.952 150 426.631 499 369.894 700 431.409
57 336.354 161 359.749 508 319.005 1100 646.34
48 489.34 258 537.253 593 519.175 1000 738.052
78 285.37 352 305.422 675 291.263 1300 588.383
52 393.994 246 421.885 458 435.103 900 468.616
65 939.705 450 1029.12 857 1059.93 1500 1289.44
44 411.446 107 457.519 366 365.974 1000 946.468
24 353.351 73 427.951 254 404.708 600 622.974
51 376.681 127 466.591 800 371.961 800 371.961
58 912.359 247 1000.65 877 1062.32 1500 1285.49
56 570.439 248 619.339 510 634.908 1000 806.958
70 1088.12 198 1108.01 494 935.244 700 1008.74
78 369.158 188 419.409 555 378.514 1500 717.608
36 585.553 77 733.27 379 703.198 700 827.685
71 510.034 367 550.889 796 582.964 1300 621.101
74 642.735 423 695.526 800 715.651 1400 920.341
66 677.447 164 731.078 811 529.623 1400 893.063
64 349.962 241 374.001 482 381.233 1100 563.379
50 340.204 142 356.942 310 357.98 900 541.052
60 197.654 92 214.56 490 224.91 1200 248.914
51 770.329 114 867.73 476 842.193 1000 1198.54
37 333.366 283 369.398 542 392.571 800 421.399
58 683.901 423 745.823 798 785.375 1400 851.144
64 982.65 473 1094.43 850 1117.65 1500 1300.03
94 251.691 277 275.738 532 278.619 900 336.893
66 653.215 190 705.377 575 598.023 1400 1292.14
50 458.492 207 495.986 513 496.561 1100 858.81
68 248.225 293 269.582 572 279.226 1100 309.204
79 469.445 403 503.274 753 521.383 1500 584.832
64 772.643 406 843.755 1044 919.591 1500 973.961
31 508.837 66 653.426 396 659.577 800 974.468
76 439.699 178 494.837 584 434.825 1500 1146.69
74 399.433 131 454.419 458 432.595 1100 647.018
59 539.766 151 560.296 490 486.176 1200 882.737
65 482.344 143 540.485 653 501.29 1400 942.402
74 807.204 245 879.961 633 782.27 1300 1223.49
69 560.721 243 605.132 551 613.37 800 653.358
59 629.528 278 686.988 615 707.084 1000 750.349
69 496.31 357 539.722 644 559.796 1300 661.94
61 601.501 380 652.157 834 696.222 1400 755.132
62 351.955 196 376.98 557 395.874 1100 429.865
50 418.277 306 449.782 599 468.673 1000 511.262
72 881.112 510 966.649 944 1013.01 1600 1102.39
96 585.597 265 639.6 560 633.064 1600 721.485
49 539.079 173 587.736 464 577.049 900 868.695
40 364.199 98 484.974 719 481.348 1400 859.385
62 442.72 183 485.529 438 483.076 1000 823.133
49 1078.75 411 1219.86 861 1247.32 1300 1523.71
56 659.385 270 717.046 683 713.459 1100 945.163
56 338.582 251 370.595 497 377.586 800 395.973
76 881.321 225 904.565 501 868.637 1400 1416.01
87 643.241 356 681.303 713 688.639 1600 1000.57
35 322.101 137 404.55 519 441.067 800 470.169
70 600.04 234 617.057 607 574.6 1100 809.211
48 324.357 240 389.837 498 410.925 700 425.139
68 282.612 171 337.836 488 270.928 1500 958.642
62 750.492 236 832.807 562 757.982 1200 1103.51
68 298.171 189 338.647 532 297.32 1600 759.493
72 389.087 373 420.797 691 427.754 1400 641.69
53 864.109 295 959.957 730 945.092 1200 1288.53
51 582.449 145 619.803 632 657.808 1100 736.962
58 616.422 265 697.713 477 683.219 700 673.795
78 826.298 289 869.235 582 864.893 1500 988.338
48 737.589 113 823.012 522 664.126 1000 1369.04
67 609.069 356 652.63 648 661.326 1300 787.124
78 269.887 215 299.096 523 262.093 1200 580.004
68 408.356 300 444.487 572 430.81 800 468.852
65 398.721 212 425.843 767 460.654 1300 497.151
72 838.697 252 843.332 567 826.167 1400 1499.33
46 377.62 125 458.56 337 469.548 700 501.519
60 439.276 188 490.299 532 433.267 1200 907.791
58 874.836 431 963.869 840 1022.07 1400 1121.42
49 305.255 257 331.881 527 348.038 900 377.593
53 417.987 208 458.715 509 455.594 1100 820.396
40 410.228 177 451.81 524 446.694 1000 730.061
60 501.267 259 546.839 640 584.482 900 614.241
75 394.242 219 432.326 560 328.354 700 342.669
35 247.037 178 317.772 432 321.468 700 380.57
54 590.022 330 642.372 598 670.787 1100 726.596
68 266.612 254 295.085 536 290.9 1200 664.545
89 448.776 353 488.44 610 499.478 1400 534.544
54 868.012 491 977.36 888 1010.13 1400 1170.94
72 325.151 305 353.174 830 373.155 1600 480.167
66 580.061 248 623.822 679 626.666 1000 739.479
69 978.394 184 952.604 603 790.226 1200 1352.72
86 395.195 338 420.11 659 399.583 1400 772.33
74 329.009 266 362.345 656 338.124 1500 809.679
62 1089.98 168 1163.91 652 1093.46 1500 2176.7
53 344.689 163 375.641 585 328.062 1300 642.305
51 260.173 298 327.852 550 338.221 900 356.427
52 629.314 149 674.367 445 691.917 1000 752.295
66 888.878 386 970.414 691 1008.9 1300 1114.84
38 475.086 103 515.569 457 496.309 800 646.557
36 318.343 81 344.039 409 293.802 800 436.604
76 824.159 262 785.254 698 656.841 1200 1071.72
66 308.685 379 334.63 735 351.499 1300 382.185
28 528.593 72 597.456 287 476.836 700 863.785
65 286.039 304 304.069 591 308.18 1100 383.94
79 338.049 189 381.482 623 320.479 1500 721.255
66 786.835 292 850.011 573 870.241 1200 1084.29
56 658.269 248 745.04 482 758.196 1400 848.858
58 415.757 270 445.704 554 455.564 1200 537.465
53 420.48 299 464.269 573 462.705 700 475.954
54 305.029 272 324.279 492 335.174 900 363.159
47 602.82 304 676.556 713 656.78 1200 937.044
64 689.404 350 757.376 674 786.382 1300 856.448
66 290.38 175 357.093 515 323.143 1400 624.205
44 566.082 409 637.521 737 680.457 1100 735.823
72 563.258 339 609.618 636 620.347 1300 741.345
40 854.573 126 962.19 589 896.289 1200 1509.38
74 329.913 317 358.336 641 364.168 1300 440.33
56 326.893 205 350.404 495 337.144 1100 705.549
65 802.679 391 881.214 720 843.324 1300 1161.98
73 370.113 304 406.343 553 411.424 1100 483.741
46 447.186 233 481.504 600 510.323 600 510.323
57 689.7 165 756.817 788 558.705 1400 992.895
73 316.258 291 337.25 645 312.26 1200 553.954
71 357.568 252 383.712 547 371.849 800 488.234
74 226.895 232 232.752 573 199.176 1300 390.78
55 580.806 414 639.577 812 679.899 1100 721.906
71 395.867 322 429.335 608 440.582 1400 560.19
80 528.453 225 561.722 690 480.959 1400 846.937
76 290.864 297 322.954 658 335.577 1300 360.056
56 953.508 341 1041.47 703 1102.07 1200 1188.11
68 383.554 325 410.011 645 419.594 1300 460.584
61 777.965 478 857.894 897 907.576 1500 987.802
63 383.956 144 452.478 672 448.225 1400 978.059
103 613.396 404 660.218 754 677.011 1600 719.189
71 582.54 425 638.213 855 680.389 1300 725.77
31 256.045 196 307.36 382 314.15 800 353.197
66 264.933 296 313.086 728 330.073 1400 360.408
59 310.989 202 384.97 534 378.268 1000 556.792
59 404.851 357 440.266 672 451.415 1200 656.358
68 754.608 366 839.814 747 875.573 1600 968.086
64 886.12 173 954.601 832 835.083 1600 1252.4
34 386.01 144 468.18 463 466.751 600 466.839
72 427.779 335 461.842 634 483.467 900 504.248
60 374.241 274 415.429 538 434.144 900 464.434
52 373.629 267 413.609 562 444.736 700 470.121
70 435.894 300 476.244 769 453.919 1300 640.182
21 389.484 89 556.272 362 598.639 600 625.096
72 618.659 450 675.908 857 711.728 1300 764.882
54 281.23 192 300.264 515 317.034 1000 342.526
53 374.693 139 454.956 489 449.033 1400 772.266
