65	376.464	386	432.615	678	447.304	1300	532.792
98	608.078	440	644.053	804	647.387	1700	988.311
103	289.307	422	322.093	782	328.814	1700	511.293
70	510.397	482	608.56	933	647.438	1600	708.035
97	399.082	407	424.028	785	424.119	1600	855.371
60	538.46	469	631.821	930	674.086	1500	737.586
51	339.885	375	382.941	713	411.026	1200	403.896
55	297.972	362	332.832	690	346.609	1300	388.879
37	272.657	73	344.166	560	298.929	1200	653.446
85	345.789	288	366.134	601	362.585	1400	410.683
64	505.765	135	562.06	594	453.527	1400	975.273
52	77.3272	211	104.624	499	111.009	1100	117.726
51	381.138	420	430.043	812	427.304	1300	408.875
63	345.677	571	392.704	1132	423.19	1600	452.322
81	681.945	512	815.333	957	859.247	1700	958.944
78	323.264	360	349	790	325.109	1700	342.688
119	392.442	415	428.132	785	433.397	1700	466.218
82	249.364	296	268.069	589	269.282	1400	373.982
69	262.568	334	313.833	624	322.427	1200	355.016
53	419.463	225	446.987	655	472.621	1300	448.459
53	200.638	132	243.295	487	219.63	1400	611.76
82	293.712	269	309.552	492	308.286	1300	333.711
73	393.762	594	508.313	1150	533.55	1700	579.23
91	212.348	419	229.359	765	238.713	1600	265.027
79	448.86	285	480.121	601	478.762	1500	540.001
68	454.933	385	501.651	984	541.816	1500	566.524
61	213.684	302	265.116	923	280.257	1600	295.895
46	153.904	197	185.622	686	199.219	1200	205.194
91	211.156	197	222.011	521	194.547	1600	567.655
81	433.253	283	482.832	619	479.191	1500	560.233
69	440.441	273	478.241	668	491.735	1500	404.473
92	468.798	311	496.225	632	492.416	1600	556.27
93	400.034	400	431.555	734	445.483	1500	466.902
66	474.942	441	522.162	750	538.57	1400	586.738
90	309.383	232	375.931	645	334.722	1700	972.512
77	295.398	208	327.869	621	340.205	1500	365.198
64	227.194	146	273.242	438	222.705	1400	736.322
87	543.869	425	617.055	881	613.814	1700	894.057
73	286.153	438	315.254	820	329.905	1600	396.614
72	556.787	548	622.417	966	645.449	1500	732.812
45	448.268	122	471.326	543	396.613	1100	633.848
48	271.901	403	310.229	753	310.595	1100	258.529
94	209.567	328	221.702	658	219.345	1500	514.212
69	308.963	241	337.397	845	263.248	1700	565.633
55	179.446	287	226.189	541	236.277	1100	263.627
70	261.222	234	297.859	555	303.961	1200	326.766
64	549.86	186	527.44	549	464.635	1300	1011.08
50	515.558	116	552.585	498	509.004	1200	1107.04
46	398.91	331	437.693	743	441.567	1200	400.475
61	661.216	355	735.062	843	694.638	1500	1223.43
87	175.246	264	204.995	470	206.6	1200	221.6
54	493.808	117	602.011	642	529.713	1500	1260.88
68	710.048	491	775.329	859	804.343	1600	878.352
62	436.985	134	521.449	546	513.127	1500	564.134
92	204.645	388	242.78	725	248.782	1500	332.697
66	511.114	294	545.965	679	559.533	1400	716.481
65	259.57	215	271.037	533	252.136	1200	611.99
70	466.444	588	521.065	1106	557.559	1600	613.577
94	164.012	360	209.996	676	218.22	1400	239.487
86	317.342	349	362.241	781	377.724	1500	403.392
68	246.664	159	301.401	410	276.976	1400	776.009
59	448.889	399	495.722	861	534.901	1400	551.618
75	356.593	505	390.011	941	406.51	1600	502.001
46	291.028	221	331.497	651	304.47	1200	479.596
75	882.437	592	985.245	1074	1049.66	1600	1137.5
76	301.102	207	319.014	527	290.887	1500	826.721
74	809.58	389	922.771	902	901.313	1500	1430.19
91	519.686	297	549.433	674	547.042	1700	606.474
65	250.866	189	282.338	464	281.01	1200	361.626
51	438.937	626	503.754	1151	552.545	1600	495.649
58	334.539	147	382.09	604	295.751	1400	755.213
50	318.169	629	359.822	1256	398.509	1600	411.489
89	206.99	383	250.563	722	255.207	1500	455.962
70	358.307	498	405.862	905	428.106	1600	471.227
78	321.976	405	350.431	832	336.129	1700	977.955
82	276.088	365	296.777	689	300.19	1600	538.283
85	411.847	462	446.728	855	470.172	1700	461.589
72	690.862	386	772.552	815	795.153	1600	1089.18
81	416.608	448	462.024	912	487.918	1700	532.469
72	883.244	554	1008.93	1024	1077.82	1500	1167.28
105	288.93	340	308.442	594	311.595	1500	241.331
88	556.317	270	671.772	781	700.703	1600	765.14
80	176.838	371	189.018	699	201.079	1500	154.494
113	243.164	292	263.025	540	265.956	1600	406.367
73	532.063	209	508.754	569	440.025	1400	1072.72
60	307.031	443	396.499	787	410.738	1300	438.973
64	759.168	600	957.746	1136	1020.86	1700	1097.78
48	247.669	175	301.011	572	328.175	1400	228.618
75	479.559	398	518.706	909	551.492	1700	564.234
88	370.762	500	441.458	1034	471.745	1700	507.277
44	172.575	294	188.506	566	186.092	1000	358.641
99	308.836	446	342.82	935	355.979	1600	382.089
51	367.561	149	417.411	645	391.513	1300	933.77
81	292.177	384	315.806	797	286.416	1700	800.414
65	604.565	173	662.467	847	448.438	1600	922.21
85	343.449	569	409.762	1057	434.817	1700	492.69
65	359.088	533	397.984	1025	392.728	1600	632.053
67	218.753	138	250.283	417	234.192	1300	683.011
77	575.005	243	530.576	572	475.391	1500	1188.63
81	211.256	352	260.327	753	272.488	1600	294.669
75	287.318	382	324.536	703	337.555	1500	401.175
57	772.157	122	957.42	836	866.971	1600	1856.66
61	89.9882	265	129.699	526	135.198	1200	166.96
51	886.994	443	994.649	1079	1104.18	1500	1178.5
61	233.748	494	249.25	889	246.18	1500	257.349
54	268.361	192	342.708	472	316.765	1600	832.612
61	729.259	347	788.598	887	812.058	1600	858.462
68	321.095	183	355.903	651	341.011	1500	770.709
62	466.091	224	518.947	827	378.878	1500	807.469
58	286.39	515	307.153	928	313.903	1500	303.18
81	259.521	389	277.752	723	289.08	1600	321.529
72	475.837	400	508.606	843	481.737	1500	906.109
51	205.235	378	239.059	746	255.308	1200	284.16
49	524.843	180	607.432	1008	672.96	1500	719.258
70	228.994	360	280.329	701	295.802	1300	323.667
69	936.325	539	1042.3	1031	1102.98	1700	1189.45
94	288.456	297	325.899	553	321.929	1700	369.516
66	295.635	257	322.532	827	340.467	1300	359.735
66	454.609	197	520.679	812	553.181	1700	605.851
71	465.146	520	572.073	953	598.281	1500	648.436
87	202.758	334	226.197	644	232.698	1600	298.598
70	499.908	475	596.856	819	614.153	1500	665.973
94	281.223	470	307.937	889	317.627	1600	371.114
106	296.225	364	316.36	680	323.343	1700	351.721
82	239.376	363	265.097	682	274.313	1300	306.476
96	319.017	302	338.936	567	339.821	1600	338.331
87	417.755	409	453.21	753	465.635	1500	501.154
71	360.253	449	392.53	957	417.514	1700	428.615
100	640.588	432	696.534	810	699.982	1700	1064.14
80	249.474	398	295.487	740	304.252	1500	418.081
80	457.299	223	430.506	527	384.21	1500	1043.86
73	325.99	444	365.371	820	375.83	1500	408.235
62	263.204	146	279.002	499	203.885	1300	650.845
62	818.558	510	892.814	999	956.175	1600	1027.91
91	483.767	427	519.011	799	528.499	1700	608.49
68	463.225	310	493.698	770	460.955	1500	895.986
75	154.22	254	165.769	470	169.528	1200	225.379
70	349.991	411	374.502	759	389.99	1500	453.549
91	377.79	546	415.286	1002	432.433	1700	493.173
67	483.658	298	529.838	589	536.782	1300	661.522
76	211.896	280	237.772	543	238.462	1200	460.832
73	333.192	300	379.813	714	399.219	1500	440.853
67	313.679	473	369.819	875	386.485	1500	422.488
105	242.637	516	278.912	1039	305.859	1500	320.999
97	407.225	393	432.436	830	426.311	1700	726.458
87	283.687	394	320.384	815	336.098	1500	361.978
61	553.793	162	627.216	605	543.059	1500	1294.09
74	438.207	430	529.975	880	561.288	1600	613.138
79	186.489	339	205.238	732	175.684	1400	401.274
128	353.911	357	369.409	617	372.086	1700	316.227
70	504.976	354	588.572	788	572.907	1400	923.585
84	240.974	354	286.449	810	302.169	1600	330.307
57	612.58	459	694.434	856	735.347	1400	794.069
65	663.145	571	757.896	996	802.645	1600	876.77
90	467.001	376	499.714	695	510.969	1600	561.301
64	320.07	374	351.786	680	373.763	1300	283.125
75	265.904	316	286.978	603	294.574	1300	327.57
87	633.364	422	683.19	860	682.85	1700	1000.82
59	584.464	157	648.059	795	501.417	1600	1125.34
71	301.136	410	340.024	778	350.739	1600	395.597
66	327.665	150	328.065	484	266.345	1300	696.578
113	242.416	379	260.241	708	265.777	1600	412.325
63	151.468	337	179.949	644	191.095	1300	203.494
54	425.783	347	498.577	867	475.887	1500	851.865
94	579.264	508	628.16	898	640.208	1700	795.6
89	273.143	490	298.408	937	315.674	1500	332.703
53	496.911	107	571.199	121	574.262	121	574.262
97	203.76	313	247.604	688	258.462	1600	282.787
102	320.669	454	381.068	844	392.388	1700	497.955
83	476.533	475	510.271	889	532.231	1700	607.004
65	274.994	359	298.112	699	291.244	1400	630.037
83	411.83	382	455.349	737	472.656	1600	519.169
45	373.069	355	439.224	686	464.047	1100	535.613
72	468.394	152	556.592	806	612.227	1700	1265.98
92	442.237	426	537.192	838	564.205	1700	631.207
58	246.99	414	271.308	752	285.045	1300	308.413
71	789.344	519	905.587	949	945.482	1600	1124.8
75	128.389	341	141.049	713	147.373	1500	164.059
61	167.312	159	195.432	591	206.932	1300	228.254
74	241.074	204	304.832	581	308.004	1600	337.435
63	563.557	545	645.016	1000	675.118	1600	851.465
53	653.862	293	764.176	745	797.502	1400	1013.47
61	331.276	532	370.705	991	386.051	1600	505.767
55	456.006	258	515.495	668	474.594	1200	941.645
55	550.721	442	606.753	860	649.782	1400	702.916
68	188.134	319	229.915	669	216.974	1300	453.143
67	162.528	209	217.75	485	226.668	1400	237.789
57	220.45	383	244.6	738	226.241	1300	390.705
67	216.401	541	265.644	1005	280.158	1600	301.353
90	421.775	477	458.425	860	468.469	1700	512.406
51	417.063	333	452.619	623	469.586	1200	524.575
53	650.591	424	724.778	794	772.628	1200	832.242
96	139.733	386	150.355	767	157.543	1600	165.196
74	571.602	428	614.794	892	594.754	1600	1014.87
55	463.175	365	507.773	1059	573.648	1600	515.721
89	331.574	260	413.379	646	436.25	1700	469.823
63	221.422	265	277.175	550	292.991	1600	172.146
88	404.002	397	430.31	878	421.437	1700	745.138
77	220.906	153	249.231	565	201.714	1600	636.567
61	571.929	417	639.644	987	699.675	1500	755.072
142	275.318	333	295.971	670	304.098	1700	317.075
69	792.666	411	851.168	873	797.93	1500	1603.81
83	457.654	295	535.956	535	540.088	1400	678.021
75	630.352	421	701.647	827	729.372	1600	798.152
82	334.83	548	377.809	989	401.219	1600	434.272
73	251.293	407	277.131	776	289.306	1400	321.742
74	111.22	317	114.589	589	117.072	1200	130.376
87	193.721	352	215.069	654	205.845	1500	283.537
56	593.124	505	678.107	915	638.393	1400	655.873
65	431.143	386	478.425	756	462.43	1500	377.674
72	320.797	139	351.328	559	306.725	1400	672.749
68	308.554	447	338.316	843	353.306	1500	411.178
64	318.991	420	355.904	754	374.888	1300	408.327
66	725.409	201	802.572	790	578.379	1500	1276.01
100	413.453	419	526.029	763	530.845	1600	651.09
78	257.253	389	288.468	774	299.987	1400	318.591
90	261.668	402	270.77	814	239.665	1700	653.012
65	295.636	169	350.55	696	369.475	1500	863.222
82	245.329	378	276.582	696	288.386	1500	346.11
91	243.145	431	267.511	810	279.762	1600	258.049
85	248.502	422	277.692	762	288.452	1600	326.137
83	330.873	326	349.898	764	320.941	1600	797.472
76	851.426	395	935.338	780	960.494	1600	1139.35
54	113.632	84	151.307	744	141.507	1600	331.999
71	465.868	593	559.707	1156	604.038	1700	653.056
86	385.941	343	448.692	708	465.071	1400	504.942
73	677.271	429	746.389	1007	798.195	1700	870.372
57	374.586	450	415.894	791	440.503	1300	476.186
72	304.021	570	334.833	1045	339.648	1700	304.232
63	537.843	177	634.891	674	500.505	1300	982.941
90	476.904	458	554.117	812	570.994	1600	628.882
94	246.506	421	267.884	787	279.257	1600	342.917
65	224.894	455	271.071	841	287.668	1300	324.872
76	766.57	182	800.788	703	658.851	1500	1367.78
69	327.842	478	397.591	897	421.573	1500	468.159
55	376.753	332	419.056	673	426.437	1000	393.55
76	553.714	509	676.69	998	705.112	1500	856.993
104	284.691	421	346.481	807	357.314	1700	395.547
93	195.951	352	212.482	660	216.964	1600	386.281
59	484.905	592	559.961	1099	605.355	1600	660.081
59	168.324	168	207.682	419	201.025	1500	417.222
81	312.256	221	334.37	693	231.177	1700	618.176
70	361.094	338	395.522	631	409.241	1300	443.359
47	237.429	319	289.826	659	305.501	1100	329.157
66	290.258	226	327.845	619	347.406	1300	380.507
52	226.422	289	246.881	707	264.391	1200	290.215
72	590.487	617	716.86	1158	772.229	1700	846.928
65	350.551	144	409.232	560	348.679	1500	997.095
92	333.199	304	352.667	639	358.775	1700	311.44
74	347.167	347	376.459	794	356.121	1500	693.788
103	314.984	361	335.199	750	347.328	1700	379.026
73	190.345	252	204.762	623	213.148	1500	236.102
72	355.032	241	380.591	683	332.599	1500	863.219
65	353.539	366	389.601	762	416.068	1400	451.32
55	520.174	202	549.242	716	585.199	1300	632.304
54	570.871	390	650.49	968	617.535	1600	1058.28
84	383.704	446	416.262	804	432.321	1600	414.591
60	149.361	150	182.201	359	167.273	1300	512.391
83	458.063	457	543.106	864	565.298	1700	617.227
84	410.661	359	452.076	738	470.286	1600	515.154
80	480.062	423	523.727	810	532.985	1500	638.402
57	206.489	241	239.07	490	238.753	1000	407.573
50	284.958	308	329.159	634	339.965	1100	367.58
85	270.447	349	287.9	662	298.866	1600	249.76
100	365.509	403	390.134	785	411.282	1700	356.897
62	860.313	195	924.813	807	838.225	1600	1593.5
77	180.188	327	213.069	623	214.854	1500	251.551
67	422.273	385	524.95	884	494.468	1400	772.53
68	694.838	358	751.101	1037	820.364	1700	867.783
87	352.018	475	438.474	911	460.792	1700	519.216
79	383.943	250	408.026	570	412.102	1500	461.646
66	163.772	169	194.224	462	169.054	1500	509.558
52	405.021	130	441.719	511	348.27	1300	861.346
79	314.266	377	332.226	697	341.4	1500	413.571
71	513.179	573	603.141	1099	644.65	1700	713.263
103	241.591	423	259.8	783	270.878	1700	304.041
43	308.246	93	360.473	426	309.21	1000	697.296
64	568.757	527	637.572	1032	498.049	1700	571.94
79	246.236	320	292.559	601	292.275	1300	520.444
65	268.614	160	312.712	525	249.234	1700	792.982
88	207.304	328	210.6	670	218.488	1500	212.121
93	322.932	403	352.274	732	366.821	1600	266.705
77	531.654	267	551.063	606	561.657	1500	509.259
80	640.357	431	725.995	901	703.68	1700	1576.45
53	296.139	126	342.63	460	290.343	1200	755.471
99	161.192	385	174.132	723	178.323	1500	230.759
66	509.583	504	560.507	931	590.155	1600	685.159
60	608.178	548	687.691	960	728.052	1500	801.067
79	293.074	403	314.488	749	328.028	1600	348.548
72	757.824	561	966.846	997	1021.68	1600	1114.27
84	490.286	348	594.374	726	618.036	1500	675.01
55	431.604	409	478.358	968	527.44	1500	522.298
61	385.989	308	430.002	816	399.477	1400	641.793
72	653.436	525	717.356	962	756.903	1700	829.38
95	298.292	373	362.119	679	373.581	1700	410.589
65	381.874	385	418.349	748	439.959	1400	485.585
87	153.281	304	178.082	634	165.929	1300	378.175
113	335.657	355	360.895	661	362.474	1600	745.291
69	392.29	368	416.1	712	429.768	1400	469.777
82	187.547	205	194.851	553	136.58	1500	454.412
56	225.489	395	246.413	741	261.119	1300	284.89
64	285.407	299	343.325	951	369.02	1600	396.576
50	529.928	335	683.938	667	709.269	1200	770.07
79	499.008	449	541.575	928	536.014	1700	570.221
76	362.626	455	401.228	928	194.575	1700	660.315
56	523.735	157	563.059	609	512.087	1400	1038.94
84	171.034	287	193.285	573	182.103	1300	485.18
81	449.32	269	566.71	639	583.783	1400	614.039
52	309.748	317	337.012	638	351.882	1200	380.369
69	349.985	175	389.387	605	297.322	1500	867.644
62	559.653	388	606.21	723	609.703	1400	640.503
73	533.905	521	620.347	980	655.102	1500	719.467
72	742.323	595	856.149	1070	909.389	1700	1022.77
40	502.173	128	546.642	540	499.73	1100	890.576
51	248.303	480	276.376	961	297.495	1400	320.281
92	297.711	446	356.904	832	370.327	1600	465.803
72	681.5	175	733.542	666	616.559	1600	1580.35
88	181.405	354	196.619	685	204.691	1400	223.881
61	623.565	261	695.86	760	635.909	1500	1448.18
78	429.365	526	482.84	993	507.097	1600	568.21
75	303.971	154	332.465	569	260.836	1600	861.543
62	293.007	341	332.111	684	350.951	1300	392.16
54	594.252	370	679.27	820	724.735	1400	773.381
65	377.371	166	411.986	513	329.183	1500	988.209
66	366.122	391	409.184	736	432.043	1300	472.583
60	309.74	218	373.61	430	373.266	1000	399.22
103	422.297	255	452.473	617	454.76	1700	504.868
78	539.553	216	532.59	612	450.816	1500	1112.42
51	149.487	303	167.023	598	173.855	1000	189.292
52	275.192	128	311.81	538	211.536	1300	514.066
97	396.68	399	504.138	722	508.053	1600	532.111
52	978.409	295	1179.44	974	1164.78	1600	1595.5
63	496.866	690	565.716	1274	603.7	1700	691.911
84	583.396	402	626.65	837	621.638	1600	933.845
67	303.568	186	346.998	543	283.224	1500	765.551
91	242.216	299	260.048	571	266.482	1500	299.413
66	787.13	690	950.802	1286	1043.31	1600	1091.84
83	401.47	443	455.695	963	420.309	1600	769.837
87	780.536	613	930.992	1190	1004.03	1700	1073.06
83	240.101	472	255.551	892	261.833	1700	439.911
72	702.736	532	779.152	1025	831.148	1700	904.235
68	154.67	232	170.206	498	176.866	1200	197.872
62	266.647	319	291.175	608	302.544	1200	311.644
87	166.132	257	186.801	487	187.027	1200	449.066
69	228.608	288	265.104	523	274.503	1200	268.996
63	402.003	345	441.645	792	422.43	1400	661.93
80	711.014	341	752.636	726	768.714	1600	777.279
65	477.842	572	547.299	1080	583.257	1700	651.118
74	254.74	420	276.01	893	290.54	1400	315.084
60	913.117	322	1085.19	990	1064.52	1700	1616.38
41	188.97	105	220.145	435	181.126	1000	399.289
76	443.531	173	450.199	594	366.002	1600	823.24
77	182.187	321	209.389	566	214.878	1300	233.004
49	399.371	118	446.53	592	327.426	1300	806.967
78	186.575	384	236.178	713	239.139	1500	296.958
111	259.476	433	276.832	823	285.398	1700	325.505
97	383.94	317	401.985	601	400.407	1700	444.172
87	458.531	327	536.365	699	558.342	1400	608.891
71	293.578	185	315.675	522	273.673	1400	655.21
103	318.314	414	346.441	787	354.274	1600	385.297
78	369.79	390	399.26	769	424.984	1600	348.361
78	295.58	454	363.355	939	383.599	1600	413.058
93	279.835	395	302.515	781	313.783	1700	347.335
79	268.343	413	299.49	765	307.911	1500	456.787
73	445.565	665	496.67	1312	547.35	1600	572.912
83	585.061	457	661.463	958	686.244	1700	759.225
67	352.514	157	409.851	644	338.611	1400	820.276
76	295.061	402	321.385	773	334.816	1600	382.544
58	255.65	256	305.105	555	318.174	1100	347.414
84	604.681	388	649.637	935	690.498	1600	747.712
55	382.302	567	450.862	1064	298.012	1500	335.656
80	386.5	499	442.668	1012	470.272	1600	505.056
39	297.861	451	335.154	922	291.997	1300	251.52
100	263.677	326	270.46	672	255.584	1600	747.536
69	397.525	440	447.387	819	460.22	1500	685.06
62	428.135	517	492.278	985	534.039	1400	568.663
68	476.314	168	542.722	653	445.521	1700	1004.28
68	355.327	546	400.081	979	421.669	1500	439.627
53	784.3	126	960.462	854	863.597	1600	1738.12
71	115.163	252	123.258	580	129.026	1200	140.116
74	398.972	158	436.396	634	342.74	1700	1043.81
106	330.012	481	374.559	874	386.848	1700	407.926
92	395.052	446	475.806	836	498.18	1700	578.665
75	181.019	186	193.502	393	188.104	1200	266.528
72	536.161	180	643.962	675	514.195	1400	1073.35
61	405.125	170	432.727	503	368.807	1200	849.403
86	477.498	475	548.56	873	569.539	1700	641.891
68	352.295	354	425.765	985	460.391	1600	496.567
95	446.366	408	499.979	758	509.829	1700	851.159
52	607.096	480	666.514	893	711.044	1400	763.813
87	672.879	245	654.259	629	580.157	1700	1488.4
67	210.241	345	260.707	640	273.958	1200	301.779
71	530.04	288	564.279	725	592.015	1500	648.557
80	656.171	380	700.786	833	719.55	1700	791.645
59	444.078	479	540.889	907	566.41	1300	659.62
85	181.06	275	213.579	555	221.233	1200	237.685
94	303.413	414	325.515	778	337.108	1700	375.42
50	309.714	548	363.665	1018	395.187	1400	421.585
76	528.283	336	565.3	816	532.813	1600	1051.76
75	305.512	221	334.938	640	352.61	1400	387.795
76	659.604	576	734.264	1014	773.681	1700	839.971
63	934.509	147	1027.53	725	862.483	1600	2077.1
60	308.854	311	384.634	1072	407.906	1700	436.404
88	565.951	406	626.058	815	625.133	1600	943.251
105	173.228	348	187.349	626	194.729	1500	199.122
101	371.118	426	415.924	786	426.427	1700	458.688
76	238.1	180	270.017	812	294.558	1500	320.771
75	260.405	169	300.51	503	252.184	1500	787.164
74	477.35	456	528.163	919	486.892	1500	468.19
74	295.134	398	317.25	744	321.052	1500	566.117
67	162.683	190	184.976	576	194.456	1300	210.712
73	981.32	540	1124.9	935	1185.29	1500	1316.34
61	507.714	288	539.902	753	572.484	1400	539.272
88	180.761	386	196.577	730	206.023	1600	146.491
66	415.874	504	462.359	946	492.273	1400	535.136
86	302.393	353	352.683	664	363.54	1400	452.157
67	308.231	341	329.665	744	295.814	1500	803.118
93	282.681	357	326.557	668	337.139	1500	377.007
62	741.411	170	768.059	668	619.003	1400	1324.67
59	279.664	117	353.913	823	270.714	1700	640.638
36	228.262	72	300.699	484	274.828	1100	610.033
53	713.457	393	790.494	944	873.819	1300	930.224
70	157.3	304	186.951	563	189.985	1200	303.412
90	173.243	328	194.468	614	199.832	1400	263.231
61	486.488	498	556.534	886	592.645	1400	639.334
50	485.254	406	538.514	837	578.425	1300	613.676
70	773.759	161	824.032	642	765.227	1600	1724.41
45	607.334	518	693.903	890	722.912	1300	704.369
87	482.025	380	513.895	782	533.05	1700	535.633
67	803.593	356	862.61	785	897.309	1500	993.164
88	235.208	368	273.086	696	282.571	1500	373.227
76	243.22	116	286.131	594	265.251	1700	834.984
81	181.003	193	202.133	529	168.45	1600	556.962
81	404.517	557	532.843	1043	555.191	1700	611.136
99	496.836	413	584.555	770	602.794	1700	687.655
53	238.466	176	267.738	478	238.259	1100	638.037
86	212.945	369	233.777	701	228.702	1700	695.176
56	256.921	139	258.808	372	230.312	1100	574.553
54	180.134	149	236.973	456	239.543	1300	259.989
108	376.795	263	389.213	714	302.53	1700	873.258
71	760.929	577	835.087	1028	880.744	1700	983.916
69	227.241	278	244.303	541	253.817	1300	215.517
62	342.175	161	360.381	492	321.269	1300	589.127
86	289.627	346	309.452	674	317.308	1500	343.808
70	572.738	467	652.722	866	675.407	1500	864.556
76	194.154	266	214.956	519	216.948	1300	280.361
45	512.894	488	579.058	912	623.655	1300	667.253
91	517.946	464	593.642	920	596.168	1700	965.239
49	325.845	278	374.155	526	378.406	1000	466.288
51	499.062	304	558.06	774	515.021	1400	1070.6
46	270.373	158	312.095	379	292.199	1200	653.936
82	430.55	243	407.773	617	353.387	1600	918.766
57	303.645	306	330.558	681	351.615	1300	307.911
81	555.158	449	606.236	904	534.43	1700	718.995
101	687.131	314	724.256	710	713.569	1700	791.329
68	337.954	283	376.797	586	387.304	1300	428.203
66	523.233	407	579.722	763	600.026	1300	649.536
73	280.791	361	305.896	720	320.13	1400	348.791
63	630.718	489	691.715	978	742.366	1600	799.327
46	198.023	183	241.142	344	233.417	1200	420.016
103	334.131	308	395.305	577	392.796	1700	428.296
99	250.641	386	269.78	694	278.356	1600	270.743
61	357.862	227	384.276	526	401.277	1200	335.312
50	369.517	263	393.571	508	406.14	1000	409.396
87	147.187	344	170.905	702	181.79	1500	194.391
63	409.895	364	504.652	636	514.912	1300	559.262
82	296.838	359	351.02	644	351.877	1500	833.064
50	322.342	315	353.331	589	365.801	1100	418.882
99	398.363	428	452.409	804	465.547	1600	630.697
72	302.706	225	335.766	503	327.059	1300	913.181
88	399.478	391	492.827	782	502.454	1500	540.249
66	232.491	300	253.314	659	232.309	1400	543.613
53	343.785	121	374.147	519	297.842	1300	807.991
58	555.979	557	626.345	1097	660.588	1600	791.494
92	190.064	207	209.724	566	165.326	1400	456.569
61	445.684	368	511.264	685	534.31	1300	600.279
83	274.274	259	290.414	750	230.156	1700	538.379
52	487.557	140	552.761	674	428.663	1400	978.984
58	587.186	496	657.413	965	706.485	1500	741.083
62	238.823	243	269.436	816	287.528	1400	303.533
85	150.554	214	155.914	496	140.817	1300	392.815
81	298.961	362	315.067	669	323.051	1600	387.708
57	671.649	525	833.771	1001	888.401	1400	1011.53
66	644.133	372	698.732	911	663.476	1600	899.698
46	471.307	133	514.197	510	459.01	1100	975.619
80	359.346	198	362.842	520	313.956	1500	910.405
78	640.085	501	732.512	946	764.399	1700	834.992
54	284.655	363	325.68	694	336.867	1300	388.078
68	255.461	453	301.318	866	315.78	1400	356.855
71	401.06	431	479.425	857	507.164	1500	553.796
62	322.464	448	410.015	818	434.011	1300	468.594
74	445.391	437	510.655	858	524.497	1400	664.62
75	477.631	451	515.798	865	526.326	1600	601.37
67	650.017	144	764.498	809	681.584	1700	1650.7
94	367.076	346	395.385	800	354.717	1600	896.732
73	357.83	265	378.632	475	377.921	1200	411.041
94	372.839	334	387.75	693	353.84	1700	1218.44
81	326.979	180	379.062	572	333.457	1600	995.404
81	475.984	252	513.616	784	549.528	1600	456.312
59	309.712	237	335.777	466	346.905	1200	269.044
63	287.968	442	320.446	798	339.011	1300	365.389
72	281.062	395	303.445	736	318.832	1500	328.631
93	444.457	236	441.379	531	411.551	1700	1281.02
57	443.83	567	503.507	1078	549.916	1600	510.743
74	425.136	461	482.354	847	501.965	1500	564.963
58	690.985	135	817.537	801	727.474	1600	1642.01
69	368.978	460	432.069	853	454.726	1500	507.54
68	593.809	231	641.642	662	578.36	1400	1383.22
82	286.673	402	314.709	858	337.912	1500	349.331
52	289.372	308	334.781	563	342.444	1000	432.042
54	502.441	440	557.75	906	607.516	1400	595.897
85	381.518	410	415.654	747	404.341	1600	434.448
52	225.719	216	261.139	585	231.863	1100	512.492
73	297.115	199	347.024	508	319.112	1600	1057.23
72	177.329	411	226.644	798	227.724	1600	245.085
66	278.728	377	306.54	734	324.711	1400	346.052
68	616.296	577	688.144	1123	744.409	1700	744.006
51	580.429	523	659.355	958	711.82	1400	762.29
69	181.382	252	225.842	529	235.49	1200	257.857
81	236.293	347	259.126	656	274.969	1500	183.24
95	141.113	360	154.83	783	162.642	1600	177.585
69	334.398	273	371.966	835	403.067	1500	422.51
66	237.247	493	264.079	973	283.52	1500	309.829
60	392.916	541	438.403	966	456.154	1600	451.473
57	522.402	463	626.912	830	663.377	1400	720.785
78	344.363	446	375.626	926	349.315	1600	727.931
73	357.936	352	397.949	661	404.199	1500	284.719
58	309.89	330	341.754	608	354.13	1200	410.755
83	384.215	457	419.258	821	437.645	1600	556.915
57	477.624	619	553.128	1128	597.165	1600	639.285
75	608.387	425	664.822	811	681.871	1600	975.815
81	270.935	303	290.433	568	302.802	1300	324.389
87	1130.48	588	1382.17	1054	1464.73	1700	1629.13
80	559.815	477	604.976	858	624.79	1700	711.565
67	491.859	451	529.068	832	550.729	1500	599.718
83	574.144	398	615.831	769	634.235	1600	757.243
72	259.342	324	280.627	682	295.241	1300	323.651
64	299.662	533	329.828	1185	361.673	1600	385.374
69	189.421	168	222.997	583	236.756	1300	256.338
98	220.455	365	241.579	682	249.894	1400	273.25
55	310.282	450	340.994	847	359.719	1400	390.096
71	653.636	584	733.779	1031	765.293	1600	865.215
50	346.745	128	361.185	505	289.908	1100	629.989
61	453.888	173	468.598	503	396.985	1500	1028.51
81	445.38	440	488.349	860	458.93	1196	436.26
66	145.356	336	173.25	614	176.763	1300	210.63
66	493.674	403	554.552	705	567.854	1400	620.728
68	539.012	556	620.007	1034	665.546	1400	706.973
59	413.051	474	459.762	899	486.119	1300	546.608
59	409.381	573	485.652	1065	522.326	1600	572.762
100	176.918	329	214.793	628	228.912	1500	245.518
67	429.889	397	463.775	852	456.76	1500	667.063
71	371.635	392	404.634	804	426.983	1300	458.504
76	650.931	353	719.547	759	729.523	1600	923.29
75	533.989	520	580.626	969	607.483	1700	656.948
53	408.008	301	450.847	845	499.14	1200	530.925
94	164.791	400	194.87	752	202.362	1500	220.529
101	225.885	264	249.066	496	246.254	1500	301.014
90	194.21	444	208.257	839	212.425	1700	425.089
74	343.852	608	385.546	1119	409.659	1700	444.904
53	495.882	366	531.146	688	551.76	1200	636.67
44	482.445	279	561.013	615	581.284	1100	753.256
66	722.139	481	781.617	857	816.57	1600	833.235
68	433.417	510	485.459	1016	521.774	1500	561.67
74	418.667	370	474.716	755	472.395	1400	774.526
58	334.619	126	369.104	402	334.483	1200	955.434
78	360.699	336	410.473	686	410.576	1400	664.318
88	343.044	548	394.336	1089	420.4	1500	443.162
52	195.898	229	207.708	499	198.262	1000	362.896
61	255.629	339	303.125	654	317.224	1200	351.679
48	258.28	175	275.291	583	295.356	1100	320.78
71	324.964	197	350.728	425	331.281	1300	560.196
56	501.31	399	613.994	841	644.471	1200	756.103
57	289.599	238	364.409	688	389.974	1200	416.639
85	215.386	419	229.462	801	236.718	1600	268.648
42	277.963	170	374	503	350.273	1600	763.085
49	247.477	207	303.009	555	286.189	1000	471.507
82	572.418	225	574.554	578	511.983	1700	1357.51
36	237.815	87	304.483	672	233.168	1200	400.644
84	195.87	239	233.533	461	227.073	1600	339.794
69	445.006	468	481.726	878	505.928	1600	522.21
65	177.758	324	227.796	623	238.958	1100	266.292
43	234.179	105	268.041	490	202.874	1100	498.953
57	723.806	521	824.189	1042	882.942	1600	962.335
96	466.503	279	489.839	599	480.535	1700	528.475
86	197.74	250	257.925	468	254.489	1700	376.191
75	660.304	449	725.702	950	742.423	1600	878.343
64	183.728	278	197.37	747	214.802	1300	222.516
70	512.531	221	552.447	920	482.622	1600	515.796
101	382.664	292	446.828	702	412.951	1700	1108.74
74	410.401	467	501.517	859	517.199	1500	555.91
69	391.314	215	472.861	490	476.204	1300	539.788
91	366.913	287	399.747	607	394.178	1600	430.399
45	261.421	418	362.412	736	377.383	1100	403.03
91	437.912	236	476.188	691	429.449	1700	1007.22
88	208.653	287	253.869	533	258.223	1400	415.935
82	183.527	362	209.663	753	193.305	1500	457.097
109	179.701	413	220.708	763	229.179	1600	253.493
61	126.103	307	155.566	560	158.02	1200	187.575
69	442.741	328	533.348	777	515.811	1400	838.437
63	665.249	560	744.521	1080	803.311	1600	862.96
54	480.126	340	531.509	725	555.329	1300	630.436
66	399.587	395	448.745	685	460.883	1400	503.6
78	395.992	219	391.598	495	362.129	1400	909.553
48	264.936	428	286.172	778	285.57	1300	265.522
123	335.53	307	385.943	685	400.455	1700	431.623
81	245.265	269	260.024	511	258.183	1400	302.14
109	451.973	549	483.811	1009	506.843	1600	554.548
60	616.3	516	697.391	940	743.527	1500	797.913
65	888.486	636	1021.57	1063	1086.96	1063	1086.96
45	399.66	105	521.006	1052	353.794	1700	631.374
55	263.848	585	294.128	1127	316.138	1700	336.876
62	473.68	365	520.075	724	512.624	1400	665.908
69	570.798	278	588.919	642	600.727	1500	639.609
95	351.474	370	392.089	799	373.116	1600	817.441
73	295.785	419	313.625	770	325.919	1600	362.508
77	375.55	482	414.756	913	434.545	1700	496.469
53	696.352	625	791.918	1076	847.226	1600	912.419
58	267.065	179	359.535	580	374.139	1500	403.916
110	405.729	286	443.582	564	432.123	1700	515.988
61	524.681	555	601.371	1103	651.321	1600	702.359
49	621.115	126	657.992	551	605.002	1300	1321.27
41	302.339	360	375.454	691	392.232	1100	426.54
46	362.738	111	405.022	526	262.127	1100	572.383
55	345.593	325	410.227	872	457.277	1300	472.454
82	462.166	180	496.206	577	408.969	1600	1284.71
70	588.055	370	628.402	868	664.143	1600	639.632
64	485.391	360	560.34	802	594.956	1500	651.298
92	394.578	323	432.745	779	450.996	1700	488.279
64	214.559	467	239.605	854	254.153	1400	254.537
51	374.548	272	420.203	621	443.065	1100	480.639
38	296.51	98	326.716	535	224.154	1000	406.809
66	247.303	202	274.142	621	287.765	1400	314.602
62	554.381	480	619.11	1000	545.36	1600	593.044
70	800.281	507	882.54	1045	929.546	1700	1092.77
75	394.922	175	430.124	529	397.227	1600	1087.02
81	594.28	357	655.204	940	702.776	1700	767.864
103	176.341	395	194.771	757	200.129	1700	220.649
107	237.804	373	262.745	699	266.49	1700	419.464
74	260.604	183	288.511	640	229.353	1600	663.607
65	523.871	567	581.283	1061	616.975	1700	691.601
58	247.429	107	288.019	531	258.486	1300	697.339
55	293.057	397	347.01	733	355.801	1300	393.766
70	431.993	323	459.549	656	453.033	1300	712.98
69	434.386	422	508.902	804	523.547	1400	685.8
69	207.297	273	232.985	744	242.471	1500	257.284
75	357.463	533	426.336	1012	439.548	1600	563.958
82	700.759	536	788.895	1011	658.953	1700	848.785
81	287.557	173	308.491	525	259.38	1500	697.326
54	180.172	144	225.645	437	223.644	1300	246.779
83	319.94	361	344.316	752	364.757	1600	386.727
72	291.246	215	347.756	549	318.088	1700	1038.4
73	204.548	282	225.835	530	229.284	1300	499.049
84	157.565	395	169.684	779	177.085	1400	192.077
78	233.167	426	255.018	841	263.227	1500	284.588
80	502.625	374	577.695	741	580.094	1500	861.588
66	153.957	232	178.795	441	183.675	1100	201.34
95	373.937	233	376.81	599	332.189	1700	874.423
62	732.135	199	855.874	734	916.813	1400	996.505
62	318.83	166	365.482	498	303.389	1600	950.948
69	543.725	579	696.031	1091	736.262	1600	803.045
71	281.151	267	347.515	520	340.375	1700	575.625
60	455.276	244	555.797	647	512.353	1300	1097.46
81	194.136	175	219.464	483	183.845	1500	625.941
76	471.716	467	522.369	851	545.673	1600	659.353
57	326.22	143	370.928	482	314.138	1400	674.192
68	166.621	410	182.108	753	186.649	1500	295.049
47	542.867	153	682.545	650	616.252	1600	1438.13
75	195.635	390	237.851	714	243.607	1500	284.13
118	333.118	344	352.833	611	353.111	1600	379.127
95	499.003	343	521.887	750	486.804	1700	1301.57
81	381.094	468	446.275	845	464.22	1700	527.038
64	478.317	417	528.626	897	501.12	1600	1087.34
80	237.417	414	253.987	749	264.155	1600	290.626
70	616.541	467	702.123	925	730.119	1600	791.931
80	580.4	187	613.235	691	490.145	1600	1189.14
82	369.517	313	419.882	772	439.245	1500	470.818
81	374.186	572	400.053	1078	408.707	1700	564.541
76	573.48	396	640.85	778	643.683	1500	922.929
88	448.767	416	481.375	777	493.44	1700	483.808
59	329.591	414	379.054	789	394.498	1400	435.456
81	203.835	197	213.047	578	157.411	1400	472.064
62	170.266	400	240.728	805	243.759	1500	262.458
73	689.105	487	752.079	1039	801.628	1700	869.185
79	687.427	396	780.098	846	813.749	1600	891.083
64	475.457	449	518.339	1026	559.658	1600	604.596
48	276.39	238	301.019	446	305.458	1000	337.61
76	324.505	482	408.398	853	414.995	1600	450.506
66	415.111	523	470.041	947	508.866	1400	484.754
87	532.63	394	664.2	834	698.767	1600	757.583
85	313.59	426	395.881	818	404.301	1500	575.863
97	380.604	371	404.915	731	417.496	1600	456.907
64	232.861	377	264.022	736	276.153	1400	300.184
90	238.783	362	274.864	665	282.36	1400	434.282
75	158.616	348	171.562	671	177.988	1400	198.139
67	774.432	589	863.78	1072	910.928	1700	1015.44
76	609.895	360	652.01	786	669.271	1500	708.427
64	551.095	562	628.929	1006	670.521	1600	720.691
78	217.608	368	234.889	702	241.939	1400	280.248
82	331.443	466	354.888	883	354.186	1700	723.309
73	860.469	202	1020.01	780	935.713	1700	1946.18
42	591.691	107	683.143	1032	812.171	1400	861.734
75	443.146	400	504.362	804	522.003	1500	567.262
83	196.889	402	228.415	753	237.592	1500	270.024
84	350.907	491	384.522	931	395.651	1600	555.053
79	505.365	422	539.667	772	550.326	1600	627.851
70	370.84	543	408.15	1028	404.822	1700	730.956
88	577.623	306	599.394	684	600.592	1700	662.194
67	447.289	412	503.554	834	532.794	1500	582.845
61	513.678	407	599.974	923	575.621	1600	1087.17
72	370.281	198	393.523	504	386.845	1400	477.052
95	302.84	236	310.893	659	229.971	1600	723.245
95	563.28	435	613.744	791	630.57	1700	759.164
70	534.771	605	648.706	1069	677.548	1600	726.822
75	245.326	395	270.986	726	281.102	1500	410.431
88	182.503	284	201.518	714	211.827	1500	229.879
86	312.932	482	361.031	895	373.493	1700	494.864
58	425.466	450	477.974	832	501.3	1400	613.607
78	145.443	456	159.507	835	168.33	1500	187.663
59	307.366	161	340.071	506	291.621	1400	647.833
47	652.492	572	753.286	1022	819.066	1400	846.207
91	251.141	288	313.338	600	329.387	1400	352.916
68	169.432	294	180.32	581	182.197	1300	349.439
93	187.018	321	212.674	650	218.719	1500	307.398
42	198.583	94	251.946	620	191.416	1200	393.394
61	342.383	447	382.697	856	406.059	1300	436.568
88	470.49	380	518.994	715	485.928	1600	493.178
45	358.589	422	402.155	804	390.43	1200	316.176
66	351.002	335	374.552	622	379.929	1200	371.42
64	251.358	435	260.418	810	273.242	1500	281.725
109	306.959	282	329.832	543	326.134	1700	360.31
52	180.371	326	185.145	662	194.646	1200	207.633
102	328.094	467	381.791	878	389.652	1700	579.621
89	298.793	484	341.989	930	360.083	1700	397.156
96	394.501	389	418.612	677	429.826	1600	482.306
49	191.455	159	281.935	522	289.909	1500	313.282
95	189.159	294	221.417	651	211.909	1600	595.052
85	278.876	395	301.122	695	313.782	1500	249.638
71	518.011	227	533.576	596	490.985	1500	1206.53
83	245.347	297	277.193	538	288.733	1300	349.802
97	459.264	616	495.989	1139	524.622	1700	561.605
85	679.734	296	742.696	696	741.806	1700	832.058
67	271.728	419	289.188	796	295.487	1500	429.727
59	500.545	501	568.12	876	600.415	1400	648.662
57	733.675	481	903.581	864	963.069	1300	1056.3
81	364.025	368	387.416	659	399.393	1500	435.272
79	370.49	294	391.882	708	365.966	1500	849.713
58	439.221	458	486.526	844	512.955	1400	624.543
109	363.124	285	434.362	543	444.584	1700	517.377
80	267.897	322	294.772	617	306.756	1400	352.974
71	391.035	476	430.192	847	450.792	1500	492.303
73	341.956	181	368.491	624	259.459	1400	717.257
56	591.022	404	686.788	755	701.548	1300	1012.21
85	523.54	410	582.103	753	600.084	1600	721.196
89	217.965	224	231.419	560	182.498	1500	593.893
97	387.573	419	425.447	776	432.317	1700	464.592
72	453.543	398	518.269	785	547.4	1400	601.14
92	193.361	348	228.021	733	236.194	1600	258.626
59	484.027	414	543.455	829	575.191	1400	629.435
115	464.164	510	536.656	955	549.114	1700	779.223
59	465.664	398	531.072	730	550.803	1300	596.122
85	569.342	308	645.034	732	597.584	1600	1449.07
92	176.713	333	199.014	615	205.897	1500	232.81
67	303.473	315	389.978	585	395.793	1200	417.527
79	388.899	560	429.117	997	454.329	1600	494.6
64	376.193	440	415.574	1137	459.542	1600	478.259
104	336.619	337	378.307	577	372.946	1500	389.071
70	568.74	196	629.855	690	539.16	1400	1132.03
65	382.88	426	425.765	771	448.81	1400	467.123
76	417.849	358	444.846	717	442.398	1500	723.471
53	396.05	487	450.389	940	491.605	1300	497.636
80	222.308	254	254.695	563	262.5	1400	281.543
66	171.545	280	193.799	643	198.611	1300	202.148
101	142.827	287	170.363	540	172.657	1300	266.875
63	838.955	586	941.089	1097	1007.61	1700	1087.81
63	204.837	398	249.936	761	262.044	1300	291.541
63	495.609	509	546.921	960	564.292	1500	572.709
87	495.679	368	529.877	695	539.867	1600	505.765
52	358.636	139	395.144	644	249.498	1300	568.815
65	315.199	370	346.029	810	371.733	1500	378.415
59	444.401	429	491.735	844	527.178	1400	511.699
108	457.754	358	483.548	628	482.255	1700	524.176
103	424.811	360	448.586	657	444.45	1600	476.052
73	554.512	509	605.3	936	623.06	1700	989.444
51	217.17	364	239.429	702	239.264	1200	389.403
56	284.589	341	315.524	657	333.022	1200	363.978
71	172.995	357	190.493	670	200.29	1500	275.222
82	525.993	484	584.766	880	607.565	1700	734.845
56	169.293	327	181.623	667	191.202	1100	207.321
83	173.959	482	188.383	950	196.822	1700	216.596
67	401.932	535	450.13	1011	465.004	1700	601.387
72	253.997	504	277.638	963	289.887	1600	313.47
66	351.334	550	401.842	977	322.009	1600	330.509
52	192.842	222	214.515	572	232.021	1200	138.161
99	341.012	375	363.839	708	367.188	1600	649.796
89	601.974	397	709.329	780	735.176	1600	863.961
61	264.319	131	293.615	539	238.578	1400	654.273
73	573.363	421	633.253	806	594.586	1500	605.835
69	325.262	170	370.407	695	244.119	1700	679.937
96	321.337	354	353.27	714	366.163	1600	403.684
85	260.366	404	290.177	742	298.49	1500	453.563
62	212.618	153	218.426	408	189.078	1200	514.696
50	223.256	338	292.433	612	301.695	1000	322.794
66	391.913	187	372.924	475	328.799	1300	810.047
78	295.253	401	322.518	749	340.651	1400	345.733
101	184.431	352	197.133	646	203.039	1600	222.389
65	521.416	377	568.57	992	615.449	1600	670.819
60	393.114	434	426.622	815	439.214	1400	614.291
72	187.446	209	254.263	601	260.272	1700	277.168
78	734.895	162	790.064	683	618.551	1700	1502.35
66	238.315	317	268.028	631	281.363	1400	166.038
91	334.492	426	366.018	917	323.413	1600	707.138
53	679.905	470	758.603	934	815.948	1400	818.559
81	152.85	211	167.475	725	172.089	1700	177.47
81	714.622	508	797.142	925	821.527	1600	994.697
44	239.518	226	261.445	774	292.398	1100	309.146
45	770.685	117	928.906	764	830.968	1400	1566.6
73	452.163	543	497.859	974	523.869	1600	539.722
92	463.01	558	496.061	1005	524.163	1500	568.225
58	310.271	452	398.699	850	420.994	1300	470.086
63	88.2743	266	118.521	638	127.542	1300	136.553
57	546.775	221	579.296	583	595.951	1300	590.721
76	233.178	371	252.465	742	268.099	1600	189.801
41	349.426	495	401.927	916	439.796	1200	449.11
58	769.479	554	870.877	1001	931.288	1500	969.561
115	312.29	314	334.299	566	329.492	1700	403.146
78	215.434	288	253.54	567	259.196	1300	284.647
78	696.782	237	678.711	557	627.593	1500	1565.79
64	631.181	157	691.691	651	589.89	1500	1360.09
62	189.962	287	201.508	598	194.884	1200	382.099
49	455.617	488	520.048	917	473.339	1300	492.54
83	446.442	476	469.379	997	401.667	1600	864.341
65	432.524	576	482.614	1108	480.816	1700	750.769
57	527.084	467	616.029	961	641.924	1400	777.435
58	196.249	141	244.153	449	201.721	1500	671.935
81	440.304	436	481.548	824	493.594	1600	538.962
59	374.872	458	404.462	858	427.113	1500	467.621
70	656.466	166	706.023	859	497.858	1700	1043.96
98	297.281	289	320.663	600	324.613	1700	363.365
72	803.485	564	882.738	1042	935.697	1700	954.721
105	381.556	302	428.077	692	434.346	1600	458.171
25	224.323	79	303.89	407	307.673	1000	280.368
85	308.772	528	341.699	992	360.119	1700	403.154
73	433.232	192	443.012	568	378.41	1500	944.99
89	672.856	222	709.099	657	621.681	1700	1463.85
84	746.776	503	848.974	977	876.637	1700	952.907
75	709.768	525	774.688	924	805.503	1600	947.211
80	688.049	209	762.05	771	625.732	1600	1486.52
69	323.32	145	429.366	507	425.039	1600	456.726
66	358.097	551	389.969	1036	414.639	1500	443.979
58	842.064	151	920.374	715	663.674	1600	1459.54
42	391.007	95	471.961	769	515.143	1300	550.347
53	464.38	132	573.246	689	492.654	1600	1207.68
59	140.886	278	163.363	515	166.912	1200	337.668
88	193.207	165	218.096	444	211.609	1500	555.582
91	134.422	227	160.058	432	157.07	1500	252.518
58	690.324	134	831.453	798	740.957	1600	1665.85
91	518.962	491	559.541	914	581.986	1700	670.489
73	457.928	372	493.751	717	495.735	1400	763.798
81	264.854	395	298.474	781	315.339	1600	354.006
92	197.288	422	206.876	796	208.917	1700	450.793
77	540.536	411	575.301	842	537.492	1700	1509.11
62	495.366	414	570.674	911	543.759	1600	1077.58
69	370.715	449	397.79	918	411.906	1600	446.336
95	337.215	490	361.174	1038	380.538	1600	406.535
59	203.756	384	223.855	712	234.887	1200	254.381
84	285.507	222	307.739	656	320.355	1600	348.062
76	363.764	205	342.128	538	294.761	1400	762.373
94	181.476	407	195.691	809	201.828	1600	224.682
83	410.851	527	455.094	963	468.852	1600	529.635
84	352.309	472	384.12	863	403.062	1700	453.18
63	199.804	245	211.525	510	193.126	1200	562.483
78	358.474	386	394.083	797	412.955	1600	460.586
117	348.063	381	369.053	657	367.908	1700	326.54
53	173.592	237	188.85	689	199.249	1300	215.076
74	232.253	250	260.642	679	273.872	1400	298.449
77	174.126	318	186.816	745	196.042	1500	214.606
90	400.642	406	423.681	730	430.887	1700	948.481
60	202.736	416	245.39	764	259.089	1400	298.287
93	355.803	278	390.073	551	380.016	1700	614.578
93	331.262	334	349.131	725	357.175	1600	386.011
36	411.81	122	519.222	576	576.477	1300	432.807
74	697.849	467	751.537	867	763.656	1700	773.293
61	210.547	359	235.163	747	246.746	1300	275.742
86	231.752	476	252.405	905	263.503	1600	301.844
122	328.117	400	349.722	742	359.663	1700	424.318
54	352.653	466	383.809	942	416.271	1400	414.05
73	821.621	181	884.739	763	756.063	1700	1725.75
52	730.514	521	842.593	977	894.163	1400	1031.25
63	737.629	440	818.671	958	779.012	1700	1613.07
63	197.887	269	223.232	532	218.03	1200	505.904
79	370.602	561	416.865	1110	451.809	1500	487.176
91	404.204	278	506.694	734	521.258	1600	560.319
74	421.793	320	447.989	722	469.308	1600	434.989
87	582.902	488	652.788	900	683.109	1700	800.046
71	793.214	502	907.077	893	947.709	1600	1036.58
80	274.078	394	299.981	724	310.76	1500	366.563
88	494.515	620	571.734	1127	603.793	1600	648.457
106	201.549	377	212.154	749	203.563	1700	537.528
101	270.38	307	299.004	545	299.648	1400	321.175
98	326.557	265	344.674	532	332.455	1600	402.832
55	108.269	244	151.622	658	157.786	1300	168.754
68	830.877	479	907.198	1066	979.105	1600	1054.51
80	504.871	475	554.922	1024	520.146	1600	889.413
96	538.309	431	582.164	758	602.595	1700	574.156
51	481.116	433	541.627	802	569.606	1300	628.823
88	276.098	335	296.549	700	302.595	1500	327.149
83	627.479	522	693.643	978	731.644	1700	792.423
78	347.481	395	373.636	725	390.584	1500	377.791
105	212.355	327	226.09	610	230.961	1600	249.888
74	296.291	548	329.917	1019	349.043	1700	409.998
66	231.475	159	256.95	456	218.932	1200	553.218
41	238.619	396	266.71	746	285.47	1100	306.732
48	562.193	549	632.989	1017	609.268	1500	680.772
77	593.269	468	707.006	903	728.035	1600	786.575
63	313.595	304	335.531	701	307.632	1200	618.916
85	341.515	395	367.719	747	374.933	1600	451.958
78	442.596	422	486.425	869	496.107	1600	649.268
70	214.243	219	226.52	591	198.931	1400	510.365
50	238.643	134	283.839	417	233.926	1300	681.686
45	503.698	253	548.77	757	591.386	1200	638.003
74	319.082	378	375.338	725	388.649	1400	446.341
96	396.991	234	418.549	708	311.501	1700	863.109
56	521.358	153	599.697	587	470.42	1400	1081.07
63	153.136	158	171.936	650	181.288	1400	165.074
73	588.111	559	656.918	1054	696.861	1700	755.58
63	587.284	212	723.038	782	760.839	1400	824.585
44	249.323	316	258.702	726	265.716	1200	262.977
59	559.785	476	689.605	824	726.011	1400	791.668
106	331.886	354	354.239	631	356.809	1700	477.346
104	552.328	467	637.159	878	651.541	1600	892.159
83	548.582	214	527.214	589	457.968	1500	1166.15
49	391.503	367	441.921	684	460.214	1200	538.335
64	334.416	351	362.99	659	382.785	1300	371.733
88	407.849	418	463.762	846	479.047	1700	559.672
83	480.856	365	516.829	727	525.652	1600	668.117
64	302.621	492	336.235	996	361.487	1600	395.891
82	445.291	507	484.019	908	503.245	1700	618.031
91	327.65	369	345.226	775	329.514	1600	825.276
65	517.337	281	571.276	586	578.99	1300	744.875
96	579.071	309	613.398	605	602.25	1700	676.283
70	338.67	590	378.011	1072	403.69	1700	440.464
79	678.49	467	727.103	887	746.616	1700	842.506
76	341.734	182	381.254	588	326.258	1700	766.542
88	371.471	184	429.542	589	350.824	1700	994.532
51	649.676	210	715.024	766	772.517	1300	831.64
82	273.15	469	296.6	979	311.653	1600	342.067
87	413.817	415	459.227	818	462.94	1600	742.778
96	162.933	270	172.806	633	160.112	1600	466.816
80	189.684	216	215.664	593	221.515	1500	235.443
87	305.251	313	328.972	621	340.71	1500	330.321
52	368.367	377	401.964	704	424.991	1200	465.186
91	277.665	352	330.944	705	342.665	1600	383.956
61	309.869	151	306.922	444	255.592	1200	701.551
73	765.171	449	840.772	950	814.828	1700	1609.81
77	262.78	379	280.324	775	264.441	1500	505.784
107	297.881	358	330.4	656	334.283	1700	531.685
81	226.424	346	289.276	668	297.377	1400	314.925
58	377.974	576	424.096	1070	457.03	1600	474.405
61	446.182	180	507.496	606	444.754	1500	1190.86
80	564.704	291	596.468	620	605.559	1500	734.47
77	573.347	557	646.566	1042	678.824	1700	803.895
52	272.653	430	318.264	802	336.755	1300	396.86
65	678.347	157	728.73	729	581.116	1700	1466.25
90	308.938	486	336.893	874	353.437	1700	387.401
71	470.317	297	508.357	812	544.136	1500	500.708
81	311.175	400	332.311	769	338.955	1600	410.746
66	610.354	496	709.72	916	739.488	1600	853.651
64	211.049	149	268.371	471	229.016	1600	733.447
77	228.336	402	274.128	748	284.606	1400	313.773
97	317.282	390	339.942	696	339.704	1500	437.295
47	346.794	424	423.275	774	449.47	1200	481.223
58	616.097	548	683.194	925	721.162	1500	737.506
80	551.386	340	577.365	696	566.947	1500	554.623
69	291.369	222	316.302	602	282.144	1400	790.001
43	446.874	384	494.217	726	510.581	1200	434.192
60	520.278	552	583.434	1059	615.044	1500	725.028
62	250.768	165	298.937	504	267.057	1300	662.59
78	540.828	380	605.575	848	631.024	1600	688.279
95	341.521	388	361.055	830	342.518	1700	864.947
64	255.536	430	299.908	804	316.841	1400	351.902
71	286.844	262	305.393	561	309.137	1300	348.114
73	181.113	415	196.713	784	203.392	1600	293.903
80	498.688	429	547.68	923	457.793	1700	633.141
49	160.135	332	186.957	624	191.118	1100	290.061
82	721.077	314	799.44	755	742.355	1600	1720.83
73	242.424	269	301.163	806	316.737	1600	345.265
52	417.551	153	463.858	789	510.157	1400	559.145
79	157.722	404	171.695	739	178.692	1500	199.838
74	270.636	251	287.204	525	269.08	1400	812.947
78	240.038	433	260.472	815	266.269	1700	442.862
68	574.882	163	614.594	779	412.217	1500	857.175
47	360.34	210	387.497	628	419.999	1100	384.008
92	284.593	416	302.898	768	308.657	1700	622.724
58	539.537	180	653.39	807	664.373	1500	1255.15
64	199.736	342	242.317	628	253.837	1200	284.286
83	259.397	467	285.441	873	292.449	1700	479.039
61	575.002	530	675.36	1025	715.961	1400	815.727
86	412.791	470	455.306	873	465.894	1700	741.454
57	223.251	281	241.324	762	258.81	1300	281.37
92	293.256	384	329.49	751	341.838	1700	376.276
70	512.472	347	573.979	857	608.981	1600	671.136
96	349.996	512	447.824	934	463.707	1700	504.585
64	370.642	264	414.941	841	296.785	1700	763.797
90	556.326	472	639.73	870	663.069	1700	784.027
87	240.224	351	258.008	797	275.711	1600	254.859
76	503.429	237	558.034	532	547.118	1400	637.428
55	516.983	421	560.817	762	586.445	1300	639.162
53	422.639	343	464.262	648	490.587	1200	473.59
80	153.388	254	185.933	509	192.622	1200	209.96
78	452.364	224	498.222	638	446.552	1700	1238.81
77	554.676	425	675.55	904	711.169	1600	768.408
53	146.302	267	165.808	500	169.268	1000	242.677
68	241.566	409	264.399	935	286.344	1500	310.96
61	293.945	454	314.773	1046	342.656	1600	365.135
60	370.145	146	390.377	514	297.733	1100	647.367
68	727.115	592	809.362	1020	849.898	1700	934.043
57	471.926	470	514.481	931	549.792	1500	594.913
40	299.524	102	345.974	431	312.072	1100	636.875
64	563.111	138	618.14	556	505.798	1400	1345.12
82	243.478	303	267.762	647	279.027	1400	266.174
96	241.928	395	263.209	694	276.621	1500	202.318
56	542.648	585	616.456	1062	600.828	1600	580.696
102	190.099	363	221.307	686	227.818	1600	289.971
104	347.637	414	375.331	739	392.79	1700	349.045
73	221.506	244	237.734	495	239.807	1100	419.674
82	317.571	382	375.619	738	380.796	1500	409.931
67	633.668	592	759.595	1092	800.659	1600	861.37
59	466.316	467	523.424	980	520.877	1500	766.179
80	280.419	218	341.094	620	357.399	1600	382.751
47	313.888	130	324.611	375	290.855	1100	637.761
63	409.479	372	491.644	781	522.389	1400	569.307
42	415.941	122	675.339	678	711.631	1700	783.898
60	156.757	363	166.927	742	173.983	1300	196.049
65	403.653	302	445.468	769	420.511	1400	744.911
86	488.6	186	528.639	651	450.532	1700	1352.37
53	199.265	371	217.824	804	234.531	1100	250.829
74	417.069	466	485.547	841	504.797	1500	595.775
61	786.054	540	890.06	1001	945.323	1600	1019.9
61	322.648	164	349.653	611	236.075	1400	505.984
59	219.344	305	233.191	555	241.789	1200	255.747
67	781.23	159	775.428	626	615.308	1600	1440.19
49	344.888	133	343.155	413	291.406	1100	581.833
76	303.964	372	323.588	766	314.246	1500	559.92
57	338.568	144	363.054	719	390.558	1400	412.902
83	403.205	426	461.527	834	475.206	1400	511.593
75	466.72	305	497.79	570	501.79	1400	564.57
95	283.831	323	308.172	641	312.95	1700	348.996
74	705.722	585	785.827	1059	831.523	1700	845.4
82	676.871	371	725.214	837	746.058	1700	932.384
60	797.614	490	884.376	984	942.851	1600	1016.85
90	424.658	307	448.472	579	442.499	1600	502.943
74	449.497	426	498.475	716	508.98	1400	545.405
93	216.722	320	242.413	606	245.253	1500	307.246
73	225.874	370	246.147	685	257.347	1300	270.271
79	487.779	272	527.985	588	523.609	1500	585.039
88	395.949	219	419.06	559	385.813	1600	1089.77
58	138.622	344	149.565	764	159.847	1400	145.539
82	345.091	422	395.593	968	372.422	1700	768.638
54	713.816	346	858.689	1067	622.949	1700	1161.76
69	343.124	492	410.079	923	432.735	1600	485.058
82	396.8	368	428.001	781	452.75	1700	366.45
63	494.071	177	600.093	694	516.336	1500	1145.04
46	389.301	337	416.365	726	444.047	1200	480.327
80	487.912	445	550.963	866	571.267	1600	622.139
90	366.103	269	381.535	544	376.419	1500	419.612
58	559.267	583	626.127	1103	679.772	1600	696.208
60	211.198	342	246.71	680	260.999	1100	282.224
65	677.951	446	729.475	856	721.215	1500	735.6
79	428.43	477	468.691	892	485.434	1600	606.565
61	320.18	413	347.586	771	365.406	1400	396.466
58	853.898	589	983.469	1127	1057.37	1600	1162.96
80	332.45	395	360.111	701	377.194	1400	347.17
79	716.272	454	770.516	890	797.215	1700	901.971
55	437.989	390	500.022	717	520.329	1300	576.851
58	302.34	492	331.981	910	350.185	1500	394.856
109	191.814	292	215.094	550	218.976	1500	276.447
66	352.35	164	381.079	570	273.058	1300	719.497
77	435.307	323	500.627	658	487.663	1500	1352.98
100	380.003	443	407.352	854	409.157	1700	815.959
73	428.976	323	457.634	637	452.831	1300	731.135
62	417.287	449	475.513	806	496.838	1400	544.929
69	192.819	270	203.669	527	204.491	1300	396.103
96	256.64	458	278.419	856	290.562	1600	331.619
88	335.751	241	363.841	691	381.714	1600	412.113
73	332.466	399	362.042	785	377.1	1500	411.884
55	266.355	341	288.09	634	300.017	1100	344.819
56	277.491	357	309.017	638	324.582	1000	344.367
69	581.913	408	625.753	759	640.248	1500	722.84
79	186.32	297	208.282	554	209.965	1200	408.577
71	635.74	484	701.083	839	726.007	1600	800.107
93	184.856	323	193.195	644	172.337	1500	514.967
50	157.565	290	197.713	761	207.569	1300	224.762
98	363.583	210	399.928	489	365.384	1700	1110.62
58	506.573	469	603.387	849	632.964	1300	711.305
85	370.004	361	424.156	735	427.96	1500	702.733
48	441.346	424	492.002	800	519.703	1300	587.68
46	379.698	342	447.201	848	368.175	1300	520.17
82	140.808	318	147.644	596	143.119	1300	413.684
96	323.005	332	342.92	677	354.098	1600	389.717
40	241.245	90	306.641	724	211.548	1400	385.077
51	471.189	195	523.335	1110	590.585	1600	631.947
82	226.543	279	253.307	543	253.913	1300	470.645
80	309.843	478	330.794	952	346.77	1700	380.213
53	407.306	400	462.781	922	423.054	1400	668.394
70	291.513	377	323.819	716	333.711	1500	394.98
45	311.844	404	362.342	750	391.438	1100	417.78
72	523.404	535	578.463	982	614.029	1600	617.67
84	381.712	298	405.25	625	405.455	1500	455.943
60	434.472	481	483.862	906	510.204	1400	591.346
88	560.78	306	600.727	761	616.501	1700	672.79
74	522.13	216	589.284	527	542.107	1700	1532.61
113	344.517	354	364.549	657	359.601	1700	409.515
57	234.992	194	306.016	467	278.968	1700	898.406
48	413.732	132	454.961	482	413.149	1200	958.858
51	297.873	206	335.05	707	237.101	1400	579.465
63	738.872	428	841.445	1042	913.356	1600	988.283
106	249.293	344	267.854	769	271.387	1700	292.475
87	437.473	477	477.011	838	492.853	1600	493.643
96	446.545	396	510.886	730	518.312	1700	610.115
79	275.077	416	303.377	891	325.727	1500	332.969
71	704.784	535	766.171	977	787.937	1700	1190.97
86	283.198	174	310.138	581	250.768	1500	661.837
51	203.329	107	259.276	501	230.703	1400	657.671
94	258.385	420	272.622	838	265.122	1700	590.989
73	457.552	440	518.743	812	536.178	1600	769.108
71	617.268	414	667.199	803	683.48	1500	775.616
71	758.144	436	822.583	839	850.05	1600	955.659
71	510.512	539	565.7	955	587.155	1500	634.451
62	260.634	377	303.782	705	320.022	1300	356.727
85	256.875	269	320.073	800	341.241	1700	378.275
78	396.503	404	432.89	707	447.229	1500	477.466
73	159.191	278	197.832	507	200.229	1100	272.617
89	290.765	324	350.227	615	359.443	1400	389.609
55	302.201	461	357.474	959	386.969	1400	414.04
73	338.588	538	373.666	1011	399.637	1500	429.745
56	353.427	288	381.612	659	411.788	1200	371.331
49	381.765	393	422.973	698	440.91	1200	496.043
76	460.028	345	529.623	714	541.57	1500	624.477
54	380.343	446	427.956	849	376.934	1300	375.78
53	298.724	158	296.595	424	280.44	1100	502.234
56	190.284	126	221.775	413	198.787	1100	528.101
100	480.143	425	535.002	798	552.256	1700	606.844
48	199.316	98	263.513	807	213.704	1700	416.094
34	181.257	98	256.677	419	263.876	1100	286.748
95	277.437	323	307.802	604	308.808	1400	617.375
62	284.847	181	332.538	407	327.759	1100	388.038
78	315.979	387	355.096	752	341.555	1600	986.73
86	355.213	414	386.212	804	401.942	1700	442.987
65	237.634	164	256.064	473	234.959	1200	559.287
80	502.212	495	547.76	906	572.359	1600	655.328
96	440.731	235	455.443	672	376.125	1700	1048.65
79	357.478	422	413.36	931	441.828	1600	478.7
61	326.427	333	356.369	576	364.608	1200	419.779
79	196.471	390	217.793	725	226.808	1500	254.583
73	474.767	456	533.057	818	554.893	1500	667.018
94	191.521	361	220.829	680	223.145	1600	439.572
71	273.219	298	287.51	594	294.926	1300	321.406
103	306.03	395	326.349	698	331.288	1600	354.458
84	478.22	422	543.546	772	559.944	1700	695.595
64	176.647	173	202.938	900	224.133	1700	204.208
66	560.485	530	630.004	1013	679.932	1500	729.024
64	288.561	332	331.639	623	342.375	1300	627.12
58	711.564	141	771.177	698	663.984	1500	1525.12
84	593.324	201	596.716	610	475.127	1700	1342.41
90	287.61	461	304.748	867	314.259	1500	336.789
56	547.02	400	651.453	1019	708.147	1500	757.72
117	205.351	331	218.131	602	217.852	1600	259.039
54	426.441	402	480.82	769	504.491	1100	544.253
82	198.702	341	211.704	650	218.669	1300	232.629
78	367.486	306	386.489	682	363.337	1500	946.183
69	652.11	529	861.562	1117	940.252	1600	1001.28
50	494.335	536	566.582	1100	618.82	1500	659.243
50	780.067	467	885.368	878	951.847	1300	969.362
113	215.709	326	231.178	610	236.476	1500	360.213
89	409.323	416	436.161	759	446.246	1600	524.154
64	411.839	431	440.439	875	466.845	1300	500.298
60	621.89	554	700.137	992	743.216	1500	793.888
73	490.01	388	541.722	700	509.196	1500	480.322
64	257.405	273	272.635	676	231.775	1100	430.478
92	425.545	284	440.962	602	418.856	1500	1145.98
44	418.06	222	490.596	785	430.123	1300	764.244
81	675.351	442	727.612	854	690.537	1700	695.66
73	364.304	405	397.092	724	409.358	1500	396.001
72	466.37	422	518.862	770	540.278	1400	660.87
80	303.806	521	354.099	986	367.533	1600	412.607
91	412.529	345	438.108	660	439.869	1600	585.955
84	844.681	452	929.423	1160	1023.29	1600	1085.27
59	537.097	623	613.079	1128	639.868	1700	597.369
87	180.108	274	193.814	519	196.889	1500	218.404
83	175.45	352	188.67	654	194.152	1500	217.386
86	191.764	225	222.72	413	214.355	1500	474.231
72	299.045	426	321.607	802	335.26	1600	394.726
67	406.773	390	441.84	781	460.354	1400	493.837
78	184.322	182	194.88	512	146.948	1500	451.965
112	261.224	351	280.081	688	288.03	1600	307.853
82	540.228	588	613.768	1048	645.059	1600	697.563
82	184.075	343	200.576	657	206.455	1400	219.346
95	269.103	273	345.211	515	374.545	1700	437.212
75	462.302	524	553.903	985	573.28	1700	800.081
64	1048.92	170	1109.07	759	933.394	1600	2117.92
50	142.162	254	148.594	615	157.926	1300	152.084
87	417.003	421	457.62	839	477.463	1700	405.412
74	326.203	418	360.671	889	297.925	1700	271.319
47	571.726	114	717.136	766	617.625	1600	1370.14
63	223.711	289	237.97	613	224.435	1200	523.136
60	663.891	488	729.401	846	761.442	1500	811.202
78	203.088	353	224.641	668	229.093	1500	269.52
57	231.494	243	262.336	549	273.196	1300	187.942
80	208.205	427	229.224	818	236.062	1500	261.423
110	169.849	340	182.55	633	185.116	1500	319.968
78	443.966	425	478.215	776	497.472	1600	569.773
62	798.938	433	904.122	913	939.783	1600	1191.47
102	323.634	474	352.698	910	364.193	1700	425.819
93	209.514	358	269.051	701	281.527	1500	324.526
90	454.877	430	488.153	849	491.943	1700	759.02
64	507.294	368	549.681	836	499.512	1600	1225.96
48	270.85	269	307.762	646	290.543	1200	641.315
75	742.158	254	770.231	758	663.639	1600	1358.41
80	312.522	376	356.951	679	365.597	1500	399.931
101	618.797	410	734.266	872	742.171	1700	790.574
62	531.194	466	599.299	857	628.019	1500	693.795
68	550.571	525	675.788	936	706.388	1500	753.241
76	572.059	530	620.772	963	651.775	1700	705.583
97	221.079	307	230.768	663	223.121	1600	530.925
60	456.607	314	501.522	768	491.456	1400	454.495
69	610.227	172	603.963	533	506.408	1400	1184.17
66	795.046	547	940.302	1020	1010.39	1500	1085.66
52	575.627	180	669.624	812	635.041	1500	1182.24
58	201.51	123	226.187	466	192.277	1300	501.404
65	452.573	629	508.038	1188	530.949	1600	628.721
53	319.87	391	347.385	792	372.499	1100	396.248
75	512.981	480	568.347	894	595.527	1400	647.96
55	750.769	497	846.202	866	896.758	1400	1002.53
74	378.924	474	450.753	895	475.772	1600	526.755
57	361.469	167	351.799	378	328.645	656	450.654
81	629.414	243	627.3	552	597.145	1500	1364.15
72	334.835	516	371.702	943	392.497	1700	434.51
72	333.624	459	360.907	861	361.525	1600	695.722
93	191.317	213	221.591	512	185.273	1400	558.46
84	425.275	466	472.488	874	481.137	1600	714.561
51	645.116	115	698.086	508	574.528	1200	1524.89
61	496.422	168	623.615	667	652.851	1600	717.687
61	484.758	215	544.359	776	537.993	1500	1079.81
52	418.92	164	481.089	904	528.459	1400	565.59
41	538.272	170	697.719	686	716.78	1200	1010.22
92	282.282	414	318.618	776	327.823	1500	470.589
92	240.53	186	261.592	523	224.069	1600	671.291
67	596.377	322	641.682	776	584.962	1400	1255.45
81	236.698	356	261.904	822	290.28	1500	162.165
100	279.031	358	299.466	651	304.47	1600	360.915
71	347.747	479	370.646	890	387.322	1700	445.047
96	282.135	385	304.818	730	307.653	1500	413.892
80	223.063	257	236.231	479	241.426	1200	191.713
117	300.555	297	320.159	560	318.19	1700	358.261
75	365.31	438	398.539	1105	438.137	1700	458.155
64	1009.3	203	1118.07	800	1025.76	1600	1956.72
46	328.294	304	381.7	629	399.955	1100	435.062
95	228.51	234	250.955	600	270.447	1500	154.255
86	501.871	260	484.507	597	452.699	1600	1117.15
53	312.689	430	355.544	761	370.41	1300	428.904
61	553.792	507	609.523	1000	639.262	1600	771.387
67	207.31	344	233.192	647	240.279	1300	355.146
56	292.439	496	386.744	934	402.252	1400	427.002
83	525.011	242	492.488	638	422.688	1600	1108.44
77	420.228	248	455.57	530	466.271	1400	506.204
73	482.864	347	511.765	662	519.505	1500	578.757
57	233.02	121	259.847	493	209.873	1300	588.59
68	304.064	292	322.916	583	320.484	1200	492.353
71	578.002	216	538.582	564	469.246	1400	1155.64
70	337.549	328	405.246	609	416.349	1400	520.505
84	447.254	403	559.364	948	595.374	1700	637.868
82	326.346	471	381.632	861	396.058	1700	543.378
66	534.434	425	592.113	884	633.65	1400	686.244
36	276.749	369	318.376	691	340.05	1000	377.03
70	170.688	316	186.396	634	173.518	1400	535.239
77	292.647	554	322.634	1017	345.516	1700	381.88
70	428.972	495	471.724	931	430.707	1500	496.919
66	289.759	340	305.247	883	318.187	1500	343.647
81	239.074	255	278.023	708	292.352	1600	323.632
76	323.469	464	383.373	862	400.175	1500	439.704
78	173.784	429	193.684	828	202.208	1300	219.502
78	404.871	508	501.707	978	522.154	1600	575.923
62	236.735	160	265.126	436	239.121	1300	731.547
65	524.525	514	582.592	954	609.117	1600	783.521
63	664.52	519	802.397	1138	883.891	1600	942.277
64	204.642	153	246.342	456	204.235	1500	661.778
61	334.231	271	401.793	766	431.895	1700	327.609
52	511.201	495	577.736	924	620.825	1400	586.701
117	311.67	338	358.923	700	365.492	1700	384.571
79	404.571	580	537.834	1088	559.019	1700	612.284
85	247.909	329	270.167	605	277.568	1400	372.86
58	313.489	243	356.578	569	365.62	1100	397.919
66	389.067	588	432.529	1131	449.641	1700	588.689
71	405.618	451	536.229	832	551.075	1400	587.163
81	725.657	563	881.366	1072	941.504	1700	1018.11
47	295.502	144	278.088	427	235.706	1000	528.244
78	231.646	389	266.031	725	273.895	1500	489.605
95	381.238	199	437.7	577	379.251	1700	1081.94
80	601.324	463	707.429	865	744.449	1500	829.717
74	422.415	168	467.65	675	350.525	1400	772.275
69	510.012	414	559.638	890	597.511	1500	651.931
96	470.572	458	519.919	862	540.898	1700	582.998
84	693.365	263	615.359	655	539.206	1600	1482.16
78	434.086	315	463.567	861	490.969	1700	536.092
55	362.353	473	397.305	886	419.134	1400	439.909
69	638.046	585	720.161	1092	778.099	1700	825.372
85	447.576	395	492.226	922	520.41	1700	567.401
73	432.634	342	460.746	830	427.151	1600	822.74
52	355.567	438	397.266	802	425.286	1300	444.904
86	501.385	361	533.8	795	526.155	1700	861.617
84	134.229	243	152.317	487	148.421	1200	346.754
53	508.086	368	597.532	892	572.975	1500	971.233
84	534.523	446	577.275	994	614.754	1600	660.042
75	314.359	465	347.666	875	345.783	1600	666.224
66	459.558	235	494.4	523	503.234	1400	443.467
81	498.874	244	582.944	581	574.866	1500	662.761
55	1023.16	566	1158.72	1156	1271.87	1600	1353.62
40	383.859	111	557.088	593	578.415	1600	642.926
70	539.611	414	587.038	884	547.611	1700	1477.32
63	937.648	579	1061.01	1065	1142.92	1500	1229.28
57	597.344	560	680.21	1002	631.948	1500	696.546
87	354.31	372	407.817	691	416.904	1400	559.59
72	303.177	405	332.151	757	350.685	1500	339.392
73	514.565	592	575.612	1102	609.322	1700	720.689
105	278.819	309	301.924	618	306.828	1700	333.751
70	524.603	440	573.665	815	597.599	1500	576.332
92	332.819	304	350.304	582	352.654	1600	324.3
61	605.249	548	676.936	1023	718.196	1500	816.324
73	318.915	161	350.183	570	294.9	1500	822.864
50	596.035	436	719.633	920	778.121	1400	840.957
106	458.524	370	548.781	808	566.382	1700	599.93
58	861.219	545	987.851	1067	1078.39	1500	1112.75
61	552.401	498	676.065	925	712.482	1500	774.839
81	372.247	497	404.791	902	417.536	1700	459.563
60	463.018	422	534.175	1058	481.986	1600	787.241
81	247.826	478	269.579	917	279.601	1600	321.569
66	486.095	285	523.543	1051	478.25	1700	523.298
72	470.112	337	504.016	833	469.393	1600	889.769
67	853.585	236	881.149	668	825.908	1500	1589.45
71	824.013	466	900.347	901	931.848	1600	1008.18
69	307.317	339	351.178	628	358.513	1200	473.963
62	309.519	367	349.873	689	366.519	1200	395.051
85	188.334	395	247.055	777	258.581	1700	306.621
75	585.439	449	636.615	809	654.295	1600	743.455
49	383.648	316	425.121	863	467.976	1400	350.686
55	660.216	682	764.304	1228	834.548	1600	885.763
65	336.076	525	366.948	974	382.304	1700	482.997
63	331.36	435	365.888	906	391.24	1400	404.056
62	245.859	478	279.692	977	301.682	1500	329.836
47	407.765	283	450.058	625	477.463	1100	363.379
79	227.063	496	248.982	957	260.39	1600	287.02
67	318.686	290	343.484	744	367.375	1500	331.269
55	251.503	240	307.455	785	332.683	1300	358.577
50	402.352	516	458.392	973	346.489	1500	477.352
104	317.278	317	362.831	673	379.112	1700	265.39
62	658.19	526	721.511	967	766.996	1600	785.791
83	248.087	235	273.019	528	278.983	1400	305.718
53	395.084	243	427.658	610	455.689	1200	429.571
66	258.293	409	292.111	762	307.573	1400	338.189
71	469.201	157	507.276	596	427.533	1500	1239.21
85	433.39	358	488.34	667	498.051	1400	591.315
69	329.188	435	384.07	825	395.649	1400	544.144
95	407.034	463	496.297	843	510.734	1600	548.448
77	374.635	369	472.177	713	490.525	1400	557.077
65	540.626	555	618.824	1046	664.753	1600	721.215
73	485.667	300	515.012	634	523.803	1500	592.247
60	387.922	454	432.504	793	456.5	1400	506.985
93	494.889	466	534.262	894	464.269	1700	899.988
80	635.167	190	622.783	617	493.938	1600	1304.39
69	209.802	256	237.933	454	244.215	1400	176.4
91	466.331	491	510.755	917	522.731	1600	582.968
77	584.69	474	625.067	864	634.585	1700	1160.8
62	396.126	495	447.964	940	487.759	1500	442.572
77	500.84	458	607.766	849	626.325	1700	884.019
54	433.658	109	505.512	607	445.578	1300	1087.3
58	312.911	269	341.418	817	312.201	1400	287.956
79	142.096	209	167.26	464	182.193	1200	201.08
59	707.757	243	848.335	1129	980.005	1700	1049.48
71	455.877	233	528.19	844	514.636	1700	1160.5
75	427.834	495	461.235	917	482.045	1700	587.504
72	467.552	549	573.359	1049	614.586	1700	675.189
77	775.515	549	935.158	1017	991.564	1600	1096.88
75	195.484	342	207.55	665	224.819	1000	203.209
71	606.733	513	658.514	928	682.737	1600	848.505
77	615.633	555	712.207	974	747.187	1600	822.905
100	326.167	272	401.573	541	411.013	1700	477.226
74	331.991	394	388.055	768	398.143	1500	507.619
55	383.113	482	438.191	910	312.065	1400	337.49
60	740.806	334	799.085	829	854.735	1500	869.448
79	397.729	535	497.159	1000	517.341	1500	563.97
62	285.56	386	341.935	725	354.123	1300	443.488
71	671.3	430	729.067	919	764.099	1700	865.603
78	471.139	258	496.038	574	491.771	1500	544.069
73	336.123	451	370.826	1014	398.524	1600	423.271
62	227.15	249	238.347	571	218.823	1200	527.558
75	226.064	405	261.572	771	275.782	1300	299.823
102	267.477	407	293.172	770	302.573	1400	346.001
61	279.903	144	354.782	566	350.788	1600	387.998
49	263.62	95	328.849	573	298.404	1300	770.051
61	350.602	406	384.038	763	398.663	1300	531.341
70	603.42	551	692.957	980	728.431	1600	782.964
85	246.998	195	266.75	568	222.161	1500	607.295
54	763.448	542	849.322	1000	837.866	1500	878.191
66	192.57	253	205.311	521	202.324	1200	431.344
55	443.876	420	486.78	787	505.203	1400	571.876
86	429.097	374	464.052	762	457.045	1500	729.006
80	557.836	552	770.482	1009	805.648	1700	862.216
65	552.288	389	605.527	876	583.186	1500	930.112
96	230.026	367	255.075	716	265.759	1500	291.139
75	625.675	168	664.211	798	445.467	1700	1080.96
107	356.504	440	460.056	810	465.863	1700	593.589
62	866.892	188	994.963	926	1094.86	1600	1193.83
93	308.522	452	357.348	854	363.139	1700	523.724
78	407.041	437	501.037	947	470.461	1600	845.115
83	326.182	145	362.99	615	322.19	1600	1024.3
110	271.51	388	287.865	726	294.82	1700	492.412
54	481.758	135	524.877	590	418.215	1400	918.379
57	203.684	154	287.498	543	295.801	1600	313.302
55	406.833	118	460.867	603	492.158	1200	531.708
78	333.856	497	411.852	935	425.2	1700	604.811
58	1011.13	592	1190.01	1143	1272.51	1600	1437.98
57	283.484	218	302.968	465	306.914	1100	341.02
57	244.409	257	253.54	525	264.05	1100	262.751
74	210.958	179	215.767	504	180.759	1500	478.731
62	272.013	414	300.442	788	276.627	1300	226.046
94	467.338	351	529.37	784	553.802	1600	604.587
81	323.243	268	371.869	757	391.549	1600	428.139
87	376.961	236	434.706	606	436.485	1700	478.154
77	338.05	422	373.496	773	385.652	1600	621.503
59	656.008	166	727.917	855	547.582	1700	1227.31
78	457.037	452	583.417	886	608.412	1700	661.738
84	191.889	414	214.451	795	232.221	1100	243.824
95	263.061	348	288.532	709	280.29	1500	215.77
82	633.837	480	679.321	852	701.419	1600	763.706
78	466.715	511	568.52	931	596.809	1700	667.707
61	341.771	326	378.859	606	388.267	1300	481.3
64	483.986	453	520.596	831	545.853	1500	619.909
102	422.154	455	464.897	832	466.27	1700	594.888
81	400.623	185	435.634	555	395.204	1700	1245.17
68	346.633	452	400.171	850	423.518	1400	477.987
83	491.208	312	521.008	597	524.385	1600	581.93
56	577.387	702	665.823	1298	648.147	1700	654.431
99	231.904	433	305.561	794	303.646	1700	320.22
61	432.244	473	471.828	888	497.864	1500	586.323
69	447.906	430	493.452	742	512.376	1400	561.113
83	388.283	458	452.16	853	474.236	1600	527.505
70	808.564	592	964.095	1109	1035.71	1700	1135.41
92	482.736	459	566.569	852	585.297	1700	713.345
69	840.131	149	945.328	697	794.743	1600	1799.69
66	327.494	170	374.842	567	298.92	1600	912.647
68	657.739	180	733.621	647	653.72	1500	1504.54
69	299.733	249	311.546	536	287.359	1300	853.492
52	419.076	110	480.869	521	426.23	1200	909.123
84	639.234	380	822.518	810	837.739	1500	892.383
61	247.109	152	267.007	532	196.402	1200	496.703
64	231.473	169	267.109	430	242.881	1500	765.543
67	767.789	622	869.47	1137	937.367	1700	993.618
55	521.565	525	570.616	970	606.584	1500	653.448
71	371.661	421	408.388	782	423.985	1600	350.896
60	415.642	140	453.655	597	366.679	1500	971.984
87	472.843	193	506.975	626	422.477	1700	1303.3
64	315.828	487	353.845	991	380.504	1500	395.535
62	365.897	587	401.388	1072	428.625	1600	465.281
76	543.348	497	703.691	929	716.39	1700	807.437
67	376.914	485	433.165	903	452.497	1500	550.107
72	692.703	318	748.011	700	759.937	1500	958.818
70	439.441	524	483.086	994	512.548	1700	557.37
90	308.347	332	363.522	827	378.138	1700	405.952
78	434.95	610	497.932	1180	527.635	1700	570.301
72	386.069	395	422.389	843	370.854	1600	346.551
82	230.521	393	245.757	745	241.714	1600	648.817
50	403.573	579	458.751	1071	485.295	1500	573.637
54	262.165	118	310.301	516	262.736	1300	687.368
62	339.425	152	344.789	492	281.544	1300	650.459
110	214.293	237	228.075	632	182.996	1600	516.503
61	260.127	346	288.237	651	284.894	1300	204.962
92	519.266	332	553.028	732	560.025	1700	716.465
71	454.839	262	571.895	713	587.071	1400	624.998
40	348.993	404	393.751	742	418.778	1100	456.035
62	367.131	576	404.946	1073	435.942	1600	438.794
89	192.873	409	229.847	778	240.08	1600	260.185
92	438.213	393	526.287	758	528.558	1600	838.997
91	205.309	203	217.427	660	151.025	1600	419.399
57	160.758	153	196.892	435	168.36	1400	504.167
80	388.735	497	427.366	902	439.296	1600	407.035
67	598.286	243	673.863	890	727.827	1600	788.353
58	230.762	455	297.626	929	315.482	1500	341.892
101	291.958	306	314.992	576	318.212	1700	354.304
98	196.195	336	230.339	706	239.688	1500	260.289
39	145.015	127	201.307	379	206.46	1000	230.723
73	434.991	402	474.079	1119	524.589	1700	560.806
103	406.135	376	499.098	736	513.58	1600	542.452
106	281.974	375	322.695	765	335.224	1700	370.934
63	587.122	540	695.608	1016	740.486	1600	801.369
71	243.715	416	298.769	793	305.872	1600	334.934
63	758.104	545	863.764	1023	923.003	1600	1005.68
88	234.548	292	253.665	729	264.632	1700	288.277
86	404.821	431	431.704	868	422.801	1700	735.687
89	311.952	265	348.94	512	348.826	1500	381.066
90	187.069	344	205.577	686	220.216	1200	189.653
71	762.734	492	831.559	898	861.362	1600	994.07
65	561.339	588	627.15	1099	617.651	1700	620.371
57	576.183	301	643.165	785	603.092	1400	1132.39
77	192.853	452	212.306	856	222.454	1600	245.566
81	489.463	438	532.29	906	562.955	1700	615.727
60	297.593	162	346.237	521	282.789	1500	850.064
51	303.095	267	334.014	555	348.08	1100	418.244
68	267.442	310	329.126	576	339.344	1200	368.117
38	330.299	91	368.015	663	388.212	1200	316.526
71	165.37	372	230.931	797	242.746	1500	259.948
60	140.445	149	165.77	422	137.355	1300	451.826
92	320.074	292	358.239	594	352.195	1600	383.847
75	199.717	313	238.582	578	246.341	1300	269.333
58	265.867	361	287.164	706	292.452	1300	427.581
73	154.702	215	170.224	413	173.083	1100	187.334
52	230.821	120	269.13	486	179.234	1200	495.614
94	173.957	332	187.197	786	197.771	1600	217.023
64	200.517	141	236.491	417	216.01	1500	631.595
56	215.425	400	282.877	755	293.051	1200	323.466
68	232.756	178	281.944	517	256.387	1600	813.056
54	274.128	314	290.77	520	295.734	1100	323.298
88	570.3	486	624.205	930	637.393	1700	732.54
56	455.117	488	503.082	849	533.788	1400	562.717
98	611.169	422	717.482	775	737.693	1700	873.27
79	671.778	385	714.94	785	733.795	1700	790.131
58	254.548	376	282.099	689	283.733	1200	254.9
74	543.372	175	564.236	583	467.762	1500	1086.58
89	437.987	529	482.14	960	503.481	1700	608.625
78	338.592	458	378.341	835	395.762	1600	437.014
51	241.608	202	261.374	416	265.818	1000	299.094
55	638.047	368	705.171	922	767.972	1400	820.354
52	543.857	502	620.508	1007	676.26	1500	721.628
58	264.558	384	316.577	739	324.576	1200	433.992
93	175.818	341	190.944	650	195.816	1400	227.456
81	434.518	385	465.314	776	465.173	1600	755.974
89	462.321	193	494.997	629	407.767	1700	1272.02
71	411.038	222	397.5	489	371.937	1300	893.551
66	355.974	174	414.292	932	448.831	1700	484.257
91	413.706	334	438.908	629	441.276	1600	559.205
71	494.556	594	562.842	1112	599.154	1700	648.205
84	277.303	244	322.953	572	321.135	1400	842.093
64	739.039	258	905.004	1050	1009.14	1600	1075.78
66	632.173	562	773.253	1080	828.9	1600	895.53
72	415.239	440	455.643	779	473.479	1500	520.416
76	585.876	224	615.343	664	522.682	1500	1187.08
90	137.071	211	158.515	454	168.098	1200	179.896
86	227.274	446	267.684	848	271.57	1500	420.268
72	348.468	323	375.67	621	382.892	1300	410.136
73	555.712	604	667.09	1133	716.231	1600	770.987
82	274.32	380	291.48	686	299.725	1600	366.878
117	192.364	364	197.89	698	194.802	1700	615.175
78	763.031	312	865.086	784	805.026	1600	1696.83
53	562.323	301	609.087	691	563.234	1200	1150.51
54	303.31	191	336.763	602	359.692	1200	396.572
64	188.947	156	212.134	560	166.003	1400	476.907
63	680.583	561	750.618	1009	799.786	1600	865.105
81	187.8	272	219.438	500	230.491	1200	221.754
62	482.053	570	542.032	1212	588.355	1700	545.993
64	153.831	304	168.139	748	175.315	1500	188.131
59	340.387	333	376.643	603	386.331	1200	347.713
43	437.778	359	495.237	746	537.541	1100	570.696
55	528.303	542	626.895	1057	676.931	1500	724.583
61	388.123	327	416.36	674	431.567	1300	469.63
57	332.969	161	342.937	511	281.017	1400	590.054
62	533.266	426	582.6	1046	635.578	1600	684.796
81	356.388	366	422.884	765	441.251	1600	481.449
66	413.407	222	422.646	530	422.635	1300	504.855
88	811.903	246	799.572	714	694.654	1700	1631.47
70	528.226	507	629.389	1017	678.588	1400	717.865
62	256.741	362	309.264	708	330.986	1300	317.718
67	311.324	231	333.858	469	331.053	1200	375.511
65	331.778	368	363.294	814	335.651	1300	547.6
83	276.988	224	330.748	523	324.425	1700	353.164
70	138.795	161	162.115	422	139.429	1100	369.682
64	656.47	529	729.687	1004	774.821	1600	844.238
60	608.978	416	662.164	1083	724.888	1600	775.758
71	271.171	593	297.972	1208	323.189	1700	346.966
73	348.561	452	390.468	844	340.289	1600	336.255
63	493.456	588	560.023	1144	589.133	1600	694.194
72	511.331	110	606.351	813	570.306	1700	1421.11
56	291.125	324	323.227	747	294.091	1200	504.282
96	227.567	306	235.768	672	218.541	1600	627.149
91	800.653	643	963.174	1148	1031.63	1700	1120.96
55	373.143	457	471.987	889	503.46	1400	547.336
73	288.469	312	315.861	579	324.6	1300	379.313
65	409.635	460	463.162	844	488.027	1400	520.219
58	365.017	299	406.376	617	409.999	1000	345.901
76	142.722	254	175.233	491	181.112	1200	197.804
107	343.641	486	390.884	948	408.435	1700	444.276
69	531.883	504	615.368	886	643.097	1500	705.931
75	164.692	396	184.089	742	186.784	1500	349.506
74	244.226	429	302.574	796	297.337	1600	675.645
84	351.188	517	390.655	976	413.523	1700	463.371
104	335.835	531	396.31	998	415.739	1700	473.933
75	458.013	161	495.446	575	418.147	1500	1248.21
70	643.064	357	804.683	852	764.629	1600	1394.16
67	410.379	173	441.145	583	310.143	1300	858.596
92	385.293	241	406.283	555	396.365	1600	519.14
65	679.011	477	795.287	877	830.143	1500	898.171
79	177.342	259	208.673	588	197.943	1400	537.221
57	312.358	149	338.152	649	357.847	1300	386.904
66	339.715	410	372.72	736	366.737	1400	319.775
87	246.19	413	275.999	761	288.209	1500	322.879
65	360.643	441	396.711	828	414.595	1400	518.34
54	313.367	239	332.348	515	336.811	1100	385.823
90	224.855	414	255.594	754	259.922	1700	306.488
68	217.105	194	225.741	423	217.785	1200	384.336
26	140.36	63	193.031	758	223.556	1100	239.578
80	375.621	248	424.988	689	446.976	1600	494.264
62	360.777	395	386.063	728	402.746	1400	463.842
91	300.945	461	330.747	868	339.141	1700	469.272
62	329.996	344	366.538	634	382.845	1300	430.183
74	216.004	489	242.234	938	254.768	1700	288.747
62	495.534	475	566.105	941	612.994	1400	650.879
66	228.144	261	267.9	509	263.959	1200	649.342
69	653.233	466	721.27	827	624.303	1500	660.936
96	171.095	380	195.882	742	202.998	1600	225.104
104	192.34	284	204.757	511	204.988	1400	238.669
87	399.866	214	407.182	506	371.102	1600	1040.3
56	440.245	355	466.229	672	484.861	1300	526.533
71	433.414	463	544.076	909	562.643	1500	719.758
102	202.201	416	255.229	776	253.05	1700	269.407
69	206.016	398	223.318	731	232.341	1400	272.083
84	216.148	351	242.445	670	252.105	1500	287.836
67	581.144	284	651.25	894	694.737	1600	758.903
55	347.369	297	381.699	537	396.383	1100	398.495
71	257.035	386	273.496	708	281.449	1400	268.6
46	509.145	122	567.52	649	382.878	1200	756.307
41	428.8	336	504.642	697	516.819	1100	707.401
78	423.837	404	457.663	708	459.48	1400	402.691
76	285.652	520	318.244	946	280.185	1600	272.391
98	375.904	420	411.137	775	423.73	1700	545.281
86	462.051	463	526.549	955	493.578	1600	920.834
68	156.173	327	181.073	611	186.862	1200	196.598
79	677.571	498	770.956	895	804.296	1700	883.832
96	243.445	362	262.013	683	265.76	1600	409.105
57	341.247	300	401.157	716	380.878	1200	684.834
77	263.602	442	316.316	1023	340.401	1700	367.774
89	206.307	270	246.189	511	260.102	1500	277.978
55	268.742	296	293.99	898	281.06	1400	254.61
79	360.743	395	478.793	723	482.94	1400	581.068
58	877.824	542	1047.65	1110	1130.46	1600	1209.27
96	319.458	383	342.133	737	354.962	1700	391.358
76	364.868	415	393.27	861	359.165	1600	623.025
53	420.508	446	462.315	843	455.848	1300	675.098
85	631.946	340	705.529	712	715.638	1600	802.476
64	366.578	450	397.932	855	424.135	1500	372.094
63	934.737	608	1105.8	1120	1172.43	1700	1301.12
70	427.523	495	510.195	915	537.259	1500	580.789
57	561.225	599	634.936	1107	681.456	1600	762.214
79	353.773	497	380.78	934	382.308	1700	719.697
77	645.336	521	712.658	949	751.415	1700	884.075
73	396.122	387	425.197	798	408.959	1500	764.293
49	300.089	395	331.951	675	350.133	1100	378.236
64	519.946	365	586.006	884	626.088	1500	663.353
116	373.052	392	393.813	723	391.216	1700	823.04
90	250.759	493	272.994	931	286.2	1700	310.646
67	524.828	337	553.611	703	513.919	1300	1246.95
59	281.586	567	311.586	1141	338.077	1700	352.594
60	431.441	228	460.627	697	409.696	1400	812.571
80	409.249	207	474.749	638	379.37	1400	875.898
89	231.344	333	282.626	827	295.377	1700	314.995
91	584.487	428	628.88	822	651.144	1700	775.058
101	325.743	425	358.487	777	367.269	1700	399.527
92	252.568	312	284.394	708	257.778	1500	629.149
112	288.384	444	314.33	814	325.708	1700	241.581
71	440.067	210	447.899	534	411.632	1400	1088.28
52	109.883	83	150.885	738	137.44	1600	331.668
63	439.949	509	495.448	970	521.069	1600	560.259
63	223.932	496	246.571	943	260.351	1500	282.356
72	168.974	194	218.166	544	189.761	1600	581.68
40	353.765	160	501.669	579	505.946	1600	427.931
62	274.427	422	300.661	777	317.059	1400	346.313
90	604.661	414	722.642	883	753.396	1700	821.463
70	775.4	596	910.917	1076	953.919	1700	1091.03
91	338.055	300	356.909	570	355.652	1500	398.212
57	375.316	192	412.2	480	381.333	1208	690.35
64	216.56	307	256.478	574	270.85	1200	288.592
55	562.844	147	622.764	753	491.267	1500	1063.25
92	294.63	358	333.23	657	341.673	1500	474.123
65	357.368	414	388.891	872	414.932	1500	408.614
71	354.46	438	400.413	799	419.909	1500	461.907
40	237.142	138	306.264	728	325.946	1400	302.763
83	428.409	405	456.422	740	470.868	1600	508.574
98	350.409	369	371.406	651	376.635	1600	439.226
83	301.927	233	325.808	447	317.908	1400	336.038
68	611.196	439	686.091	1124	755.387	1700	816.418
49	708.865	279	774.311	963	867.559	1400	930.154
69	241.75	353	259.965	710	275.111	1500	196.311
91	303.572	288	314.348	692	283.008	1700	762.306
64	448.14	554	495.395	1053	526.541	1700	586.705
83	435.971	194	493.336	610	417.084	1700	1308.38
84	369.633	514	411.068	1004	432.18	1700	456.753
72	169.625	418	183.765	798	189.043	1500	307.144
75	249.634	449	258.578	884	268.072	1600	290.22
92	362.678	405	382.333	843	370.092	1700	724.251
93	247.532	279	273.707	548	278.406	1500	247.45
67	983.892	608	1111.4	1119	1195.74	1600	1286.45
25	206.824	38	279.126	476	377.017	1300	332.218
95	322.008	378	343.263	699	352.506	1600	384.2
68	354.307	153	400.471	542	324.875	1500	856.842
68	408.525	436	446.407	1075	484.637	1600	508.926
75	192.031	351	208.827	771	223.226	1500	165.776
73	298.458	441	319.223	847	303.729	1700	692.39
66	632.469	330	676.142	953	686.931	1600	721.826
92	502.757	254	528.404	651	525.552	1700	507.024
43	411.199	353	454.931	671	481.735	1100	446.579
61	550.004	358	631.854	767	635.177	1300	891.908
55	257.236	127	292.683	535	186.564	1300	542.003
86	253.997	453	274.122	849	282.303	1700	434.836
62	328.1	425	367.195	798	335.826	1300	275.628
63	382.254	459	428.473	872	439.384	1500	588.644
78	758.387	542	892.69	962	926.984	1700	1065.05
57	556.791	395	601.652	700	609.403	1300	551.117
65	418.319	479	455.987	844	481.747	1500	508.19
102	158.89	253	174.298	672	181.995	1600	193.73
53	534.719	363	591.823	693	615.812	1200	747.765
94	522.788	498	583.772	906	612.357	1600	667.094
48	489.876	459	575.255	840	611.927	1300	668.966
72	424.157	459	467.65	852	491.07	1600	556.746
65	438.422	410	501.43	810	531.123	1400	586.282
43	301.062	99	355.084	487	305.891	1200	775.139
68	778.242	149	907.867	679	755.674	1600	1770.01
70	248.533	398	280.455	732	294.483	1400	343.992
60	210.448	306	286.654	550	297.64	1600	231.572
83	795.417	461	897.878	961	960.713	1500	1034.3
56	208.537	128	226.559	496	156.056	1100	362.803
87	387.831	264	435.417	522	437.477	1500	483.123
61	408.62	435	453.58	884	480.947	1400	510.748
78	470.715	161	508.628	604	413.205	1600	1201.12
60	356.217	155	410.698	770	452.708	1500	491.49
70	351.795	319	382.343	591	390.55	1300	430.997
77	811.465	470	915.967	994	968.33	1600	1085.4
61	662.448	270	770.535	896	742.951	1600	1362.5
77	521.624	426	568.159	962	610.933	1700	624.975
67	658.97	581	745.951	1022	784.386	1600	846.842
80	353.948	394	404.598	713	417.39	1600	477.812
73	182.953	421	212.516	786	221.717	1400	272.621
56	312.476	203	360.639	633	385.966	1200	421.117
80	569.205	189	584.677	565	475.241	1600	1312.32
108	207.43	287	221.114	542	223.565	1400	370.606
84	728.245	571	837.355	1114	873.803	1600	1028.12
61	583.361	566	654.939	1109	704.3	1700	757.862
43	245.507	354	283.883	717	307.418	1000	331.31
75	660.203	543	731.2	1017	771.974	1700	853.527
78	144.819	264	160.521	534	162.089	1400	189.066
77	272.124	567	294.107	1059	316.867	1600	332.74
69	265.231	357	302.538	709	315.574	1400	346.208
74	385.776	534	426.204	1016	454.215	1600	465.462
92	733.154	204	758.334	731	614.419	1700	1426.26
42	203.955	294	260.248	733	283.849	1100	304.314
58	160.846	258	177.877	504	183.786	1100	199.908
94	342.324	389	363.592	839	345.11	1700	847.537
78	591.923	267	620.835	579	610.025	1500	681.369
54	602.355	426	695.44	793	736.055	1200	820.518
80	642.533	259	589.936	652	511.817	1600	1293.71
83	584.669	329	614.492	705	614.02	1600	684.928
47	511.926	477	579.718	878	622.535	1300	604.52
45	207.136	295	247.048	548	257.673	1000	335.159
76	526.832	353	599.541	682	602.034	1400	648.512
48	550.482	557	608.7	1031	655.613	1500	691.626
108	342.516	308	369.713	650	379.015	1700	407.667
108	270.811	280	311.636	542	313.477	1700	335.656
54	1082.56	142	1188	732	1026.59	1500	2273.08
65	348.323	388	409.144	711	426.174	1200	499.91
79	425.705	420	463.299	883	489.246	1600	474.645
63	756.387	246	929.143	937	923.953	1700	1580.77
79	525.217	311	562.529	736	576.617	1500	620.138
82	311.433	412	335.655	870	355.591	1700	323.791
77	467.72	556	515.298	994	536.558	1700	618.204
82	215.86	263	231.816	909	250.488	1700	270.249
72	140.496	304	151.084	662	158.926	1300	174.563
82	267.009	475	290.446	900	287.459	1700	644.442
53	250.163	341	297.857	658	311.567	1200	343.606
79	299.699	469	323.916	842	298.199	1700	321.765
91	312.079	465	345.359	867	360.013	1700	396.071
83	234.572	151	259.762	481	257.931	1400	280.631
67	428.114	191	444.769	524	380.701	1600	1036.1
66	399.303	540	440.059	994	466.517	1500	511.064
71	329.775	522	360.392	958	379.371	1700	437.899
87	394.316	304	418.947	528	418.22	1400	548.134
94	551.925	275	648.493	634	640.408	1700	730.411
46	162.52	306	193.48	572	200.151	1100	325.098
57	296.474	283	321.954	662	304.704	1200	508.585
70	548.477	536	594.541	991	625.607	1700	734.878
46	265.276	284	303.827	609	322.011	1000	347.455
87	208.08	363	225.511	782	192.794	1500	471.884
54	419.438	480	472.62	842	504.383	1300	540.197
75	282.425	373	299.403	765	292.338	1500	525.578
64	305.817	431	353.41	935	379.812	1600	421.575
106	214.421	366	259.936	725	269.878	1600	296.782
101	315.64	346	336.596	632	338.303	1600	468.617
86	231.564	354	250.503	620	257.448	1400	317.047
88	191.195	353	207.583	677	212.626	1200	222.645
100	254.289	200	299.507	725	345.716	1700	372.055
64	705.505	416	798.451	893	841.221	1500	917.457
90	379.632	484	451.869	886	472.467	1700	539.835
60	464.298	593	524.183	1131	552.591	1600	529.262
89	418.578	288	442.122	590	441.276	1500	468.373
86	241.238	331	289.024	595	291.927	1300	379.972
63	446.829	282	473.392	628	490.087	1400	434.179
76	505.155	194	487.114	559	403.041	1600	999.718
86	294.341	223	312.842	509	304.482	1500	415.391
49	256.338	370	283.271	698	303.156	1100	305.057
110	368.722	322	388.42	603	385.357	1700	432.585
54	307.885	134	355.45	711	390.802	1300	426.152
69	497.411	517	557.506	931	574.117	1500	585.876
60	620.991	449	679.97	885	628.945	1500	667.828
50	596.912	450	677.205	849	729.829	1300	784.179
101	295.515	421	316.624	834	268.319	1700	727.594
67	342.822	170	418.713	513	341.619	1600	1083.28
66	792.083	579	901.801	1087	962.363	1700	1047.3
100	198.628	256	232.57	482	230.458	1500	284.925
80	345.895	543	383.925	981	393.079	1600	451.847
81	247.464	400	270.739	776	280.867	1400	328.787
68	294.37	374	377.275	839	401.209	1500	434.726
92	179.152	271	200.3	492	201.228	1400	219.549
55	515.14	578	575.682	1058	614.644	1600	673.805
96	250.581	264	275.605	545	281.995	1500	299.546
112	309.256	290	360.527	543	355.072	1700	430.448
61	241.404	313	285.613	580	297.021	1100	369.401
83	200.754	245	215.664	443	217.521	1200	198.051
67	424.02	407	457.961	796	478.811	1500	523.445
91	378.531	461	443.928	890	466.544	1700	525.132
94	312.207	401	369.479	770	384.814	1500	424.317
93	753.061	567	867.633	1017	913.516	1700	994.936
82	487.317	556	536.9	1036	569.534	1700	641.813
86	509.598	441	556.698	940	587.022	1700	643.833
43	148.089	103	173.487	399	119.442	1000	325.314
84	735.658	167	799.463	696	692.917	1700	1449.3
91	649.691	306	718.603	668	708.972	1700	820.749
62	524.778	371	567.339	836	601.722	1500	579.683
89	248.057	299	282.054	619	288.441	1400	302.817
93	253.597	315	267.411	595	274.499	1400	333.12
77	591.544	422	663.986	815	684.476	1600	776.03
72	347.282	398	380.872	738	371.99	1500	478.23
58	484.29	202	599.966	782	591.486	1500	1168.41
86	421.929	288	517.714	876	549.896	1600	585.129
62	543.731	525	617.369	987	653.994	1500	748.648
82	511.79	520	579.086	953	609.253	1700	689.773
59	775.266	647	884.007	1162	958.309	1700	914.791
57	213.575	308	236.224	585	242.179	1200	278.487
67	584.889	157	625.532	717	387.307	1600	1047.41
81	488.03	240	578.806	885	518.098	1500	1049.55
77	204.825	381	222.335	705	232.331	1400	256.434
86	348.611	293	407.026	569	408.042	1400	568.531
117	259.2	368	273.717	692	278.441	1700	485.841
79	299.72	472	327.775	918	344.029	1600	377.951
114	371.62	270	393.722	549	375.457	1700	656.509
70	480.155	228	505.131	521	497.011	1200	542.925
79	249.137	181	244.272	510	203.174	1400	577.308
63	342.261	304	365.832	661	348.599	1400	857.502
82	568.058	408	653.552	789	653.475	1500	781.721
77	500.11	252	511.426	597	493.596	1500	736.534
87	178.956	280	201.325	747	215.187	1400	233.792
55	345.216	424	381.785	823	402.782	1400	358.875
60	702.898	577	796.261	1066	851.884	1600	922.387
70	292.57	397	310.932	822	302.111	1500	271.333
103	398.194	404	429.062	776	397.058	1700	694.443
95	487.27	311	493.993	654	492.917	1700	630.696
82	314.662	423	376.09	803	385.844	1600	504.488
59	590.166	558	666.647	1047	665.076	1600	727.083
92	455.705	343	482.522	624	482.114	1600	632.517
75	530.448	461	622.157	903	660.147	1500	721.663
85	505.739	404	549.309	790	559.078	1600	607.168
63	241.379	422	265.958	800	276.939	1400	354.89
69	517.773	407	552.894	811	581.365	1500	621.459
73	442.647	422	475.9	779	493.045	1400	559.059
97	309.538	358	346.916	674	354.811	1700	401.347
69	766.288	200	849.549	731	773.255	1600	1652.59
36	239.286	98	286.541	488	311.658	1100	206.097
74	356.395	367	390.998	699	382.329	1400	316.475
80	565.613	263	594.529	627	589.753	1600	663.543
96	172.376	402	185.523	798	195.298	1500	196.645
61	310.9	215	330.547	453	332.651	1100	325.657
68	575.587	383	642.938	981	605.389	1600	928.963
101	243.093	404	255.472	759	260.308	1600	510.151
77	497.061	332	574.599	666	585.981	1500	771.886
94	234.229	332	253.161	682	259.745	1700	278.687
50	486.132	457	532.069	920	576.332	1400	588.648
81	425.288	580	530.149	1106	558.877	1700	616.61
87	249.388	398	258.76	724	268.174	1700	283.945
89	728.637	533	844.01	963	887.467	1700	966.602
60	562.171	407	648.002	1008	617.817	1700	1088.12
65	750.377	495	854.743	1032	903.226	1600	1029.68
80	235.521	418	256.403	776	261.079	1700	495.389
55	755.969	381	862.274	895	716.446	1500	1247.19
46	554.883	123	614.016	561	474.084	1300	1015.14
65	460.759	521	531.839	1102	578.351	1700	630.775
72	533.737	438	573.377	810	602.25	1564	600.125
60	166.227	354	206.58	713	199.881	1400	470.238
60	272.513	438	298.593	824	306.163	1500	439.213
74	661.445	555	789.111	1045	845.07	1600	913.482
76	228.214	384	241.757	763	242.305	1600	237.479
66	630.648	200	644.702	568	598.83	1400	1353.52
77	440.561	252	477.932	621	435.06	1400	1110.79
70	447.438	252	473.145	712	429.82	1500	876.452
76	227.387	469	239.758	857	231.5	1700	250.032
55	654.888	459	727.073	954	767.698	1500	755.849
73	276.745	244	294.147	446	291.914	1100	313.461
52	419.287	144	410.929	487	360.88	1100	677.428
80	816.241	371	929.193	783	935.94	1500	1268.91
69	153.327	277	174.564	520	180.308	1200	195.803
67	232.272	341	275.667	628	284.473	1200	309.827
59	595.157	263	742.16	798	723.885	1500	1321.04
92	199.354	387	224.505	727	232.039	1600	269.281
71	398.933	401	436.629	811	436.166	1400	367.767
69	654.314	596	859.758	1105	906.187	1700	1024.8
68	374.001	177	362.069	484	303.214	1400	779.705
93	234.858	253	261.141	504	254.894	1600	367.924
65	305.774	385	343.628	699	356.053	1200	392.074
58	664.783	517	775.736	1026	830.187	1600	890.301
62	302.235	172	324.053	510	279.827	1200	626.379
81	455.839	175	518.584	687	455.245	1700	1356.5
69	515.477	496	568.84	957	598.904	1600	712.774
63	993.638	629	1193.9	1125	1272.79	1700	1377.86
65	420.964	359	462.354	720	460.7	1300	499.914
60	358.866	139	391.76	600	246.72	1400	707.768
45	323.914	439	355.823	828	385.898	1200	376.721
74	505.214	212	611.981	512	632.255	1400	714.025
76	803.289	414	862.414	896	898.248	1700	996.491
131	343.275	348	389.978	610	389.038	1700	397.789
76	496.709	389	536.146	866	563.893	1700	612.12
78	167.826	256	182.101	651	189.33	1400	199.506
44	239.824	190	331.461	494	328.058	1500	297
81	590.535	565	654.47	997	672.202	1600	738.726
77	188.368	368	200.614	722	209.415	1600	239.623
90	515.079	235	504.065	665	421.101	1700	1123.27
65	510.005	391	564.576	950	607.901	1600	658.616
72	271.01	266	302.577	650	274.583	1400	732.606
77	379.577	204	425.538	495	388.805	1600	1055.56
41	468.941	133	544.091	679	530.588	1200	760.902
78	197.342	477	205.513	898	215.136	1700	236.107
60	528.714	315	569.988	813	605.46	1500	604.105
89	346.521	401	372.933	705	381.745	1600	447.771
48	662.061	329	744.31	817	686.833	1400	1246.89
69	813.649	152	830.664	746	651.266	1600	1381.66
58	685.137	543	770.878	1002	828.769	1500	866.501
65	443.164	430	583.519	790	601.649	1300	640.386
79	339.99	292	367.348	599	385.854	1500	262.585
59	282.266	305	303.055	661	319.359	1300	346.522
87	323.745	365	342.453	722	339.453	1500	606.903
116	188.49	338	214.471	628	218.531	1500	333.788
67	533.157	552	594.536	1025	635.61	1700	616.522
84	231.105	367	300.983	696	301.053	1700	744.541
112	223.315	375	275.41	708	282.31	1700	312.792
60	559.757	390	653.73	971	721.574	1400	773.29
91	377.069	475	411.568	861	422.197	1600	483.171
76	381.111	356	401.824	652	413.24	1400	486.794
66	522.557	512	593.489	941	625.738	1600	695.668
55	129.953	139	186.448	551	193.663	1600	211.221
109	419.639	383	446.648	778	444.94	1700	825.79
56	224.722	278	235.192	522	242.474	1200	249.878
88	447.814	484	467.861	979	415.765	1700	949.219
51	220.353	153	270.352	670	288.8	1500	317.52
49	244.477	287	273.46	550	258.221	1100	685.229
85	143.773	284	155.765	605	162.163	1400	173.467
84	393.298	292	412.922	691	369.502	1600	1123.79
76	246.424	183	263.088	589	193.148	1400	536.861
66	659.808	173	654.849	492	578.155	1400	1382.06
41	290.642	79	362.739	766	294.962	1300	550.864
69	391.087	407	442.674	725	458.244	1400	555.48
52	344.741	248	383.177	542	394.242	1100	486.4
74	274.495	290	313.961	795	334.303	1500	360.945
69	609.699	472	659.586	824	677.724	1500	790.416
55	230.26	398	251.596	761	265.451	1100	283.817
96	330.18	341	357.966	622	371.333	1600	368.321
82	423.983	602	618.786	1159	661.768	1700	711.847
56	590.242	338	647.797	865	704.275	1400	759.899
65	561.808	597	659.876	1051	695.849	1700	766.216
59	273.526	319	311.539	645	316.487	1200	422.67
96	215.358	326	230.191	593	234.769	1500	287.506
76	190.962	351	206.776	870	214.32	1700	234.302
48	543.105	143	648.077	858	729.725	1300	781.341
57	403.842	465	453.166	903	486.443	1300	520.596
57	140.181	134	170.245	458	186.222	1100	203.05
79	158.297	366	167.518	692	163.633	1500	473.884
46	403.881	441	466.133	771	489.358	1200	535.043
46	244.098	260	284.626	651	262.324	1200	580.556
76	728.045	471	803.35	851	824.473	1500	950.118
51	614.642	323	708.441	763	687.357	1300	1201.85
73	320.623	361	351.409	703	364.906	1400	339.993
61	278.62	431	326.531	872	345.271	1300	380.749
56	974.896	154	1172.71	900	1055.13	1700	2032.33
122	243.146	303	260.82	568	261.709	1600	297.127
52	453.129	504	517.249	912	559.839	1200	595.266
101	228.368	295	259.559	543	262.746	1600	285.825
83	462.196	504	523.259	893	547.401	1700	615.374
58	508.952	671	581.939	1246	620.742	1600	692.572
37	185.469	48	207.398	386	239.144	1100	260.55
56	329.241	401	359.274	762	363.417	1300	533.635
72	275.052	412	300.624	904	317.574	1400	343.07
79	579.315	642	640.52	1130	681.802	1700	741.292
74	642.966	523	727.786	955	761.192	1700	837.468
96	203.572	401	247.902	781	256.191	1700	277.495
72	206.343	332	225.864	639	227.559	1400	406.978
41	425.944	114	430.957	383	373.986	1000	821.5
69	259.69	495	288.172	919	304.694	1600	336.328
62	388.419	432	428.119	753	418.6	1400	335.984
99	348.822	483	408.02	916	428.81	1700	469.19
60	309.391	343	357.124	689	374.778	1300	409.81
86	403.288	197	388.596	549	326.938	1600	792.927
75	355.743	487	401.59	925	410.912	1700	563.472
91	337.894	431	368.359	781	381.524	1700	423.598
62	166.391	385	191.353	730	195	1300	309.027
95	216.858	319	231.184	611	231.627	1400	507.411
67	284.829	291	303.347	589	298.519	1200	518.627
107	347.116	410	373.425	770	383.514	1700	502.115
84	298.549	382	335.125	717	339.825	1500	371.411
89	452.871	495	488.178	917	510.58	1700	560.502
56	345.521	474	376.685	916	400.339	1500	412.007
51	275.248	133	318.787	457	317.929	1100	348.845
109	325.82	371	348.974	745	361.751	1700	397.321
63	782.591	523	893.172	1115	967.128	1700	1039.26
75	410.69	407	450.249	1058	464.373	1700	473.875
84	320.162	379	341.529	704	354.441	1500	416.883
85	204.878	386	222.963	726	234.842	1600	161.032
71	169.11	365	213.459	691	222.552	1300	274.07
90	467.549	278	498.586	690	452.17	1600	1307.54
68	319.101	221	377.875	596	398.978	1400	275.878
51	277.157	414	329.078	875	347.97	1400	378.943
68	310.959	447	350.33	974	378.188	1500	402.997
47	442.152	126	501.214	685	307.919	1300	569.974
63	387.614	137	420.143	623	272.944	1400	717.708
69	157.114	325	205.174	599	212.509	1200	235.819
56	446.2	393	553.701	767	576.186	1300	623.649
37	243.47	107	334.821	525	316.62	1200	478.762
57	290.345	164	303.524	407	297.196	1100	367.504
60	244.604	380	292.654	732	308.746	1200	337.71
80	450.767	176	485.335	597	398.302	1600	1344.53
54	197.991	191	215.939	631	174.417	1400	304.433
59	254.456	389	285.497	801	311.895	1100	300.595
90	268.433	347	285.187	676	293.349	1600	318.304
64	562.4	188	629.622	689	570.598	1600	1260.46
58	220.847	147	238.641	380	225.924	1200	431.58
89	298.17	562	339.924	1060	356.283	1700	388.774
87	272.537	482	312.5	896	327.312	1700	393.197
92	281.745	364	300.94	682	306.817	1600	326.313
51	511.048	130	557.353	492	522.181	1300	1107.27
78	292.937	281	318.093	692	335.32	1500	369.44
86	467.265	213	478.821	540	445.945	1500	1141.69
65	266.437	437	299.106	819	315.119	1500	373.559
82	620.134	368	657.736	735	665.85	1600	866.738
83	603.014	192	590.821	593	472.414	1600	1294.72
58	597.64	492	723.865	916	757.301	1500	846.45
71	625.528	412	686.004	841	710.176	1500	761.678
77	566.727	287	596.288	700	597.34	1600	666.902
80	197.857	166	230.357	449	224.438	1500	570.968
71	356.765	153	389.541	584	307.009	1600	956.039
80	392.153	209	394.261	591	334.295	1700	814.009
96	339.857	377	361.623	685	372.431	1700	387.191
93	542.432	399	583.122	762	580.523	1600	510.683
73	607.525	228	584.688	635	505.345	1500	1173.46
66	389.471	301	426.99	538	446.58	1200	338.877
64	543.411	153	578.386	713	467.503	1600	997.548
82	176.077	390	222.92	733	227.27	1600	266.938
68	227.438	306	249.435	725	234.362	1500	614.345
104	264.274	361	287.949	704	302.113	1600	215.709
68	506.926	157	531.463	765	358.276	1600	856.213
97	204.204	371	233.568	691	237.002	1500	474.907
73	599.319	576	677.853	1063	719.527	1700	793.769
87	289.204	344	350.846	623	359.25	1500	468.789
100	428.791	499	474.296	912	489.434	1700	512.863
66	762.747	586	852.83	1047	906.954	1700	982.697
80	222.019	199	240.312	723	253.897	1500	254.751
53	299.611	188	319.569	442	324.138	1100	351.181
102	232.261	322	255.65	594	259.792	1400	416.366
122	400.06	388	445.528	748	447.5	1700	834.301
68	255.126	145	290.64	638	288.728	1500	533.92
102	474.57	420	504.836	777	505.818	1700	864.166
87	243.628	401	294.853	738	298.938	1600	367.466
60	398.714	148	483.547	760	461.509	1500	1039.13
55	527.501	476	587.623	838	614.908	1300	661.107
71	477.138	454	513.262	849	535.22	1600	595.747
86	456.034	588	502.858	1110	520.705	1700	670.925
70	153.377	235	197.001	431	201.467	1200	349.855
67	709.252	567	796.218	1019	843.331	1600	914.349
64	293.575	165	351.259	527	287.177	1700	959.408
82	308.938	364	346.104	734	344.531	1500	579.546
66	368.617	455	415.318	829	431.182	1500	622.646
76	411.887	166	443.006	554	365.294	1500	1221
54	165.235	138	209.938	387	189.425	1200	510.937
90	877.701	445	959.19	1128	1046.63	1700	1125.46
87	447.469	301	477.141	695	489.792	1600	535.734
61	734.001	394	825.024	961	712.45	1579	1256.98
87	370.936	377	400.292	668	408.574	1400	467.18
58	921.623	444	1110.34	934	1164.14	1400	1415.1
104	526.909	468	567.625	828	573.466	1700	731.666
78	224.304	369	247.165	662	250.846	1400	269.491
84	586.53	404	627.152	825	624.247	1600	861.746
76	706.264	177	786.261	653	732.683	1700	1715.95
94	381.278	478	455.361	892	468.602	1700	689.445
67	202.204	282	218.808	554	228.061	1200	225.769
102	353.991	393	384.303	727	402.249	1700	368.079
75	209.562	380	235.548	691	240.893	1400	264.165
77	615.305	375	665.368	869	693.112	1600	745.453
101	331.48	380	357.458	796	374.352	1700	392.966
95	770.874	474	845.359	1010	896.662	1600	962.374
106	328.563	260	390.371	654	411.067	1600	426.96
43	562.964	467	639.93	804	683.227	1200	718.172
109	205.435	317	229.981	614	230.001	1500	547.846
80	546.689	460	603.555	842	627.524	1600	679.086
45	736.223	117	873.419	686	777.451	1300	1576.91
64	390.625	371	413.055	662	424.785	1300	459.597
38	186.054	354	217.58	667	230.436	1000	246.736
123	211.508	350	224.071	660	229.869	1700	245.963
77	515.898	449	595.033	1010	556.215	1600	899.351
108	274.771	360	288.719	759	276.174	1700	750.519
108	293.883	417	341.131	853	310.845	1700	649.867
80	246.125	349	268.801	663	277.553	1300	310.149
75	546.753	259	601.971	585	608.344	1500	680.621
90	167.603	420	187.868	788	191.293	1600	334.397
77	504.078	450	552.959	802	573.796	1500	702.891
56	366.171	350	414.762	817	375.866	1300	567.689
66	211.156	288	230.842	695	255.096	1400	127.944
42	215.392	293	281.263	576	286.88	1000	325.266
63	476.492	469	572.25	911	587.722	1400	715.716
84	708.801	341	743.527	679	743.021	1600	824.536
49	340.733	334	368.455	724	384.434	1300	313.378
40	177.271	385	203.83	763	220.682	1100	237.182
63	417.647	352	458.226	1072	507.995	1600	539.49
63	481.544	155	471.372	506	381.115	1300	940.004
96	253.831	288	271.972	716	284.008	1600	311.901
87	398.324	370	433.12	707	390.215	1500	596.936
116	325.365	401	396.805	756	408.485	1700	597.909
54	443.409	489	494.919	911	526.129	1400	584.013
57	1017.33	144	1213.46	848	1085.33	1600	2275.66
84	857.733	202	841.098	668	679.252	1700	1685.8
64	645.842	329	724.593	803	678.331	1400	1262.25
98	159.514	415	162.259	770	171.299	1600	149.557
87	440.606	548	521.222	1005	548.952	1700	596.894
73	604.192	585	679.585	1065	632.954	1700	651.372
67	252.559	246	271.94	721	209.233	1600	498.261
57	823.356	304	925.456	896	869.664	1600	1533.87
78	508.519	448	544.8	825	563.672	1600	668.937
79	500.092	411	543.843	733	555.808	1400	702.813
59	394.017	204	475.981	567	441.3	1200	948.041
63	670.152	243	766.236	900	713.439	1700	1581.6
54	197.544	182	239.79	492	236.026	1100	600.893
43	458.512	589	530.755	1024	544.348	1400	522.444
64	178.787	129	208.16	559	226.916	1200	245.624
49	603.085	152	656.668	645	599.611	1300	1143.26
59	780.832	621	888.661	1141	954.2	1600	1035.69
72	631.778	400	686.555	767	672.202	1600	657.573
68	691.888	554	848.959	1046	895.921	1700	971.075
82	433.558	249	466.346	591	471.898	1500	512.116
74	287.474	449	324.272	844	343.572	1300	376.607
60	325.125	332	353.174	677	372.07	1200	326.988
67	441.638	355	499.49	834	460.938	1600	1143.72
67	361.49	414	427.287	763	446.351	1300	480.474
57	594.193	587	662.258	1093	708.259	1600	791.161
68	454.003	175	515.285	676	390.539	1600	1047.22
84	254.257	398	267.445	786	258.603	1600	539.302
94	317.866	323	327.759	670	308.075	1600	941.455
82	441.967	409	475.966	920	500.246	1700	545.311
90	358.865	386	383.356	738	386.771	1500	716.441
73	392.148	470	426.044	866	449.454	1600	497.262
41	391.27	108	441.868	395	367.998	1000	934.864
74	160.862	351	196.294	658	202.921	1300	224.998
63	448.214	660	528.623	1206	573.209	1600	609.165
67	543.114	170	643.199	631	577.653	1600	1402.84
61	283.43	330	307.517	616	326.174	1300	225.595
102	444.973	469	482.818	844	492.336	1700	631.611
66	656.832	579	744.537	1049	791.897	1700	882.273
56	473.981	385	534.367	770	562.287	1300	619.316
55	426.313	275	490.889	686	519.46	1200	570.675
89	467.99	424	511.6	1033	552.483	1700	596.187
73	182.512	291	218.478	565	225.521	1300	250.963
71	723.189	445	828.232	865	864.823	1600	937.754
61	153.308	235	180.502	459	188.226	1100	202.83
139	201.658	303	228.738	607	233.918	1600	245.647
83	298.158	379	323.275	709	330.645	1400	375.418
59	371.155	239	399.871	474	411.322	1200	344.889
70	944.899	202	1078.49	810	978.035	1700	2022.79
114	285.509	328	311.832	727	319.21	1700	347.834
108	219.026	412	246.024	842	259.225	1700	286.213
55	231.606	277	258.756	585	255.021	1100	399.987
67	215.809	440	232.366	905	244.784	1500	269.623
79	425.377	335	446.691	704	464.253	1500	436.445
71	275.789	255	290.247	507	289.355	1200	259.502
59	751.614	565	852.071	1046	912.999	1500	1007.08
61	254.555	482	267.543	895	284.32	1500	305.071
76	559.035	364	616.763	731	556.798	1500	560.748
59	537.888	547	645.156	1015	695.081	1400	757.758
56	471.961	570	531.493	1093	578.653	1600	511.674
52	995.789	136	1090.13	753	960.999	1500	1905.78
95	392.25	502	454.423	911	476.123	1700	546.786
70	364.963	154	390.971	533	335.534	1400	1008.01
79	621.118	419	690.372	878	704.407	1500	761.983
52	550.593	393	604.489	780	593.088	1300	550.75
68	281.509	458	309.818	887	329.194	1400	346.565
67	564.544	341	613.744	855	576.635	1600	1101.32
70	272.697	243	291.359	504	293.865	1300	321.796
73	172.225	410	232.03	866	242.768	1700	262.865
49	291.702	172	334.108	395	328.581	1000	363.942
79	332.523	462	362.634	850	377.999	1600	450.628
49	260.679	285	281.637	551	292.218	1100	215.316
79	328.078	352	345.858	651	355.242	1400	449.926
75	352.175	526	385.115	956	408.318	1700	360.308
58	757.311	512	888.697	957	934.641	1500	1113.44
76	304.294	494	342.246	934	275.794	1700	411.853
71	152.654	157	183.584	436	155.6	1500	626.973
81	424.415	638	508.381	1200	550.223	1600	579.866
78	377.917	415	435.863	744	452.624	1400	552.066
73	314.261	377	342.59	653	351.587	1300	386.831
71	193.992	344	240.019	646	245.023	1400	281.686
84	295.863	209	329.977	570	276.617	1700	917.204
84	343.802	489	439.206	925	463.914	1700	538.744
82	567.162	199	645.331	798	485.919	1600	1076.86
66	379.039	379	425.125	912	402.626	1700	900.343
64	335.401	497	456.329	1065	508.908	1300	529.376
77	267.515	216	293.011	642	313.135	1600	266.543
67	487.268	489	543.522	898	566.399	1600	671.076
56	218.493	292	257.582	566	267.92	1100	297.605
124	253.198	440	285.09	882	295.314	1700	324.046
101	364.397	387	390.396	675	404.322	1700	355.52
82	247.873	375	257.255	715	243.722	1600	802.633
77	657.146	625	769.934	1145	823.363	1600	880.548
69	379.254	352	400.486	687	397.31	1400	642.309
59	285.044	377	312.59	724	333.095	1300	320.648
94	411.586	461	447.922	929	471.179	1700	515.023
77	147.43	361	185.186	662	190.438	1500	224.767
77	235.474	358	252.529	702	263.41	1300	282.891
107	271.849	405	314.084	798	300.884	1700	775.621
54	298.254	323	322.845	770	308.445	1400	254.049
69	203.75	269	235.833	534	226.922	1200	506.67
80	331.226	495	364.414	935	383.298	1600	448.878
59	841.63	638	961.849	1128	1039.25	1600	1127.69
71	691.089	162	747.681	665	621.252	1600	1762.27
67	159.036	406	175.252	826	186.088	1500	207.707
48	465.046	531	527.989	933	565.97	1400	610.104
98	202.769	401	226.977	773	234.205	1400	255.807
64	513.806	503	577.035	970	602.667	1600	730.165
89	281.295	373	304.502	726	311.721	1700	259.523
48	302.346	334	331.41	674	355.98	1100	305.786
78	768.977	266	709.424	697	612.102	1600	1497.38
53	214.515	326	240.773	605	253.94	1100	277.282
41	367.308	104	407.384	448	378.562	1100	828.312
76	711.696	477	781.511	1030	841.544	1600	909.108
59	537.301	432	578.848	796	603.985	1400	651.397
103	232.588	379	248.193	695	253.394	1700	298.456
70	222.572	389	254.584	713	265.505	1300	328.532
71	927.718	170	979.349	641	897.008	1600	2102.87
92	256.879	269	283.708	643	256.687	1600	764.975
84	256.007	240	294.111	622	305.81	1500	332.599
72	869.08	186	828.785	592	666.077	1500	1655.61
71	491.507	314	525.091	736	544.981	1500	589.314
105	173.284	404	223.613	807	236.462	1600	259.246
74	508.958	511	562.131	959	591.985	1600	644.747
70	734.839	157	785.218	764	638.947	1700	1356.93
68	428.653	422	469.017	824	490.038	1500	531.678
84	432.422	371	479.678	691	490.912	1500	678.391
44	233.046	341	263.628	603	279.717	1000	303.239
57	507.2	567	576.686	1110	625.98	1500	661.396
85	329.293	428	359.878	832	373.582	1700	405.004
74	255.557	297	283.623	640	296.518	1400	330.745
54	163.186	345	179.014	672	184.937	1200	200.476
103	362.346	406	391.369	827	408.564	1700	390.636
69	256.67	233	269.836	508	277.635	1300	218.776
72	605.327	182	721.258	784	553.761	1500	1116.88
81	253.886	330	269.637	679	273.054	1500	480.713
69	265.123	351	308.38	997	333.204	1600	359.869
105	324.373	413	381.214	753	392.215	1700	541.694
87	505.598	196	570.934	660	513.937	1700	1267.27
79	459.221	415	504.446	823	513.124	1500	636.946
75	334.159	427	366.81	814	321.573	1600	452.846
46	323.332	134	369.63	487	380.302	1100	426.678
72	153.5	222	160.405	500	148.59	1200	387.69
62	236.702	161	286.957	470	242.97	1500	710.062
68	884.933	547	1016.66	990	1076.07	1500	1193.93
50	213.274	243	240.994	474	245.512	1000	422.077
89	225.588	388	240.446	698	248.034	1600	274.437
92	204.068	250	219.932	468	219.154	1400	251.946
80	261.395	306	296.882	605	300.571	1400	445.961
59	502.639	421	543.554	873	580.145	1500	630.568
59	737.781	145	755.077	803	507.954	1500	1060.52
104	261.119	419	276.833	825	260.532	1700	739.025
76	494.974	168	578.484	715	513.206	1700	1377.81
55	431.865	500	475.077	930	509.908	1400	543.424
81	220.12	356	246.866	682	261.187	1500	247.66
68	651.594	638	737.836	1165	786.639	1700	870.035
45	588.304	454	680.402	836	732.149	1200	782.393
102	404.931	487	513.7	888	531.853	1700	573.745
94	453.329	449	554.126	823	574.666	1700	697.724
73	305.515	282	325.171	621	333.644	1300	360.557
61	389.705	454	430.814	885	452.38	1500	561.374
115	231.794	269	256.501	492	253.876	1600	319.456
81	653.811	216	642.882	516	591.717	1500	1551.14
48	365.279	105	471.341	1025	347.042	1700	678.552
115	265.003	311	293.842	563	290.176	1700	356.794
75	739.047	186	844.327	691	755.887	1700	1793.26
74	211.376	382	244.496	716	256.783	1300	281.203
73	302.397	444	362.094	908	384.39	1600	421.468
58	426.789	434	468.4	889	499.224	1400	539.481
77	585.767	444	642.75	987	617.965	1700	1025.37
81	405.736	393	467.451	717	485.022	1400	584.083
57	494.382	472	543.205	889	571.883	1500	626.459
76	591.776	165	672.951	654	668.815	1700	743.375
46	161.357	314	181.777	594	186.408	1100	282.92
55	220.819	273	250.333	650	261.189	1200	279.51
84	204.444	269	214.897	519	220.19	1500	401.891
45	207.942	177	226.597	559	237.589	1000	229.966
66	335.963	167	390.138	703	363.794	1500	915.818
89	517.561	470	564.697	852	579.109	1600	737.315
75	307.335	457	338.427	982	365.612	1700	312.345
59	235.554	157	284.848	445	252.282	1500	759.83
62	394.026	535	514.148	1055	555.67	1400	589.734
68	362.46	425	395.488	775	414.622	1300	472.724
66	333.293	278	383.359	610	399.982	1600	310.781
91	173.033	353	180.522	720	166.243	1500	437.537
70	520.597	269	548.396	585	546.97	1400	621.479
65	607.792	350	658.451	691	678.538	1400	817.64
64	873.093	487	949.295	912	999.626	1600	1086.58
59	191.965	332	210.071	679	221.923	1200	245.553
84	397.833	280	421.728	748	381.661	1700	866.094
63	160.889	404	177.365	750	189.236	1400	153.133
92	179.586	249	207.629	449	210.789	1200	227.068
51	408.084	153	469.085	714	452.322	1400	832.145
86	287.46	294	313.51	762	338.099	1600	335.612
80	488.765	411	526.265	855	524.457	1600	782.653
98	341.729	377	376.429	852	355.447	1700	808.121
83	333.757	514	366.701	970	388.508	1700	411.636
54	325.553	195	343.898	550	308.443	1200	657.597
114	241.777	310	261.42	685	270.754	1600	294.168
60	343.739	526	388.902	984	410.312	1400	489.322
74	346.664	297	387.171	719	352.5	1500	889.385
68	510.713	456	602.906	822	635.281	1500	695.116
92	485.856	469	574.016	836	595.704	1500	652.667
68	406.133	594	445.102	1128	474.632	1700	515.75
51	285.095	358	324.474	692	323.652	1100	492.32
66	327.251	564	373.979	1069	398.997	1600	427.722
82	251.975	306	284.929	566	286.433	1300	311.724
63	467.932	463	519.16	1011	532.484	1500	485.046
53	340.31	129	383.361	563	286.352	1300	745.34
78	224.486	378	256.375	704	267.802	1500	303.715
113	260.648	398	302.421	743	309.191	1600	331.23
87	387.745	363	442.938	670	445.819	1600	993.951
65	105.108	257	129.503	592	136.512	1200	149.26
71	229.279	234	267.51	441	280.295	1100	272.855
76	586.027	321	631.174	710	633.165	1600	704.549
97	233.056	295	250.44	708	260.524	1600	279.203
92	463.887	531	510.788	988	514.456	1700	518.29
52	277.071	370	291.274	822	315.022	1200	337.044
55	226.764	301	267.347	557	279.509	1000	329.56
90	312.541	360	331.371	648	339.358	1400	323.907
75	502.441	421	551.706	876	562.543	1500	659.503
77	337.444	433	404.176	821	415.46	1600	606.34
78	244.384	432	325.979	821	334.647	1500	378.485
93	429.491	376	454.403	746	450.71	1500	693.144
72	473.787	294	515.651	740	472.378	1500	1121.89
82	488.879	443	525.566	816	542.985	1700	599.321
54	518.043	561	586.738	1080	598.125	1500	762.47
65	383.712	155	487.063	760	507.002	1600	1096.51
59	166.444	269	193.402	849	206.461	1500	227.021
37	500.776	182	610.148	651	596.774	1100	820.628
66	167.816	356	198.573	658	193.805	1400	497.463
88	310.781	187	329.514	559	300.545	1500	708.889
68	356.537	404	386.053	744	406.651	1300	325.449
91	234.996	318	242.504	612	250.226	1500	279.165
71	411.172	458	436.321	854	451.584	1600	506.948
67	402.639	376	436.539	737	458.685	1400	503.582
80	834.566	497	892.252	912	932.52	1500	1007.32
86	353.442	387	395.126	753	407.911	1600	444.415
67	227.833	399	269.506	746	284.598	1300	332.073
64	866.867	567	1011.17	1051	1066.74	1600	1251.33
85	350.28	241	369.358	568	367.75	1500	478.496
76	469.121	522	527.009	1048	568.313	1600	591.158
67	530.596	450	600.584	960	574.423	1700	1172.51
97	479.27	502	525.379	938	542.969	1700	574.078
91	323.151	510	409.56	986	433.244	1700	478.739
67	490.213	572	608.59	1249	674.642	1700	719.713
50	374.545	118	412.648	444	372.923	1200	968.647
69	244.187	297	307.288	923	316.766	1700	342.844
107	188.927	270	223.171	609	230.97	1500	248.608
95	280.183	337	297.623	608	301.475	1600	674.076
62	389.336	377	449.477	705	475.991	1200	518.518
108	278.439	329	298.611	726	312.303	1700	345.358
86	429.529	204	464.099	626	384.564	1700	1130.09
100	268.276	329	288.192	631	292.837	1700	320.599
75	354.501	607	390.716	1249	424.8	1600	446.432
97	449.251	420	502.577	819	526.303	1600	574.795
77	476.396	203	473.694	552	406.326	1600	973.059
86	397.969	443	436.725	963	398.75	1600	755.256
69	404.969	670	456.645	1263	499.715	1600	527.451
67	187.452	162	193.845	430	166.433	1300	498.946
67	153.8	273	163.036	534	169	1300	193.347
62	912.738	179	1010.26	909	1102.09	1600	1197.19
74	814.896	542	956.17	954	1009.41	1500	1128.42
60	356.459	366	403.855	685	419.614	1300	462.344
101	190.33	376	202.544	698	206.818	1400	240.027
56	322.821	329	353.792	748	333.191	1400	759.46
59	268.84	400	304.189	712	319.9	1100	358.087
93	722.227	350	785.339	718	788.301	1700	963.369
60	969.174	615	1109.75	1109	1185.29	1600	1298.02
84	440.746	477	483.211	847	443.886	1600	406.084
59	588.115	133	635.746	604	534.608	1400	1352.23
100	322.603	423	376.928	797	384.391	1700	564.937
77	237.055	349	256.434	735	235.36	1300	520.723
68	330.377	271	408.163	674	381.201	1400	854.405
72	390.622	389	421.261	727	437.566	1500	486.162
44	354.285	220	385.645	681	414.945	1200	312.789
53	291.174	349	313.864	645	332.566	1200	313.032
61	695.65	563	830.732	996	875.494	1600	940.709
71	272.151	430	296.979	786	311.316	1400	347.086
76	199.411	388	219.362	711	228.822	1400	251.581
76	707.74	535	770.425	983	812.803	1700	891.181
81	448.033	350	483.985	679	495.169	1500	547.268
99	239.211	357	256.025	661	265.79	1600	271.102
61	171.039	136	221.766	502	201.487	1500	596.493
82	196.624	323	214.947	679	200.329	1400	458.519
68	492.692	184	531.274	779	350.174	1600	825.445
57	477.279	465	568.837	840	598.939	1400	651.223
65	552.241	240	595.908	691	540.61	1400	1146.52
85	219.042	326	238.208	616	243.107	1300	290.668
65	161.439	412	191.001	788	192.579	1400	322.523
72	859.624	470	994.968	986	1064.48	1500	1151.65
78	930.608	381	1000.03	763	1022.41	1600	1135.02
70	647.882	298	722.355	854	657.058	1700	1588.37
95	235.24	338	258.547	725	262.248	1400	283.795
71	582.354	496	642.336	897	666.184	1500	679.97
83	474.966	408	511.389	825	507.227	1600	773.992
53	335.613	375	366.057	799	310.099	1300	659.433
87	341.001	278	372.568	634	377.636	1400	410.418
66	814.516	311	926.78	914	864.629	1700	1639.21
66	263.577	258	283.893	645	295.57	1300	316.642
74	404.919	149	462.766	597	395.113	1500	891.874
90	314.264	438	343.006	806	358.677	1600	270.331
54	690.857	518	804.763	961	864.389	1400	924.773
58	197.1	490	249.868	924	267.061	1500	291.546
75	455.116	273	474.587	593	479.551	1500	495.312
57	507.412	414	555.069	764	582.349	1300	633.349
50	236.725	257	289.319	470	300.523	1000	375.235
65	412.172	607	463.807	1153	460.615	1700	526.041
81	270.347	394	292.146	736	303.851	1600	337.522
72	730.956	369	798.95	935	841.187	1600	921.77
42	419.048	454	480.754	839	513.221	1200	563.178
85	468.156	507	584.493	925	601.444	1600	641.856
86	641.87	535	708.851	976	730.152	1700	860.411
101	208.775	308	214.596	605	206.839	1500	616.245
93	420.083	409	450.353	790	467.1	1700	515.335
82	320.961	350	345.762	743	316.942	1500	692.561
62	430.819	389	459.703	721	479.024	1400	548.33
73	888.652	176	967.929	722	812.565	1700	2224.49
37	217.315	348	236.891	726	257.386	1000	266.962
62	292.145	168	345.534	422	316.671	1400	876.831
48	390.611	121	432.794	596	273.995	1200	608.296
79	534.97	498	584.301	889	612.041	1500	688.76
56	199.636	197	215.268	534	226.894	1100	246.213
91	250.913	422	264.695	827	256.594	1700	551.964
75	281.233	341	339.294	734	355.11	1500	387.681
68	199.355	215	244.378	427	251.195	1000	191.9
63	676.651	159	672.722	503	560.538	1300	1303.11
96	571.478	368	650.188	749	648.987	1600	1008.12
78	357.913	266	410.27	542	413.707	1300	524.686
64	223.66	195	259.543	458	237.135	1100	608.657
48	340.55	530	383.481	1121	368.741	1600	326.221
89	596.935	252	590.988	582	556.811	1600	1335.23
82	403.293	429	437.219	797	455.196	1600	522.413
67	518.68	503	573.853	952	577.115	1400	782.155
82	199.389	309	210.848	657	198.572	1400	547.575
79	293.109	168	313.129	473	258.991	1400	874.391
70	411.818	596	465.348	1067	495.963	1600	543.72
87	322.842	428	344.397	772	351.83	1600	435.493
101	194.146	348	239.918	694	252.809	1600	264.471
71	387.609	135	474.067	674	422.394	1500	961.52
67	332.074	410	366.414	743	383.578	1300	414.659
69	173.666	363	204.79	692	202.166	1300	427.518
44	325.44	326	357.44	677	377.689	1100	419.396
82	166.924	373	191.574	699	200.321	1400	253.716
99	265.103	308	288.564	582	292.628	1400	316.3
84	532.626	510	602.148	937	632.358	1700	739.042
86	340.985	492	381.819	974	407.074	1700	440.216
47	144.667	233	165.022	477	153.998	1000	429.203
85	518.295	490	635.281	1029	607.294	1700	1018.74
98	425.811	219	450.33	622	383.061	1700	1063.58
103	552.36	550	607.197	989	626.047	1700	691.086
69	449.728	460	490.896	865	515.557	1500	561.449
69	166.428	227	179.642	424	187.374	1100	124.357
69	254.786	404	283.734	739	297.495	1400	348.449
35	144.865	68	179.739	522	142.285	1000	288.516
48	367.708	157	444.302	605	479.527	1100	509.263
72	680.74	256	800.468	991	727.208	1500	1085.4
54	170.795	352	195.862	662	199.787	1200	315.865
74	517.212	534	618.335	991	655.04	1700	717.38
96	685.961	457	736.349	825	744.403	1700	774.53
72	592.455	163	635.334	797	422.738	1700	1011.75
78	514.328	525	571.84	976	602.12	1700	677.885
74	449.525	480	489.262	964	520.001	1700	566.398
81	569.68	423	615.756	819	617.669	1600	856.262
110	290.626	324	309.634	566	310.556	1600	336.672
75	933.134	243	893.279	721	786.47	1600	1627.29
61	501.704	511	558.862	918	589.512	1500	670.261
68	748.185	420	847.138	872	876.938	1600	1151.09
53	306.131	119	385.757	914	286.629	1700	559.521
67	267.733	314	283.293	717	281.77	1300	469.179
60	292.842	168	304.885	416	275.021	1300	714.877
80	753.297	477	834.392	992	872.562	1600	1027.41
55	321.246	620	361.004	1248	397.861	1700	396.498
79	567.969	543	665.386	947	699.977	1700	759.331
